filepath,label,predicted_text
dataset/rikutomike/he/002.wav,he,
dataset/rikutomike/chi/002.wav,chi,
dataset/haruyamike/ji/016.wav,ji,
dataset/rinry/mya/004.wav,mya,
dataset/rinry/hyo/014.wav,hyo,
dataset/haruyamike/gu/004.wav,gu,
dataset/yumike/a/010.wav,a,
dataset/yumike/myo/003.wav,myo,
dataset/rikutomike/jo/003.wav,jo,
dataset/rinry/to/010.wav,to,
dataset/yumike/a/005.wav,a,
dataset/rinry/ra/010.wav,ra,
dataset/haruyamike/ja/004.wav,ja,
dataset/yumike/ju/007.wav,ju,
dataset/yumike/he/006.wav,he,
dataset/rinry/mu/016.wav,mu,
dataset/yumike/pe/005.wav,pe,
dataset/haruyamike/wa/003.wav,wa,
dataset/yumike/me/007.wav,me,
dataset/rikutomike/yo/005.wav,yo,
dataset/collected/pc_699ec508/1786008772_864729.wav,other,
dataset/haruyamike/gu/010.wav,gu,
dataset/haruyamike/po/009.wav,po,
dataset/haruyamike/hya/005.wav,hya,
dataset/yumike/gyu/007.wav,gyu,
dataset/yumike/nu/008.wav,nu,
dataset/haruyamike/nyo/014.wav,nyo,
dataset/rikutomike/da/006.wav,da,
dataset/haruyamike/pa/010.wav,pa,
dataset/yumike/mu/004.wav,mu,
dataset/rinry/ga/011.wav,ga,
dataset/rinry/be/011.wav,be,
dataset/rinry/zo/014.wav,zo,
dataset/yumike/wa/005.wav,wa,
dataset/haruyamike/byu/008.wav,byu,
dataset/rinry/ge/006.wav,ge,
dataset/haruyamike/pe/003.wav,pe,
dataset/yumike/kyu/008.wav,kyu,
dataset/haruyamike/pi/005.wav,pi,
dataset/rinry/to/009.wav,to,
dataset/rinry/re/019.wav,re,
dataset/rinry/tsu/010.wav,tsu,
dataset/rikutomike/ro/008.wav,ro,
dataset/yumike/na/003.wav,na,
dataset/rinry/ga/001.wav,ga,
dataset/rinry/pyo/016.wav,pyo,
dataset/rinry/ja/011.wav,ja,
dataset/haruyamike/da/003.wav,da,
dataset/collected/pc_699ec508/1786416687_506351.wav,ra,
dataset/haruyamike/kyo/001.wav,kyo,
dataset/yumike/shu/003.wav,shu,
dataset/collected/pc_699ec508/1786415257_155373.wav,ya,
dataset/reon/u/005.wav,u,
dataset/yumike/kyo/002.wav,kyo,
dataset/rikutomike/he/009.wav,he,
dataset/haruyamike/mya/004.wav,mya,
dataset/rikutomike/gyu/004.wav,gyu,
dataset/rikutomike/ni/002.wav,ni,
dataset/rinry/n/011.wav,n,
dataset/rinry/pa/006.wav,pa,
dataset/rikutomike/di/002.wav,di,
dataset/rikutomike/pya/009.wav,pya,
dataset/rikutomike/ku/005.wav,ku,
dataset/rinry/gyo/002.wav,gyo,
dataset/reon/i/001.wav,i,
dataset/rinry/shi/016.wav,shi,
dataset/collected/pc_699ec508/1786416443_931933.wav,so,
dataset/rikutomike/ri/010.wav,ri,
dataset/yumike/chu/005.wav,chu,
dataset/haruyamike/rya/007.wav,rya,
dataset/rinry/gu/003.wav,gu,
dataset/haruyamike/rya/004.wav,rya,
dataset/haruyamike/jo/008.wav,jo,
dataset/rikutomike/n/007.wav,n,
dataset/rikutomike/ta/008.wav,ta,
dataset/haruyamike/re/003.wav,re,
dataset/rinry/ji/003.wav,ji,
dataset/rinry/ke/005.wav,ke,
dataset/ryu/e/006.wav,e,
dataset/rinry/zo/019.wav,zo,
dataset/rikutomike/sho/002.wav,sho,
dataset/yumike/ri/010.wav,ri,
dataset/haruyamike/bu/005.wav,bu,
dataset/haruyamike/to/010.wav,to,
dataset/rikutomike/hyu/002.wav,hyu,
dataset/rinry/nyo/009.wav,nyo,
dataset/yumike/i/008.wav,i,
dataset/rinry/bi/020.wav,bi,
dataset/yumike/gya/004.wav,gya,
dataset/yumike/so/008.wav,so,
dataset/haruyamike/pya/008.wav,pya,
dataset/rikutomike/ga/003.wav,ga,
dataset/rinry/zo/016.wav,zo,
dataset/rinry/zu/012.wav,zu,
dataset/yumike/gu/008.wav,gu,
dataset/rinry/to/008.wav,to,
dataset/mikeryu/o/005.wav,o,
dataset/rikutomike/gu/009.wav,gu,
dataset/yumike/ba/004.wav,ba,
dataset/yumike/myu/004.wav,myu,
dataset/rikutomike/e/007.wav,e,
dataset/reon/o/008.wav,o,
dataset/rikutomike/hya/005.wav,hya,
dataset/rikutomike/kyo/010.wav,kyo,
dataset/yumike/su/004.wav,su,
dataset/rinry/ku/017.wav,ku,
dataset/yumike/ki/002.wav,ki,
dataset/yumike/ba/009.wav,ba,
dataset/yumike/n/004.wav,n,
dataset/collected/pc_699ec508/1786008814_293271.wav,other,
dataset/haruyamike/za/005.wav,za,
dataset/rikutomike/ja/010.wav,ja,
dataset/rinry/ru/018.wav,ru,
dataset/haruyamike/za/004.wav,za,
dataset/haruyamike/ki/002.wav,ki,
dataset/rikutomike/ba/007.wav,ba,
dataset/yumike/o/004.wav,o,
dataset/rinry/chu/006.wav,chu,
dataset/rinry/ge/015.wav,ge,
dataset/rikutomike/sho/003.wav,sho,
dataset/rikutomike/ba/006.wav,ba,
dataset/rinry/mi/004.wav,mi,
dataset/rinry/pyu/010.wav,pyu,
dataset/collected/pc_699ec508/1786414431_01966.wav,ki,
dataset/rinry/nya/002.wav,nya,
dataset/ryu/a/008.wav,a,
dataset/rinry/de/008.wav,de,
dataset/yumike/tsu/008.wav,tsu,
dataset/collected/pc_699ec508/1786536108_842082.wav,other,
dataset/yumike/nyo/010.wav,nyo,
dataset/yumike/nya/002.wav,nya,
dataset/yumike/se/006.wav,se,
dataset/rinry/kyu/017.wav,kyu,
dataset/rinry/ja/014.wav,ja,
dataset/rikutomike/myo/003.wav,myo,
dataset/rinry/ta/012.wav,ta,
dataset/rinry/to/017.wav,to,
dataset/rikuto/e/008.wav,e,
dataset/yumike/ko/005.wav,ko,
dataset/yumike/a/001.wav,a,
dataset/yumike/ze/001.wav,ze,
dataset/collected/pc_699ec508/1786010114_00164.wav,a,
dataset/rinry/zu/010.wav,zu,
dataset/rinry/ne/009.wav,ne,
dataset/rikuto/u/005.wav,u,
dataset/rinry/se/014.wav,se,
dataset/rinry/ba/016.wav,ba,
dataset/haruyamike/de/007.wav,de,
dataset/yumike/su/008.wav,su,
dataset/rinry/kyu/019.wav,kyu,
dataset/rikutomike/i/006.wav,i,
dataset/rikutomike/a/010.wav,a,
dataset/yumike/te/004.wav,te,
dataset/yumike/pyo/005.wav,pyo,
dataset/rikutomike/nyu/006.wav,nyu,
dataset/haruyamike/di/005.wav,di,
dataset/yumike/pyo/004.wav,pyo,
dataset/rinry/yu/020.wav,yu,
dataset/haruyamike/me/010.wav,me,
dataset/rinry/ma/001.wav,ma,
dataset/rinry/he/013.wav,he,
dataset/rinry/gyo/019.wav,gyo,
dataset/haruyamike/re/005.wav,re,
dataset/rinry/o/015.wav,o,
dataset/haruyamike/byu/005.wav,byu,
dataset/rinry/mu/019.wav,mu,
dataset/rikutomike/me/008.wav,me,
dataset/rikutomike/wo/001.wav,wo,
dataset/haruyamike/bya/007.wav,bya,
dataset/rinry/cho/010.wav,cho,
dataset/rikutomike/za/005.wav,za,
dataset/rikutomike/yu/009.wav,yu,
dataset/collected/pc_699ec508/1786767604_908738.wav,other,
dataset/rikutomike/byu/002.wav,byu,
dataset/yumike/gyo/007.wav,gyo,
dataset/rinry/te/017.wav,te,
dataset/rinry/ka/011.wav,ka,
dataset/rinry/ne/005.wav,ne,
dataset/yumike/e/006.wav,e,
dataset/mikeryu/i/005.wav,i,
dataset/collected/pc_699ec508/1786415163_812299.wav,chi,
dataset/haruyamike/su/010.wav,su,
dataset/rikutomike/n/001.wav,n,
dataset/rinry/pi/018.wav,pi,
dataset/haruyamike/sho/009.wav,sho,
dataset/haruyamike/wa/008.wav,wa,
dataset/rinry/hi/018.wav,hi,
dataset/rinry/ho/014.wav,ho,
dataset/yumike/gu/010.wav,gu,
dataset/haruyamike/cho/005.wav,cho,
dataset/rinry/ho/019.wav,ho,
dataset/mikeryu/a/004.wav,a,
dataset/mikeryu/o/004.wav,o,
dataset/haruyamike/ne/004.wav,ne,
dataset/rikutomike/o/007.wav,o,
dataset/rinry/hyo/018.wav,hyo,
dataset/haruyamike/bya/004.wav,bya,
dataset/rinry/ki/009.wav,ki,
dataset/yumike/hi/005.wav,hi,
dataset/rinry/jo/002.wav,jo,
dataset/haruyamike/ni/005.wav,ni,
dataset/rinry/ja/002.wav,ja,
dataset/reon/e/008.wav,e,
dataset/haruyamike/du/010.wav,du,
dataset/haruyamike/me/005.wav,me,
dataset/rinry/ke/015.wav,ke,
dataset/rikutomike/kyo/004.wav,kyo,
dataset/rikutomike/yo/008.wav,yo,
dataset/rikutomike/ba/010.wav,ba,
dataset/rinry/pa/016.wav,pa,
dataset/yumike/wo/009.wav,wo,
dataset/rinry/bo/002.wav,bo,
dataset/rikutomike/ro/010.wav,ro,
dataset/rinry/be/012.wav,be,
dataset/collected/pc_699ec508/1785911003_875322.wav,i,
dataset/rikutomike/byo/009.wav,byo,
dataset/rinry/ja/008.wav,ja,
dataset/rinry/a/011.wav,a,
dataset/rinry/rya/007.wav,rya,
dataset/yumike/yu/009.wav,yu,
dataset/rinry/ko/017.wav,ko,
dataset/haruyamike/pyo/010.wav,pyo,
dataset/rinry/su/014.wav,su,
dataset/yumike/de/008.wav,de,
dataset/mikeryu/a/005.wav,a,
dataset/yumike/gyo/010.wav,gyo,
dataset/yumike/pi/007.wav,pi,
dataset/rinry/o/006.wav,o,
dataset/rikutomike/cha/010.wav,cha,
dataset/yumike/mya/002.wav,mya,
dataset/haruyamike/bya/006.wav,bya,
dataset/haruyamike/ryo/009.wav,ryo,
dataset/rikutomike/shu/008.wav,shu,
dataset/yumike/me/003.wav,me,
dataset/rinry/me/020.wav,me,
dataset/collected/pc_699ec508/1786019008_389513.wav,na,
dataset/collected/pc_b34a3877/1786550209_393069.wav,kya,
dataset/rinry/kyu/010.wav,kyu,
dataset/rinry/ji/018.wav,ji,
dataset/collected/pc_e1f2c4f8/1786450143_761054.wav,a,
dataset/yumike/pa/005.wav,pa,
dataset/haruyamike/ge/002.wav,ge,
dataset/rinry/hya/018.wav,hya,
dataset/rikutomike/pyu/005.wav,pyu,
dataset/reon/o/005.wav,o,
dataset/haruyamike/ro/007.wav,ro,
dataset/collected/pc_699ec508/1786019412_599305.wav,to,
dataset/rikutomike/tsu/002.wav,tsu,
dataset/rinry/myu/012.wav,myu,
dataset/haruyamike/pe/010.wav,pe,
dataset/rikutomike/i/004.wav,i,
dataset/yumike/ja/001.wav,ja,
dataset/rinry/ku/007.wav,ku,
dataset/rinry/nyu/008.wav,nyu,
dataset/rinry/ra/008.wav,ra,
dataset/rikutomike/myu/004.wav,myu,
dataset/rikutomike/re/001.wav,re,
dataset/rinry/sha/020.wav,sha,
dataset/rinry/ri/005.wav,ri,
dataset/rinry/cha/018.wav,cha,
dataset/yumike/ryu/002.wav,ryu,
dataset/rinry/hyo/010.wav,hyo,
dataset/rinry/shu/001.wav,shu,
dataset/mikeryu/o/010.wav,o,
dataset/yumike/ne/003.wav,ne,
dataset/haruyamike/hi/004.wav,hi,
dataset/yumike/go/004.wav,go,
dataset/yumike/rya/005.wav,rya,
dataset/rinry/gu/001.wav,gu,
dataset/yumike/a/006.wav,a,
dataset/mikeryu/u/006.wav,u,
dataset/rinry/re/014.wav,re,
dataset/rinry/gu/013.wav,gu,
dataset/haruyamike/ma/004.wav,ma,
dataset/rikutomike/gu/010.wav,gu,
dataset/rikutomike/u/010.wav,u,
dataset/yumike/byu/003.wav,byu,
dataset/rikutomike/he/010.wav,he,
dataset/rikutomike/ro/004.wav,ro,
dataset/haruyamike/byo/002.wav,byo,
dataset/rinry/me/018.wav,me,
dataset/yumike/pyu/010.wav,pyu,
dataset/rinry/gu/012.wav,gu,
dataset/rinry/mi/011.wav,mi,
dataset/rinry/ko/001.wav,ko,
dataset/rinry/hyu/019.wav,hyu,
dataset/haruyamike/sa/004.wav,sa,
dataset/rikutomike/ru/001.wav,ru,
dataset/haruyamike/te/003.wav,te,
dataset/haruyamike/nyo/010.wav,nyo,
dataset/rinry/ba/012.wav,ba,
dataset/collected/pc_699ec508/1786536063_845126.wav,other,
dataset/haruyamike/rya/010.wav,rya,
dataset/yumike/na/010.wav,na,
dataset/rinry/ya/014.wav,ya,
dataset/yumike/he/007.wav,he,
dataset/haruyamike/jo/004.wav,jo,
dataset/haruyamike/mo/008.wav,mo,
dataset/haruyamike/to/006.wav,to,
dataset/rikutomike/byo/007.wav,byo,
dataset/rinry/kyo/005.wav,kyo,
dataset/yumike/nyo/006.wav,nyo,
dataset/yumike/byu/010.wav,byu,
dataset/rinry/zu/006.wav,zu,
dataset/rinry/yu/003.wav,yu,
dataset/yumike/pu/006.wav,pu,
dataset/rikutomike/ryu/008.wav,ryu,
dataset/collected/pc_699ec508/1786416453_306496.wav,ra,
dataset/rinry/ru/008.wav,ru,
dataset/yumike/zo/007.wav,zo,
dataset/rinry/pyu/001.wav,pyu,
dataset/haruyamike/pyo/009.wav,pyo,
dataset/rikutomike/hyu/008.wav,hyu,
dataset/haruyamike/pu/007.wav,pu,
dataset/rinry/na/003.wav,na,
dataset/haruyamike/bya/002.wav,bya,
dataset/yumike/sha/004.wav,sha,
dataset/rinry/di/010.wav,di,
dataset/rinry/byo/002.wav,byo,
dataset/haruyamike/so/009.wav,so,
dataset/yumike/ke/001.wav,ke,
dataset/yumike/yu/004.wav,yu,
dataset/haruyamike/he/006.wav,he,
dataset/reon/o/010.wav,o,
dataset/yumike/shi/001.wav,shi,
dataset/rinry/wa/008.wav,wa,
dataset/rinry/gi/020.wav,gi,
dataset/haruyamike/shu/010.wav,shu,
dataset/yumike/hi/002.wav,hi,
dataset/collected/pc_e1f2c4f8/1786672255_011638.wav,e,
dataset/rinry/re/001.wav,re,
dataset/rinry/ro/012.wav,ro,
dataset/rikutomike/hi/001.wav,hi,
dataset/yumike/ko/001.wav,ko,
dataset/haruyamike/n/001.wav,n,
dataset/rinry/ka/020.wav,ka,
dataset/rinry/kya/017.wav,kya,
dataset/rikutomike/ja/008.wav,ja,
dataset/rikutomike/gyo/007.wav,gyo,
dataset/yumike/ne/004.wav,ne,
dataset/yumike/nyo/004.wav,nyo,
dataset/rinry/wo/011.wav,wo,
dataset/collected/pc_699ec508/1786008806_958988.wav,a,
dataset/collected/pc_b34a3877/1786592188_685347.wav,ro,
dataset/yumike/te/009.wav,te,
dataset/collected/pc_699ec508/1786415217_586281.wav,mi,
dataset/rikutomike/po/004.wav,po,
dataset/rinry/ru/010.wav,ru,
dataset/rinry/su/007.wav,su,
dataset/yumike/no/005.wav,no,
dataset/yumike/chi/010.wav,chi,
dataset/rinry/nyu/019.wav,nyu,
dataset/yumike/hyu/008.wav,hyu,
dataset/yumike/pi/012.wav,pi,
dataset/rinry/ta/010.wav,ta,
dataset/rinry/ji/013.wav,ji,
dataset/mikeryu/u/003.wav,u,
dataset/rikutomike/kyu/002.wav,kyu,
dataset/yumike/yo/006.wav,yo,
dataset/rikutomike/po/002.wav,po,
dataset/haruyamike/mya/011.wav,mya,
dataset/yumike/do/006.wav,do,
dataset/yumike/pyu/008.wav,pyu,
dataset/haruyamike/mu/010.wav,mu,
dataset/rinry/rya/006.wav,rya,
dataset/yumike/ne/009.wav,ne,
dataset/rikutomike/po/003.wav,po,
dataset/rinry/po/018.wav,po,
dataset/yumike/po/008.wav,po,
dataset/haruyamike/re/010.wav,re,
dataset/yumike/e/001.wav,e,
dataset/ryu/u/004.wav,u,
dataset/rikutomike/mo/007.wav,mo,
dataset/rinry/pya/008.wav,pya,
dataset/yumike/ne/010.wav,ne,
dataset/rikutomike/da/009.wav,da,
dataset/rinry/bi/014.wav,bi,
dataset/rinry/bu/005.wav,bu,
dataset/rikutomike/tsu/009.wav,tsu,
dataset/rinry/kyo/019.wav,kyo,
dataset/rinry/na/017.wav,na,
dataset/rikutomike/a/007.wav,a,
dataset/haruyamike/jo/003.wav,jo,
dataset/rinry/ho/008.wav,ho,
dataset/rikutomike/i/005.wav,i,
dataset/rinry/myo/020.wav,myo,
dataset/rinry/po/011.wav,po,
dataset/haruyamike/mi/006.wav,mi,
dataset/rinry/na/004.wav,na,
dataset/haruyamike/mya/009.wav,mya,
dataset/rinry/se/015.wav,se,
dataset/haruyamike/byo/006.wav,byo,
dataset/ryu/i/010.wav,i,
dataset/rinry/ri/018.wav,ri,
dataset/yumike/yu/007.wav,yu,
dataset/haruyamike/u/009.wav,u,
dataset/rinry/ze/016.wav,ze,
dataset/haruyamike/nu/003.wav,nu,
dataset/rinry/bu/014.wav,bu,
dataset/rikutomike/po/010.wav,po,
dataset/ryu/i/001.wav,i,
dataset/yumike/shu/006.wav,shu,
dataset/rinry/ho/002.wav,ho,
dataset/rinry/gi/019.wav,gi,
dataset/mikeryu/u/002.wav,u,
dataset/yumike/pyo/009.wav,pyo,
dataset/rikutomike/n/004.wav,n,
dataset/rikutomike/gya/010.wav,gya,
dataset/rikutomike/kyo/003.wav,kyo,
dataset/rikutomike/re/004.wav,re,
dataset/yu-ota/a/011.wav,a,
dataset/collected/pc_e1f2c4f8/1786672314_822907.wav,to,
dataset/yumike/pu/004.wav,pu,
dataset/rikutomike/e/009.wav,e,
dataset/haruyamike/byo/001.wav,byo,
dataset/rikutomike/de/001.wav,de,
dataset/rikutomike/me/006.wav,me,
dataset/rinry/wa/012.wav,wa,
dataset/haruyamike/to/008.wav,to,
dataset/yumike/nya/004.wav,nya,
dataset/rinry/n/018.wav,n,
dataset/haruyamike/chu/003.wav,chu,
dataset/rinry/gi/018.wav,gi,
dataset/haruyamike/ge/012.wav,ge,
dataset/yumike/ta/007.wav,ta,
dataset/rinry/ru/017.wav,ru,
dataset/haruyamike/gya/009.wav,gya,
dataset/rinry/ru/019.wav,ru,
dataset/rinry/ta/020.wav,ta,
dataset/yumike/shi/003.wav,shi,
dataset/yumike/e/005.wav,e,
dataset/rikutomike/fu/009.wav,fu,
dataset/collected/pc_699ec508/1786535943_032809.wav,cho,
dataset/rinry/gyo/016.wav,gyo,
dataset/rinry/pu/010.wav,pu,
dataset/haruyamike/da/001.wav,da,
dataset/haruyamike/ba/004.wav,ba,
dataset/haruyamike/pi/006.wav,pi,
dataset/rinry/jo/014.wav,jo,
dataset/rinry/bya/016.wav,bya,
dataset/rikutomike/a/006.wav,a,
dataset/yumike/me/010.wav,me,
dataset/yumike/ka/005.wav,ka,
dataset/mikeryu/o/006.wav,o,
dataset/rinry/shu/003.wav,shu,
dataset/rinry/yo/013.wav,yo,
dataset/yumike/bi/001.wav,bi,
dataset/rinry/yu/011.wav,yu,
dataset/rikutomike/jo/002.wav,jo,
dataset/rikutomike/do/004.wav,do,
dataset/rikutomike/cho/007.wav,cho,
dataset/collected/pc_699ec508/1786770984_610758.wav,wa,
dataset/rinry/byo/005.wav,byo,
dataset/yumike/nyo/002.wav,nyo,
dataset/yumike/ryo/005.wav,ryo,
dataset/rinry/u/012.wav,u,
dataset/rikutomike/ro/006.wav,ro,
dataset/rinry/zu/013.wav,zu,
dataset/rinry/mya/018.wav,mya,
dataset/rikutomike/cha/005.wav,cha,
dataset/haruyamike/so/006.wav,so,
dataset/rikutomike/ryo/001.wav,ryo,
dataset/rinry/a/015.wav,a,
dataset/rinry/chi/016.wav,chi,
dataset/rinry/pa/017.wav,pa,
dataset/rikutomike/mya/006.wav,mya,
dataset/yumike/ju/006.wav,ju,
dataset/rikutomike/tsu/006.wav,tsu,
dataset/collected/pc_699ec508/1786415408_167542.wav,ryu,
dataset/rinry/bu/007.wav,bu,
dataset/rinry/se/008.wav,se,
dataset/rikutomike/chu/005.wav,chu,
dataset/rinry/ho/020.wav,ho,
dataset/rikutomike/da/002.wav,da,
dataset/rinry/he/018.wav,he,
dataset/yumike/mo/005.wav,mo,
dataset/collected/pc_699ec508/1786535850_814489.wav,bi,
dataset/rikutomike/gu/001.wav,gu,
dataset/rikutomike/be/007.wav,be,
dataset/rinry/sa/011.wav,sa,
dataset/rinry/ge/016.wav,ge,
dataset/yumike/chi/005.wav,chi,
dataset/rinry/byo/020.wav,byo,
dataset/rinry/na/019.wav,na,
dataset/yumike/cho/005.wav,cho,
dataset/rinry/a/008.wav,a,
dataset/haruyamike/sa/005.wav,sa,
dataset/rinry/be/014.wav,be,
dataset/yumike/ka/001.wav,ka,
dataset/collected/pc_699ec508/1786414417_667321.wav,ka,
dataset/rinry/ryu/015.wav,ryu,
dataset/rinry/pya/002.wav,pya,
dataset/haruyamike/pyu/010.wav,pyu,
dataset/rinry/su/008.wav,su,
dataset/rinry/ryu/006.wav,ryu,
dataset/haruyamike/gyo/008.wav,gyo,
dataset/rinry/yo/014.wav,yo,
dataset/collected/pc_699ec508/1786770490_445773.wav,n,
dataset/rinry/fu/012.wav,fu,
dataset/haruyamike/ni/006.wav,ni,
dataset/rikutomike/he/001.wav,he,
dataset/rinry/pu/011.wav,pu,
dataset/rikutomike/na/003.wav,na,
dataset/haruyamike/re/001.wav,re,
dataset/haruyamike/na/005.wav,na,
dataset/rinry/ne/001.wav,ne,
dataset/rinry/myu/004.wav,myu,
dataset/rinry/wo/007.wav,wo,
dataset/yumike/ki/009.wav,ki,
dataset/rinry/du/001.wav,du,
dataset/rikutomike/cha/008.wav,cha,
dataset/haruyamike/nyu/006.wav,nyu,
dataset/rinry/ho/005.wav,ho,
dataset/rinry/bya/006.wav,bya,
dataset/haruyamike/kyo/002.wav,kyo,
dataset/rikutomike/ja/006.wav,ja,
dataset/yumike/u/004.wav,u,
dataset/yumike/yo/004.wav,yo,
dataset/rinry/ge/007.wav,ge,
dataset/collected/pc_699ec508/1785849101_898305.wav,other,
dataset/yumike/ru/003.wav,ru,
dataset/rinry/rya/015.wav,rya,
dataset/rinry/chu/004.wav,chu,
dataset/yumike/he/004.wav,he,
dataset/rinry/he/007.wav,he,
dataset/rinry/ni/009.wav,ni,
dataset/rinry/pe/003.wav,pe,
dataset/haruyamike/mu/001.wav,mu,
dataset/rinry/ja/020.wav,ja,
dataset/rinry/ma/011.wav,ma,
dataset/rikutomike/mi/003.wav,mi,
dataset/yumike/mya/001.wav,mya,
dataset/rinry/chi/019.wav,chi,
dataset/haruyamike/hyu/005.wav,hyu,
dataset/rinry/su/011.wav,su,
dataset/yumike/ni/009.wav,ni,
dataset/haruyamike/ri/003.wav,ri,
dataset/rinry/ta/006.wav,ta,
dataset/yu-ota/i/008.wav,i,
dataset/haruyamike/fu/001.wav,fu,
dataset/rikutomike/ga/006.wav,ga,
dataset/rinry/ji/015.wav,ji,
dataset/yumike/pu/003.wav,pu,
dataset/yumike/pyu/001.wav,pyu,
dataset/haruyamike/sho/003.wav,sho,
dataset/rikutomike/ki/008.wav,ki,
dataset/rikutomike/rya/004.wav,rya,
dataset/rikutomike/pi/007.wav,pi,
dataset/rinry/gi/005.wav,gi,
dataset/yumike/pya/009.wav,pya,
dataset/rikutomike/ga/009.wav,ga,
dataset/rinry/shi/009.wav,shi,
dataset/rinry/ku/006.wav,ku,
dataset/yumike/ge/009.wav,ge,
dataset/rinry/be/020.wav,be,
dataset/haruyamike/go/007.wav,go,
dataset/haruyamike/go/006.wav,go,
dataset/yumike/pyu/006.wav,pyu,
dataset/rinry/pe/008.wav,pe,
dataset/yumike/ne/007.wav,ne,
dataset/haruyamike/ko/010.wav,ko,
dataset/collected/pc_699ec508/1786770941_489068.wav,other,
dataset/rinry/ka/003.wav,ka,
dataset/rikutomike/shu/010.wav,shu,
dataset/rinry/de/017.wav,de,
dataset/yumike/pya/005.wav,pya,
dataset/rinry/zo/005.wav,zo,
dataset/yumike/ku/009.wav,ku,
dataset/haruyamike/gyu/006.wav,gyu,
dataset/rinry/shi/012.wav,shi,
dataset/collected/pc_699ec508/1786535717_217285.wav,ri,
dataset/rikutomike/be/008.wav,be,
dataset/rinry/ba/015.wav,ba,
dataset/haruyamike/ra/006.wav,ra,
dataset/mikeryu/i/008.wav,i,
dataset/haruyamike/tsu/009.wav,tsu,
dataset/haruyamike/tsu/001.wav,tsu,
dataset/rinry/he/010.wav,he,
dataset/rinry/shu/016.wav,shu,
dataset/rinry/u/007.wav,u,
dataset/yumike/cha/010.wav,cha,
dataset/collected/pc_2c13a316/1786975786_6344.wav,a,
dataset/yumike/za/004.wav,za,
dataset/rinry/chu/010.wav,chu,
dataset/rinry/byo/019.wav,byo,
dataset/yumike/pu/001.wav,pu,
dataset/yumike/kyo/009.wav,kyo,
dataset/rinry/ne/020.wav,ne,
dataset/haruyamike/pya/006.wav,pya,
dataset/rinry/chi/012.wav,chi,
dataset/mikeryu/u/007.wav,u,
dataset/rinry/wa/020.wav,wa,
dataset/haruyamike/ryo/010.wav,ryo,
dataset/rinry/mi/008.wav,mi,
dataset/rinry/a/017.wav,a,
dataset/rinry/do/014.wav,do,
dataset/haruyamike/ba/003.wav,ba,
dataset/rinry/gya/020.wav,gya,
dataset/rikutomike/pe/010.wav,pe,
dataset/yumike/de/007.wav,de,
dataset/collected/pc_699ec508/1786767622_280193.wav,nyo,
dataset/rikutomike/myu/008.wav,myu,
dataset/rinry/se/012.wav,se,
dataset/yumike/gya/009.wav,gya,
dataset/haruyamike/de/002.wav,de,
dataset/yumike/do/001.wav,do,
dataset/rinry/he/005.wav,he,
dataset/rikutomike/tsu/004.wav,tsu,
dataset/yumike/da/004.wav,da,
dataset/rikutomike/di/003.wav,di,
dataset/rikutomike/shi/001.wav,shi,
dataset/yumike/de/002.wav,de,
dataset/rinry/gyu/016.wav,gyu,
dataset/yumike/ru/004.wav,ru,
dataset/rinry/n/016.wav,n,
dataset/yumike/pyu/007.wav,pyu,
dataset/rikutomike/yo/002.wav,yo,
dataset/rinry/ja/007.wav,ja,
dataset/rinry/n/019.wav,n,
dataset/collected/pc_699ec508/1786535988_954851.wav,ryo,
dataset/yumike/gi/008.wav,gi,
dataset/rinry/hyu/020.wav,hyu,
dataset/haruyamike/bu/006.wav,bu,
dataset/rikutomike/ra/006.wav,ra,
dataset/yumike/ke/008.wav,ke,
dataset/haruyamike/mo/005.wav,mo,
dataset/haruyamike/ryo/005.wav,ryo,
dataset/rinry/ne/012.wav,ne,
dataset/yumike/ja/009.wav,ja,
dataset/rinry/ga/009.wav,ga,
dataset/haruyamike/pa/005.wav,pa,
dataset/yumike/ho/002.wav,ho,
dataset/haruyamike/bya/008.wav,bya,
dataset/rinry/yo/020.wav,yo,
dataset/yumike/n/007.wav,n,
dataset/rinry/na/016.wav,na,
dataset/rikutomike/shu/001.wav,shu,
dataset/rikutomike/ze/002.wav,ze,
dataset/collected/pc_699ec508/1786416696_299578.wav,ru,
dataset/rikutomike/ki/003.wav,ki,
dataset/rikutomike/za/004.wav,za,
dataset/rinry/ba/007.wav,ba,
dataset/rinry/rya/011.wav,rya,
dataset/haruyamike/mo/007.wav,mo,
dataset/rikutomike/ji/008.wav,ji,
dataset/yumike/ta/002.wav,ta,
dataset/haruyamike/ku/005.wav,ku,
dataset/yu-ota/i/010.wav,i,
dataset/rikutomike/nyo/010.wav,nyo,
dataset/haruyamike/na/004.wav,na,
dataset/yumike/u/007.wav,u,
dataset/yumike/rya/003.wav,rya,
dataset/yumike/no/004.wav,no,
dataset/yumike/wo/001.wav,wo,
dataset/yumike/sha/008.wav,sha,
dataset/collected/pc_699ec508/1786536014_829403.wav,gyu,
dataset/yumike/kyu/001.wav,kyu,
dataset/yumike/nyu/007.wav,nyu,
dataset/yumike/ke/010.wav,ke,
dataset/rinry/su/016.wav,su,
dataset/rikutomike/ju/007.wav,ju,
dataset/collected/pc_699ec508/1785827839_051649.wav,a,
dataset/rinry/sha/011.wav,sha,
dataset/rinry/me/005.wav,me,
dataset/rinry/di/013.wav,di,
dataset/yu-ota/u/004.wav,u,
dataset/rinry/sha/004.wav,sha,
dataset/haruyamike/chu/010.wav,chu,
dataset/ryu/e/004.wav,e,
dataset/rikutomike/ka/009.wav,ka,
dataset/rikutomike/chu/007.wav,chu,
dataset/yumike/ki/003.wav,ki,
dataset/haruyamike/i/008.wav,i,
dataset/yumike/n/010.wav,n,
dataset/rinry/ryo/003.wav,ryo,
dataset/yumike/hi/010.wav,hi,
dataset/yumike/ko/009.wav,ko,
dataset/rinry/kyo/008.wav,kyo,
dataset/rinry/du/020.wav,du,
dataset/yumike/n/001.wav,n,
dataset/collected/pc_699ec508/1786415269_194158.wav,ra,
dataset/rikutomike/zo/005.wav,zo,
dataset/rinry/chu/005.wav,chu,
dataset/haruyamike/bi/008.wav,bi,
dataset/haruyamike/ke/006.wav,ke,
dataset/yumike/o/006.wav,o,
dataset/haruyamike/pya/007.wav,pya,
dataset/collected/pc_699ec508/1786415205_086137.wav,fu,
dataset/rinry/gyo/013.wav,gyo,
dataset/rinry/ryu/007.wav,ryu,
dataset/yumike/pya/001.wav,pya,
dataset/rinry/nu/017.wav,nu,
dataset/ryu/a/007.wav,a,
dataset/rinry/wo/013.wav,wo,
dataset/haruyamike/nu/002.wav,nu,
dataset/rinry/na/011.wav,na,
dataset/yumike/cho/002.wav,cho,
dataset/haruyamike/ga/005.wav,ga,
dataset/mikeryu/e/010.wav,e,
dataset/rinry/ho/004.wav,ho,
dataset/haruyamike/cho/009.wav,cho,
dataset/rinry/po/007.wav,po,
dataset/rinry/chu/019.wav,chu,
dataset/rikutomike/ka/007.wav,ka,
dataset/haruyamike/kyo/003.wav,kyo,
dataset/haruyamike/nya/001.wav,nya,
dataset/collected/pc_699ec508/1786415199_509069.wav,ha,
dataset/rikutomike/ju/008.wav,ju,
dataset/rinry/so/001.wav,so,
dataset/rinry/po/005.wav,po,
dataset/rinry/pa/020.wav,pa,
dataset/rinry/ho/018.wav,ho,
dataset/rinry/to/002.wav,to,
dataset/rinry/sha/009.wav,sha,
dataset/rinry/mu/002.wav,mu,
dataset/rinry/ko/004.wav,ko,
dataset/rinry/gu/020.wav,gu,
dataset/collected/pc_699ec508/1786019110_605718.wav,se,
dataset/reon/a/002.wav,a,
dataset/rinry/n/002.wav,n,
dataset/rinry/de/012.wav,de,
dataset/yumike/a/009.wav,a,
dataset/yumike/myo/010.wav,myo,
dataset/haruyamike/hyo/006.wav,hyo,
dataset/rinry/kya/013.wav,kya,
dataset/rikutomike/ki/006.wav,ki,
dataset/rinry/ke/010.wav,ke,
dataset/rinry/mo/009.wav,mo,
dataset/yumike/mi/003.wav,mi,
dataset/haruyamike/ju/008.wav,ju,
dataset/rikutomike/cha/001.wav,cha,
dataset/haruyamike/mi/001.wav,mi,
dataset/haruyamike/pyu/008.wav,pyu,
dataset/haruyamike/ha/005.wav,ha,
dataset/collected/pc_699ec508/1786415253_39341.wav,mo,
dataset/rikutomike/ze/009.wav,ze,
dataset/rinry/yo/019.wav,yo,
dataset/yumike/e/004.wav,e,
dataset/haruyamike/myo/003.wav,myo,
dataset/collected/pc_699ec508/1786019439_955677.wav,yo,
dataset/yumike/ryu/010.wav,ryu,
dataset/rikutomike/ya/002.wav,ya,
dataset/rikutomike/ka/004.wav,ka,
dataset/haruyamike/he/008.wav,he,
dataset/rinry/du/009.wav,du,
dataset/rikutomike/ja/003.wav,ja,
dataset/yumike/re/010.wav,re,
dataset/haruyamike/te/006.wav,te,
dataset/rinry/kyu/003.wav,kyu,
dataset/haruyamike/ze/010.wav,ze,
dataset/haruyamike/pe/001.wav,pe,
dataset/rikutomike/wo/008.wav,wo,
dataset/yumike/ji/002.wav,ji,
dataset/haruyamike/mya/010.wav,mya,
dataset/rinry/kya/016.wav,kya,
dataset/yumike/hyo/005.wav,hyo,
dataset/rikutomike/rya/007.wav,rya,
dataset/mikeryu/o/002.wav,o,
dataset/rinry/sha/012.wav,sha,
dataset/yumike/cha/004.wav,cha,
dataset/rikutomike/wo/006.wav,wo,
dataset/rikutomike/bi/003.wav,bi,
dataset/haruyamike/mo/010.wav,mo,
dataset/rikutomike/ge/002.wav,ge,
dataset/rikutomike/zu/001.wav,zu,
dataset/collected/pc_699ec508/1786415349_053476.wav,nya,
dataset/rikutomike/hyu/003.wav,hyu,
dataset/rikutomike/sha/005.wav,sha,
dataset/haruyamike/ne/006.wav,ne,
dataset/rinry/sa/009.wav,sa,
dataset/rikutomike/ke/004.wav,ke,
dataset/rinry/pu/004.wav,pu,
dataset/haruyamike/da/008.wav,da,
dataset/rikutomike/ko/003.wav,ko,
dataset/haruyamike/po/017.wav,po,
dataset/yumike/gi/010.wav,gi,
dataset/yumike/ta/010.wav,ta,
dataset/rinry/byo/018.wav,byo,
dataset/rinry/kyu/018.wav,kyu,
dataset/rinry/u/001.wav,u,
dataset/rinry/mya/008.wav,mya,
dataset/rinry/e/016.wav,e,
dataset/rinry/gyu/004.wav,gyu,
dataset/yumike/pyu/003.wav,pyu,
dataset/rikutomike/ri/005.wav,ri,
dataset/haruyamike/ke/002.wav,ke,
dataset/mikeryu/a/007.wav,a,
dataset/rinry/hi/004.wav,hi,
dataset/rinry/sho/017.wav,sho,
dataset/rinry/tsu/013.wav,tsu,
dataset/rinry/wa/017.wav,wa,
dataset/rikutomike/byu/004.wav,byu,
dataset/collected/pc_699ec508/1786535969_800336.wav,hya,
dataset/rinry/ryu/016.wav,ryu,
dataset/haruyamike/myu/007.wav,myu,
dataset/haruyamike/ja/009.wav,ja,
dataset/mikeryu/e/006.wav,e,
dataset/rikutomike/sa/007.wav,sa,
dataset/rinry/re/011.wav,re,
dataset/rinry/ne/003.wav,ne,
dataset/rikutomike/ge/006.wav,ge,
dataset/rinry/jo/004.wav,jo,
dataset/yumike/ya/003.wav,ya,
dataset/haruyamike/pya/010.wav,pya,
dataset/rikutomike/nu/008.wav,nu,
dataset/rikutomike/chi/004.wav,chi,
dataset/rinry/ryo/020.wav,ryo,
dataset/rinry/sha/017.wav,sha,
dataset/rinry/bu/006.wav,bu,
dataset/yumike/ke/009.wav,ke,
dataset/rikuto/i/003.wav,i,
dataset/rinry/myo/009.wav,myo,
dataset/yumike/mya/003.wav,mya,
dataset/rinry/ko/005.wav,ko,
dataset/yumike/sa/003.wav,sa,
dataset/ryu/a/004.wav,a,
dataset/rinry/za/005.wav,za,
dataset/yumike/kyo/007.wav,kyo,
dataset/rinry/ze/015.wav,ze,
dataset/rinry/hyu/008.wav,hyu,
dataset/yumike/hyu/005.wav,hyu,
dataset/haruyamike/gu/002.wav,gu,
dataset/ryu/o/003.wav,o,
dataset/rinry/i/015.wav,i,
dataset/rikutomike/zo/010.wav,zo,
dataset/haruyamike/jo/005.wav,jo,
dataset/yumike/shu/001.wav,shu,
dataset/yumike/be/003.wav,be,
dataset/rinry/ko/020.wav,ko,
dataset/collected/pc_699ec508/1786770989_800156.wav,shi,
dataset/rinry/ki/017.wav,ki,
dataset/rinry/e/007.wav,e,
dataset/yumike/ra/004.wav,ra,
dataset/yumike/te/005.wav,te,
dataset/rinry/jo/007.wav,jo,
dataset/rinry/gu/008.wav,gu,
dataset/rikutomike/pu/009.wav,pu,
dataset/rinry/nyo/019.wav,nyo,
dataset/yumike/kyo/003.wav,kyo,
dataset/haruyamike/su/009.wav,su,
dataset/rikutomike/pe/008.wav,pe,
dataset/haruyamike/gyo/005.wav,gyo,
dataset/haruyamike/kyu/007.wav,kyu,
dataset/rinry/ku/018.wav,ku,
dataset/yumike/ro/002.wav,ro,
dataset/haruyamike/nya/007.wav,nya,
dataset/rinry/ro/006.wav,ro,
dataset/rinry/bu/002.wav,bu,
dataset/haruyamike/pyo/002.wav,pyo,
dataset/rinry/nyu/007.wav,nyu,
dataset/rikutomike/sha/010.wav,sha,
dataset/yumike/bi/009.wav,bi,
dataset/rinry/mo/013.wav,mo,
dataset/rinry/cha/008.wav,cha,
dataset/rinry/ji/009.wav,ji,
dataset/rikutomike/ni/010.wav,ni,
dataset/rinry/zo/018.wav,zo,
dataset/yumike/i/001.wav,i,
dataset/rikutomike/chu/004.wav,chu,
dataset/rinry/bya/018.wav,bya,
dataset/rinry/tsu/016.wav,tsu,
dataset/rinry/ro/015.wav,ro,
dataset/rinry/jo/020.wav,jo,
dataset/haruyamike/be/006.wav,be,
dataset/rikutomike/bu/003.wav,bu,
dataset/haruyamike/e/003.wav,e,
dataset/haruyamike/ryo/007.wav,ryo,
dataset/rinry/ri/013.wav,ri,
dataset/rikutomike/yu/005.wav,yu,
dataset/yumike/bya/007.wav,bya,
dataset/rinry/pi/015.wav,pi,
dataset/haruyamike/mya/003.wav,mya,
dataset/yumike/ka/008.wav,ka,
dataset/rikutomike/bo/010.wav,bo,
dataset/rinry/bo/015.wav,bo,
dataset/rinry/mi/002.wav,mi,
dataset/rinry/ra/005.wav,ra,
dataset/rinry/ro/003.wav,ro,
dataset/yu-ota/a/005.wav,a,
dataset/rinry/ku/013.wav,ku,
dataset/rikutomike/kyo/001.wav,kyo,
dataset/rikutomike/ryo/007.wav,ryo,
dataset/rinry/gyu/003.wav,gyu,
dataset/rinry/ya/020.wav,ya,
dataset/rikutomike/fu/010.wav,fu,
dataset/rinry/ri/004.wav,ri,
dataset/rinry/sho/011.wav,sho,
dataset/rikutomike/byu/006.wav,byu,
dataset/rinry/shi/017.wav,shi,
dataset/rinry/ba/008.wav,ba,
dataset/rinry/po/013.wav,po,
dataset/rikutomike/tsu/010.wav,tsu,
dataset/rinry/bo/009.wav,bo,
dataset/rinry/ryo/010.wav,ryo,
dataset/rinry/rya/017.wav,rya,
dataset/collected/pc_699ec508/1786416692_10653.wav,ri,
dataset/collected/pc_699ec508/1786415215_088375.wav,ma,
dataset/collected/pc_699ec508/1786416723_538621.wav,ne,
dataset/rinry/su/004.wav,su,
dataset/rinry/ke/004.wav,ke,
dataset/collected/pc_699ec508/1786415355_131959.wav,nyo,
dataset/haruyamike/kyo/005.wav,kyo,
dataset/haruyamike/nyu/009.wav,nyu,
dataset/yumike/pi/020.wav,pi,
dataset/rikutomike/ge/009.wav,ge,
dataset/rikutomike/hi/009.wav,hi,
dataset/yumike/de/010.wav,de,
dataset/rikutomike/ku/008.wav,ku,
dataset/rikutomike/bi/001.wav,bi,
dataset/haruyamike/cha/010.wav,cha,
dataset/yumike/ze/005.wav,ze,
dataset/rinry/mya/020.wav,mya,
dataset/rinry/kya/012.wav,kya,
dataset/rinry/ju/007.wav,ju,
dataset/haruyamike/wo/001.wav,wo,
dataset/rikutomike/e/004.wav,e,
dataset/collected/pc_699ec508/1786770462_884371.wav,other,
dataset/haruyamike/pa/004.wav,pa,
dataset/yumike/di/010.wav,di,
dataset/rinry/so/009.wav,so,
dataset/yumike/ze/010.wav,ze,
dataset/yumike/chi/003.wav,chi,
dataset/rinry/no/010.wav,no,
dataset/rinry/hyu/011.wav,hyu,
dataset/yumike/pe/006.wav,pe,
dataset/collected/pc_699ec508/1786436338_853021.wav,other,
dataset/yumike/bya/008.wav,bya,
dataset/rinry/gyu/002.wav,gyu,
dataset/rikutomike/ro/009.wav,ro,
dataset/rikutomike/ho/007.wav,ho,
dataset/collected/pc_699ec508/1786415202_407439.wav,hi,
dataset/rinry/hyu/015.wav,hyu,
dataset/rinry/yu/005.wav,yu,
dataset/yumike/byu/007.wav,byu,
dataset/collected/pc_699ec508/1786536038_309801.wav,byu,
dataset/rikutomike/se/003.wav,se,
dataset/rinry/pya/020.wav,pya,
dataset/yumike/nu/001.wav,nu,
dataset/rikutomike/hi/008.wav,hi,
dataset/yumike/myo/008.wav,myo,
dataset/collected/pc_699ec508/1786417037_809093.wav,a,
dataset/rikutomike/re/005.wav,re,
dataset/rikutomike/ku/009.wav,ku,
dataset/yumike/mo/008.wav,mo,
dataset/rikutomike/bi/007.wav,bi,
dataset/rinry/de/018.wav,de,
dataset/rikuto/o/006.wav,o,
dataset/collected/pc_699ec508/1786019117_526542.wav,so,
dataset/rikutomike/ryu/004.wav,ryu,
dataset/haruyamike/byo/003.wav,byo,
dataset/rinry/bu/004.wav,bu,
dataset/rikutomike/na/004.wav,na,
dataset/rinry/za/015.wav,za,
dataset/haruyamike/kyu/001.wav,kyu,
dataset/yumike/ma/008.wav,ma,
dataset/rikutomike/ta/003.wav,ta,
dataset/haruyamike/kya/006.wav,kya,
dataset/rikutomike/gyu/006.wav,gyu,
dataset/collected/pc_b34a3877/1786550187_294366.wav,to,
dataset/collected/pc_699ec508/1786769568_037498.wav,rya,
dataset/yumike/myu/010.wav,myu,
dataset/yumike/pyo/003.wav,pyo,
dataset/rinry/mo/006.wav,mo,
dataset/rikutomike/mya/003.wav,mya,
dataset/rikutomike/nyu/003.wav,nyu,
dataset/rinry/mi/020.wav,mi,
dataset/haruyamike/ha/004.wav,ha,
dataset/rikutomike/sha/001.wav,sha,
dataset/yumike/gya/002.wav,gya,
dataset/reon/o/002.wav,o,
dataset/rikutomike/ya/009.wav,ya,
dataset/collected/pc_699ec508/1786769553_895225.wav,wo,
dataset/haruyamike/re/007.wav,re,
dataset/rinry/rya/003.wav,rya,
dataset/rinry/chi/015.wav,chi,
dataset/collected/pc_699ec508/1786416173_872483.wav,su,
dataset/yumike/jo/008.wav,jo,
dataset/rinry/hyu/004.wav,hyu,
dataset/rinry/ta/013.wav,ta,
dataset/ryu/a/010.wav,a,
dataset/haruyamike/shi/004.wav,shi,
dataset/rinry/myo/007.wav,myo,
dataset/rinry/fu/009.wav,fu,
dataset/haruyamike/pi/002.wav,pi,
dataset/yumike/i/007.wav,i,
dataset/rinry/cho/011.wav,cho,
dataset/rinry/gya/010.wav,gya,
dataset/rikutomike/su/008.wav,su,
dataset/yumike/zo/004.wav,zo,
dataset/rinry/n/007.wav,n,
dataset/rinry/ju/012.wav,ju,
dataset/rikutomike/ga/010.wav,ga,
dataset/yumike/ni/008.wav,ni,
dataset/rikutomike/ni/003.wav,ni,
dataset/yumike/gu/007.wav,gu,
dataset/haruyamike/nu/001.wav,nu,
dataset/rinry/sha/008.wav,sha,
dataset/rikutomike/chi/001.wav,chi,
dataset/yumike/sho/002.wav,sho,
dataset/haruyamike/yu/010.wav,yu,
dataset/haruyamike/hya/003.wav,hya,
dataset/haruyamike/pi/008.wav,pi,
dataset/yumike/rya/002.wav,rya,
dataset/yumike/ge/001.wav,ge,
dataset/yumike/ryu/001.wav,ryu,
dataset/yumike/to/005.wav,to,
dataset/haruyamike/tsu/002.wav,tsu,
dataset/haruyamike/cha/009.wav,cha,
dataset/ryu/u/007.wav,u,
dataset/collected/pc_699ec508/1785910493_309032.wav,other,
dataset/rinry/nya/003.wav,nya,
dataset/collected/pc_699ec508/1785819315_974784.wav,a,
dataset/rinry/pa/002.wav,pa,
dataset/rinry/ro/009.wav,ro,
dataset/rinry/te/009.wav,te,
dataset/haruyamike/sha/002.wav,sha,
dataset/rinry/nya/015.wav,nya,
dataset/haruyamike/ju/007.wav,ju,
dataset/rinry/su/017.wav,su,
dataset/rinry/he/003.wav,he,
dataset/yumike/ho/006.wav,ho,
dataset/haruyamike/ha/002.wav,ha,
dataset/rinry/za/017.wav,za,
dataset/rinry/nyu/012.wav,nyu,
dataset/rinry/pya/013.wav,pya,
dataset/yumike/pi/014.wav,pi,
dataset/rinry/byo/008.wav,byo,
dataset/yumike/fu/007.wav,fu,
dataset/rikutomike/ke/003.wav,ke,
dataset/rinry/shi/010.wav,shi,
dataset/rinry/nyu/006.wav,nyu,
dataset/collected/pc_e1f2c4f8/1786672318_187943.wav,sa,
dataset/rinry/do/008.wav,do,
dataset/haruyamike/ka/005.wav,ka,
dataset/rinry/go/007.wav,go,
dataset/yumike/gya/005.wav,gya,
dataset/rinry/ga/010.wav,ga,
dataset/rinry/pyo/003.wav,pyo,
dataset/rikutomike/na/010.wav,na,
dataset/rinry/go/009.wav,go,
dataset/yumike/do/007.wav,do,
dataset/haruyamike/ki/008.wav,ki,
dataset/yumike/bi/005.wav,bi,
dataset/rinry/hyu/017.wav,hyu,
dataset/rikutomike/ze/003.wav,ze,
dataset/yumike/ga/002.wav,ga,
dataset/rinry/ni/019.wav,ni,
dataset/yumike/myu/009.wav,myu,
dataset/rinry/re/008.wav,re,
dataset/yumike/da/008.wav,da,
dataset/rinry/ko/018.wav,ko,
dataset/collected/pc_699ec508/1786769531_427459.wav,cha,
dataset/rinry/ru/014.wav,ru,
dataset/haruyamike/u/002.wav,u,
dataset/rikutomike/he/004.wav,he,
dataset/ryu/a/006.wav,a,
dataset/haruyamike/nya/010.wav,nya,
dataset/haruyamike/ni/003.wav,ni,
dataset/rinry/pyo/004.wav,pyo,
dataset/rinry/ri/019.wav,ri,
dataset/rikutomike/a/009.wav,a,
dataset/rinry/ko/010.wav,ko,
dataset/haruyamike/ke/009.wav,ke,
dataset/rinry/hya/015.wav,hya,
dataset/yumike/cho/004.wav,cho,
dataset/haruyamike/bya/005.wav,bya,
dataset/haruyamike/mo/001.wav,mo,
dataset/yumike/bya/003.wav,bya,
dataset/ryu/e/007.wav,e,
dataset/rinry/mya/006.wav,mya,
dataset/yumike/e/003.wav,e,
dataset/reon/o/009.wav,o,
dataset/yumike/gyu/004.wav,gyu,
dataset/yumike/ja/010.wav,ja,
dataset/rinry/pu/015.wav,pu,
dataset/rinry/yu/014.wav,yu,
dataset/rikutomike/ne/008.wav,ne,
dataset/haruyamike/n/002.wav,n,
dataset/rinry/me/013.wav,me,
dataset/rinry/zu/015.wav,zu,
dataset/ryu/o/002.wav,o,
dataset/rikutomike/bya/008.wav,bya,
dataset/haruyamike/ru/007.wav,ru,
dataset/yumike/rya/006.wav,rya,
dataset/collected/pc_699ec508/1785827914_546726.wav,other,
dataset/rinry/ne/019.wav,ne,
dataset/haruyamike/myu/004.wav,myu,
dataset/rinry/po/017.wav,po,
dataset/rinry/no/019.wav,no,
dataset/haruyamike/ho/004.wav,ho,
dataset/rinry/ni/004.wav,ni,
dataset/rinry/re/018.wav,re,
dataset/haruyamike/hya/006.wav,hya,
dataset/rinry/ne/010.wav,ne,
dataset/rinry/chi/008.wav,chi,
dataset/yumike/wo/003.wav,wo,
dataset/rikutomike/fu/002.wav,fu,
dataset/yumike/wa/001.wav,wa,
dataset/haruyamike/ja/002.wav,ja,
dataset/haruyamike/myo/004.wav,myo,
dataset/rinry/pyo/019.wav,pyo,
dataset/rikutomike/pu/008.wav,pu,
dataset/collected/pc_699ec508/1786010065_655264.wav,o,
dataset/rinry/na/002.wav,na,
dataset/haruyamike/hyu/010.wav,hyu,
dataset/rikutomike/yu/001.wav,yu,
dataset/rinry/sha/013.wav,sha,
dataset/yumike/ji/003.wav,ji,
dataset/yumike/mi/010.wav,mi,
dataset/haruyamike/ba/010.wav,ba,
dataset/rinry/ya/001.wav,ya,
dataset/rinry/pyu/015.wav,pyu,
dataset/rikutomike/do/009.wav,do,
dataset/rinry/ha/005.wav,ha,
dataset/mikeryu/a/010.wav,a,
dataset/yumike/ra/001.wav,ra,
dataset/rinry/ki/003.wav,ki,
dataset/haruyamike/ba/007.wav,ba,
dataset/rinry/u/003.wav,u,
dataset/rikutomike/se/002.wav,se,
dataset/rinry/pya/011.wav,pya,
dataset/rikutomike/sa/002.wav,sa,
dataset/collected/pc_699ec508/1786768882_804106.wav,ro,
dataset/rinry/be/016.wav,be,
dataset/rikutomike/be/002.wav,be,
dataset/haruyamike/ta/008.wav,ta,
dataset/haruyamike/a/003.wav,a,
dataset/yumike/di/001.wav,di,
dataset/ryu/u/005.wav,u,
dataset/rikutomike/te/001.wav,te,
dataset/rinry/pu/007.wav,pu,
dataset/rikuto/o/009.wav,o,
dataset/rinry/jo/008.wav,jo,
dataset/yumike/pya/007.wav,pya,
dataset/yumike/su/002.wav,su,
dataset/rikutomike/da/010.wav,da,
dataset/haruyamike/da/004.wav,da,
dataset/rinry/ryo/014.wav,ryo,
dataset/rinry/di/009.wav,di,
dataset/haruyamike/byu/003.wav,byu,
dataset/rinry/jo/017.wav,jo,
dataset/haruyamike/yo/002.wav,yo,
dataset/rinry/pe/014.wav,pe,
dataset/haruyamike/ja/007.wav,ja,
dataset/rinry/ba/010.wav,ba,
dataset/rinry/ho/010.wav,ho,
dataset/rinry/shi/007.wav,shi,
dataset/rikutomike/pyu/010.wav,pyu,
dataset/rikutomike/myu/007.wav,myu,
dataset/rinry/hya/010.wav,hya,
dataset/yumike/pi/006.wav,pi,
dataset/haruyamike/i/002.wav,i,
dataset/haruyamike/shi/002.wav,shi,
dataset/rinry/ryu/010.wav,ryu,
dataset/haruyamike/ru/002.wav,ru,
dataset/rinry/ri/006.wav,ri,
dataset/rinry/ha/010.wav,ha,
dataset/rikutomike/jo/007.wav,jo,
dataset/rinry/na/005.wav,na,
dataset/rinry/da/012.wav,da,
dataset/yumike/ko/010.wav,ko,
dataset/rinry/pyu/019.wav,pyu,
dataset/yumike/ne/001.wav,ne,
dataset/rinry/pi/019.wav,pi,
dataset/yumike/mi/004.wav,mi,
dataset/yumike/ku/006.wav,ku,
dataset/yumike/myu/001.wav,myu,
dataset/rikutomike/sha/008.wav,sha,
dataset/rinry/u/013.wav,u,
dataset/reon/a/006.wav,a,
dataset/rinry/o/007.wav,o,
dataset/haruyamike/ryo/002.wav,ryo,
dataset/haruyamike/de/010.wav,de,
dataset/rinry/nya/011.wav,nya,
dataset/haruyamike/po/010.wav,po,
dataset/collected/pc_699ec508/1786019427_118684.wav,ho,
dataset/rikutomike/kyo/007.wav,kyo,
dataset/rikutomike/byo/003.wav,byo,
dataset/yumike/mu/003.wav,mu,
dataset/rikutomike/ko/006.wav,ko,
dataset/collected/pc_699ec508/1786768832_317978.wav,other,
dataset/yumike/pi/015.wav,pi,
dataset/yumike/da/005.wav,da,
dataset/yumike/jo/005.wav,jo,
dataset/haruyamike/gyo/006.wav,gyo,
dataset/rinry/ni/016.wav,ni,
dataset/rinry/zu/016.wav,zu,
dataset/yumike/ku/008.wav,ku,
dataset/rinry/mya/015.wav,mya,
dataset/yumike/ra/002.wav,ra,
dataset/haruyamike/rya/001.wav,rya,
dataset/yumike/po/001.wav,po,
dataset/rikutomike/shi/010.wav,shi,
dataset/yumike/byo/002.wav,byo,
dataset/haruyamike/pya/003.wav,pya,
dataset/rinry/go/002.wav,go,
dataset/rinry/de/016.wav,de,
dataset/rikutomike/nya/004.wav,nya,
dataset/collected/pc_699ec508/1786019394_971371.wav,o,
dataset/rinry/mo/018.wav,mo,
dataset/rinry/jo/019.wav,jo,
dataset/rinry/go/012.wav,go,
dataset/rikutomike/o/003.wav,o,
dataset/rinry/pya/012.wav,pya,
dataset/rikutomike/ki/009.wav,ki,
dataset/rikutomike/du/010.wav,du,
dataset/rinry/bo/017.wav,bo,
dataset/yumike/ro/007.wav,ro,
dataset/rinry/de/013.wav,de,
dataset/rinry/ra/013.wav,ra,
dataset/haruyamike/i/009.wav,i,
dataset/yumike/be/006.wav,be,
dataset/haruyamike/kyu/002.wav,kyu,
dataset/rinry/na/018.wav,na,
dataset/collected/pc_699ec508/1786535811_61331.wav,di,
dataset/yumike/ta/009.wav,ta,
dataset/rikutomike/re/006.wav,re,
dataset/collected/pc_e1f2c4f8/1786452385_362128.wav,u,
dataset/rikutomike/byo/008.wav,byo,
dataset/rinry/he/006.wav,he,
dataset/rinry/chi/017.wav,chi,
dataset/rinry/ke/011.wav,ke,
dataset/rinry/so/010.wav,so,
dataset/rikutomike/bo/005.wav,bo,
dataset/rinry/no/011.wav,no,
dataset/rinry/mi/009.wav,mi,
dataset/haruyamike/ma/003.wav,ma,
dataset/rinry/sa/012.wav,sa,
dataset/rinry/ko/009.wav,ko,
dataset/collected/pc_699ec508/1786415296_266014.wav,n,
dataset/rinry/hya/016.wav,hya,
dataset/haruyamike/ryo/004.wav,ryo,
dataset/yumike/se/005.wav,se,
dataset/rikutomike/gi/010.wav,gi,
dataset/haruyamike/pu/002.wav,pu,
dataset/rinry/gya/009.wav,gya,
dataset/ryu/i/002.wav,i,
dataset/collected/pc_699ec508/1785805262_403762.wav,a,
dataset/yumike/gya/010.wav,gya,
dataset/yumike/sha/006.wav,sha,
dataset/rinry/e/013.wav,e,
dataset/yu-ota/u/001.wav,u,
dataset/haruyamike/ze/003.wav,ze,
dataset/rikutomike/ja/009.wav,ja,
dataset/haruyamike/yo/007.wav,yo,
dataset/yumike/ze/008.wav,ze,
dataset/rinry/ku/012.wav,ku,
dataset/rikutomike/o/001.wav,o,
dataset/collected/pc_699ec508/1786536070_305262.wav,other,
dataset/rinry/ra/011.wav,ra,
dataset/collected/pc_699ec508/1786536028_617708.wav,byu,
dataset/rinry/e/009.wav,e,
dataset/yumike/pu/008.wav,pu,
dataset/haruyamike/bo/008.wav,bo,
dataset/yumike/ni/006.wav,ni,
dataset/rinry/be/013.wav,be,
dataset/rinry/de/002.wav,de,
dataset/haruyamike/go/008.wav,go,
dataset/rinry/shi/019.wav,shi,
dataset/haruyamike/pa/007.wav,pa,
dataset/rikutomike/mya/004.wav,mya,
dataset/rinry/ja/003.wav,ja,
dataset/haruyamike/ze/008.wav,ze,
dataset/rikutomike/ga/002.wav,ga,
dataset/haruyamike/za/010.wav,za,
dataset/reon/u/002.wav,u,
dataset/rinry/byo/012.wav,byo,
dataset/yumike/nyu/001.wav,nyu,
dataset/haruyamike/ka/004.wav,ka,
dataset/rinry/bo/020.wav,bo,
dataset/rinry/ko/016.wav,ko,
dataset/yumike/ro/008.wav,ro,
dataset/haruyamike/myu/005.wav,myu,
dataset/rinry/re/017.wav,re,
dataset/rinry/nya/008.wav,nya,
dataset/collected/pc_699ec508/1786535678_280381.wav,ne,
dataset/reon/e/005.wav,e,
dataset/rikutomike/po/007.wav,po,
dataset/rikutomike/zu/003.wav,zu,
dataset/rikutomike/gyo/009.wav,gyo,
dataset/rinry/te/012.wav,te,
dataset/rinry/po/001.wav,po,
dataset/rinry/do/007.wav,do,
dataset/yumike/ge/004.wav,ge,
dataset/rinry/bya/009.wav,bya,
dataset/rinry/rya/009.wav,rya,
dataset/rinry/ji/002.wav,ji,
dataset/rinry/du/016.wav,du,
dataset/rikutomike/ji/002.wav,ji,
dataset/yumike/byo/003.wav,byo,
dataset/rikutomike/zu/010.wav,zu,
dataset/ryu/o/001.wav,o,
dataset/rinry/pyu/002.wav,pyu,
dataset/yumike/gyo/008.wav,gyo,
dataset/haruyamike/ryo/003.wav,ryo,
dataset/rikutomike/nyu/007.wav,nyu,
dataset/rikutomike/o/010.wav,o,
dataset/yumike/pe/010.wav,pe,
dataset/collected/pc_699ec508/1786010058_20208.wav,e,
dataset/rinry/re/009.wav,re,
dataset/rinry/zo/006.wav,zo,
dataset/haruyamike/te/005.wav,te,
dataset/rinry/pe/016.wav,pe,
dataset/yumike/du/009.wav,du,
dataset/rinry/ja/016.wav,ja,
dataset/rikutomike/ha/010.wav,ha,
dataset/rinry/nyo/015.wav,nyo,
dataset/rikutomike/shu/004.wav,shu,
dataset/rikutomike/jo/010.wav,jo,
dataset/rinry/ze/004.wav,ze,
dataset/reon/e/001.wav,e,
dataset/haruyamike/zu/006.wav,zu,
dataset/haruyamike/me/001.wav,me,
dataset/rinry/do/012.wav,do,
dataset/haruyamike/cho/001.wav,cho,
dataset/rinry/pa/003.wav,pa,
dataset/yumike/cho/001.wav,cho,
dataset/yumike/bo/001.wav,bo,
dataset/yumike/wo/004.wav,wo,
dataset/rinry/pyu/007.wav,pyu,
dataset/rikutomike/mo/005.wav,mo,
dataset/rinry/ju/017.wav,ju,
dataset/rinry/gyo/001.wav,gyo,
dataset/rikutomike/sa/010.wav,sa,
dataset/haruyamike/go/004.wav,go,
dataset/rinry/shu/017.wav,shu,
dataset/rinry/te/018.wav,te,
dataset/yumike/do/009.wav,do,
dataset/rikutomike/bi/005.wav,bi,
dataset/haruyamike/bo/010.wav,bo,
dataset/haruyamike/su/006.wav,su,
dataset/rikutomike/bo/001.wav,bo,
dataset/rinry/do/006.wav,do,
dataset/collected/pc_699ec508/1786009695_264925.wav,other,
dataset/rikutomike/ha/001.wav,ha,
dataset/yumike/hya/007.wav,hya,
dataset/rikutomike/mu/008.wav,mu,
dataset/yumike/du/003.wav,du,
dataset/rinry/tsu/011.wav,tsu,
dataset/rinry/hyo/008.wav,hyo,
dataset/collected/pc_699ec508/1786288722_941761.wav,ro,
dataset/rikutomike/ryu/009.wav,ryu,
dataset/yumike/byo/001.wav,byo,
dataset/rinry/pi/006.wav,pi,
dataset/rikutomike/ji/003.wav,ji,
dataset/yumike/bi/002.wav,bi,
dataset/rinry/o/016.wav,o,
dataset/haruyamike/wo/003.wav,wo,
dataset/rinry/gi/012.wav,gi,
dataset/rinry/bya/014.wav,bya,
dataset/rinry/sho/012.wav,sho,
dataset/rinry/shu/019.wav,shu,
dataset/rinry/byo/015.wav,byo,
dataset/yumike/zo/006.wav,zo,
dataset/rinry/mi/007.wav,mi,
dataset/yumike/mi/008.wav,mi,
dataset/rinry/ke/008.wav,ke,
dataset/rinry/bo/010.wav,bo,
dataset/rikutomike/n/005.wav,n,
dataset/yumike/ne/002.wav,ne,
dataset/rinry/gu/014.wav,gu,
dataset/rinry/myo/012.wav,myo,
dataset/rinry/kyo/011.wav,kyo,
dataset/reon/u/007.wav,u,
dataset/rinry/wo/014.wav,wo,
dataset/rinry/kyu/007.wav,kyu,
dataset/rikutomike/i/003.wav,i,
dataset/rinry/o/005.wav,o,
dataset/yumike/wa/002.wav,wa,
dataset/rikutomike/kya/003.wav,kya,
dataset/yumike/nyu/006.wav,nyu,
dataset/rinry/du/014.wav,du,
dataset/rinry/ryu/011.wav,ryu,
dataset/haruyamike/fu/003.wav,fu,
dataset/rikutomike/hyo/010.wav,hyo,
dataset/rikutomike/he/008.wav,he,
dataset/rinry/bo/014.wav,bo,
dataset/rikutomike/so/004.wav,so,
dataset/haruyamike/kya/007.wav,kya,
dataset/haruyamike/sa/009.wav,sa,
dataset/yumike/o/005.wav,o,
dataset/haruyamike/ha/001.wav,ha,
dataset/rinry/hyo/007.wav,hyo,
dataset/rinry/nu/002.wav,nu,
dataset/haruyamike/byu/009.wav,byu,
dataset/rinry/za/002.wav,za,
dataset/rinry/mya/003.wav,mya,
dataset/yumike/nyu/004.wav,nyu,
dataset/rinry/tsu/002.wav,tsu,
dataset/rinry/chi/007.wav,chi,
dataset/yumike/gyu/008.wav,gyu,
dataset/haruyamike/ma/009.wav,ma,
dataset/collected/pc_699ec508/1786770925_121431.wav,other,
dataset/rikutomike/myo/008.wav,myo,
dataset/rinry/sa/002.wav,sa,
dataset/rinry/sho/014.wav,sho,
dataset/rikutomike/ki/010.wav,ki,
dataset/haruyamike/kya/010.wav,kya,
dataset/haruyamike/se/009.wav,se,
dataset/rikuto/a/010.wav,a,
dataset/yumike/mi/006.wav,mi,
dataset/yumike/na/008.wav,na,
dataset/haruyamike/bu/001.wav,bu,
dataset/haruyamike/kyo/010.wav,kyo,
dataset/rinry/ji/007.wav,ji,
dataset/haruyamike/pya/009.wav,pya,
dataset/haruyamike/ju/006.wav,ju,
dataset/collected/pc_699ec508/1786535707_924378.wav,yu,
dataset/yumike/pyo/007.wav,pyo,
dataset/rinry/re/004.wav,re,
dataset/rinry/sha/019.wav,sha,
dataset/rikutomike/pa/001.wav,pa,
dataset/rinry/po/002.wav,po,
dataset/yumike/kya/009.wav,kya,
dataset/haruyamike/ro/010.wav,ro,
dataset/rikutomike/ke/006.wav,ke,
dataset/rikutomike/nyu/009.wav,nyu,
dataset/rinry/me/010.wav,me,
dataset/rikutomike/se/009.wav,se,
dataset/haruyamike/di/009.wav,di,
dataset/rikutomike/du/007.wav,du,
dataset/rikutomike/do/003.wav,do,
dataset/rikutomike/byu/009.wav,byu,
dataset/rinry/yo/012.wav,yo,
dataset/rinry/pyo/010.wav,pyo,
dataset/rinry/hya/002.wav,hya,
dataset/haruyamike/ho/008.wav,ho,
dataset/rinry/wa/009.wav,wa,
dataset/yumike/ke/004.wav,ke,
dataset/rinry/so/002.wav,so,
dataset/rinry/zo/001.wav,zo,
dataset/yu-ota/i/003.wav,i,
dataset/rinry/no/013.wav,no,
dataset/haruyamike/ha/010.wav,ha,
dataset/haruyamike/kya/004.wav,kya,
dataset/rinry/nu/012.wav,nu,
dataset/yumike/hi/004.wav,hi,
dataset/rikutomike/za/007.wav,za,
dataset/rinry/kya/002.wav,kya,
dataset/rikutomike/nyu/008.wav,nyu,
dataset/yumike/tsu/003.wav,tsu,
dataset/yumike/ja/002.wav,ja,
dataset/rikutomike/he/006.wav,he,
dataset/haruyamike/yu/004.wav,yu,
dataset/yumike/ne/005.wav,ne,
dataset/rikutomike/ho/008.wav,ho,
dataset/rinry/pyu/016.wav,pyu,
dataset/rinry/ri/002.wav,ri,
dataset/haruyamike/ta/009.wav,ta,
dataset/yumike/ka/006.wav,ka,
dataset/haruyamike/cha/004.wav,cha,
dataset/yumike/de/004.wav,de,
dataset/yumike/gyu/009.wav,gyu,
dataset/rinry/ja/012.wav,ja,
dataset/rinry/de/015.wav,de,
dataset/rikutomike/u/003.wav,u,
dataset/rinry/byu/015.wav,byu,
dataset/yumike/hyo/006.wav,hyo,
dataset/rinry/ki/015.wav,ki,
dataset/rinry/ro/007.wav,ro,
dataset/yumike/me/002.wav,me,
dataset/rinry/da/004.wav,da,
dataset/reon/i/010.wav,i,
dataset/yumike/mo/007.wav,mo,
dataset/haruyamike/sa/006.wav,sa,
dataset/ryu/i/005.wav,i,
dataset/yumike/pe/009.wav,pe,
dataset/haruyamike/shu/007.wav,shu,
dataset/rinry/chu/001.wav,chu,
dataset/yumike/ro/003.wav,ro,
dataset/haruyamike/cho/007.wav,cho,
dataset/collected/pc_699ec508/1786767613_254514.wav,su,
dataset/haruyamike/yo/008.wav,yo,
dataset/rinry/ge/005.wav,ge,
dataset/rikutomike/di/005.wav,di,
dataset/rikutomike/ka/003.wav,ka,
dataset/haruyamike/hyo/007.wav,hyo,
dataset/yumike/mo/010.wav,mo,
dataset/rinry/shu/004.wav,shu,
dataset/rikutomike/na/009.wav,na,
dataset/rinry/wo/004.wav,wo,
dataset/yumike/ku/007.wav,ku,
dataset/haruyamike/kyu/008.wav,kyu,
dataset/rikutomike/sho/008.wav,sho,
dataset/collected/pc_699ec508/1786008763_127341.wav,u,
dataset/rinry/te/008.wav,te,
dataset/rinry/ke/018.wav,ke,
dataset/haruyamike/gya/002.wav,gya,
dataset/collected/pc_699ec508/1786535932_079856.wav,chu,
dataset/haruyamike/ha/008.wav,ha,
dataset/rinry/go/015.wav,go,
dataset/rikutomike/gyu/001.wav,gyu,
dataset/haruyamike/zo/005.wav,zo,
dataset/haruyamike/rya/008.wav,rya,
dataset/rinry/pu/012.wav,pu,
dataset/haruyamike/kya/009.wav,kya,
dataset/yumike/ge/010.wav,ge,
dataset/yumike/na/005.wav,na,
dataset/yumike/ga/003.wav,ga,
dataset/haruyamike/ro/008.wav,ro,
dataset/rikutomike/fu/008.wav,fu,
dataset/collected/pc_699ec508/1786536032_855663.wav,byu,
dataset/rikutomike/ze/010.wav,ze,
dataset/yumike/ba/002.wav,ba,
dataset/rinry/yu/016.wav,yu,
dataset/yumike/go/007.wav,go,
dataset/rinry/ryo/001.wav,ryo,
dataset/rinry/hi/017.wav,hi,
dataset/rikutomike/ha/003.wav,ha,
dataset/haruyamike/gyo/002.wav,gyo,
dataset/rikutomike/zu/009.wav,zu,
dataset/rinry/mya/002.wav,mya,
dataset/rinry/yo/015.wav,yo,
dataset/rinry/mu/008.wav,mu,
dataset/yumike/zo/002.wav,zo,
dataset/haruyamike/a/007.wav,a,
dataset/haruyamike/pyo/006.wav,pyo,
dataset/rinry/ze/012.wav,ze,
dataset/rikutomike/mi/001.wav,mi,
dataset/rinry/zu/007.wav,zu,
dataset/rinry/ya/011.wav,ya,
dataset/rikutomike/mya/009.wav,mya,
dataset/rinry/a/004.wav,a,
dataset/yumike/myo/004.wav,myo,
dataset/rinry/hya/007.wav,hya,
dataset/haruyamike/me/009.wav,me,
dataset/rikutomike/za/002.wav,za,
dataset/haruyamike/di/002.wav,di,
dataset/rinry/ryu/018.wav,ryu,
dataset/rikutomike/sa/003.wav,sa,
dataset/rikutomike/byu/003.wav,byu,
dataset/yumike/to/004.wav,to,
dataset/yumike/re/001.wav,re,
dataset/rikutomike/ne/002.wav,ne,
dataset/haruyamike/pyo/007.wav,pyo,
dataset/mikeryu/u/009.wav,u,
dataset/reon/i/007.wav,i,
dataset/yumike/ji/009.wav,ji,
dataset/haruyamike/he/002.wav,he,
dataset/haruyamike/fu/006.wav,fu,
dataset/collected/pc_699ec508/1786536054_645408.wav,pyo,
dataset/yumike/a/004.wav,a,
dataset/rinry/ga/019.wav,ga,
dataset/rinry/shi/015.wav,shi,
dataset/rinry/pe/010.wav,pe,
dataset/yu-ota/i/002.wav,i,
dataset/rikutomike/nya/003.wav,nya,
dataset/rinry/ma/010.wav,ma,
dataset/haruyamike/n/005.wav,n,
dataset/rikutomike/jo/004.wav,jo,
dataset/rinry/be/018.wav,be,
dataset/rikutomike/gu/007.wav,gu,
dataset/rinry/myo/015.wav,myo,
dataset/yumike/zo/003.wav,zo,
dataset/rinry/gyu/020.wav,gyu,
dataset/rikutomike/nu/007.wav,nu,
dataset/collected/pc_699ec508/1786010143_026722.wav,o,
dataset/rikutomike/mo/010.wav,mo,
dataset/haruyamike/o/002.wav,o,
dataset/rikutomike/pe/004.wav,pe,
dataset/collected/pc_699ec508/1786415387_771429.wav,myo,
dataset/rikutomike/kyu/004.wav,kyu,
dataset/rinry/na/012.wav,na,
dataset/rinry/to/007.wav,to,
dataset/haruyamike/pyo/003.wav,pyo,
dataset/rinry/da/020.wav,da,
dataset/rikutomike/ru/010.wav,ru,
dataset/rinry/ho/001.wav,ho,
dataset/haruyamike/yu/001.wav,yu,
dataset/yumike/po/010.wav,po,
dataset/haruyamike/du/009.wav,du,
dataset/yumike/na/007.wav,na,
dataset/haruyamike/gyu/008.wav,gyu,
dataset/rikutomike/ru/002.wav,ru,
dataset/rikutomike/gyo/001.wav,gyo,
dataset/yumike/ju/001.wav,ju,
dataset/rinry/re/005.wav,re,
dataset/rinry/chi/013.wav,chi,
dataset/rikutomike/pa/002.wav,pa,
dataset/collected/pc_699ec508/1786019400_038862.wav,ko,
dataset/yumike/ma/003.wav,ma,
dataset/yumike/kyu/002.wav,kyu,
dataset/rikutomike/wa/004.wav,wa,
dataset/haruyamike/du/002.wav,du,
dataset/yumike/ra/009.wav,ra,
dataset/haruyamike/ni/001.wav,ni,
dataset/rinry/mi/005.wav,mi,
dataset/yumike/ga/008.wav,ga,
dataset/rinry/e/011.wav,e,
dataset/yumike/cha/003.wav,cha,
dataset/haruyamike/pu/005.wav,pu,
dataset/rikutomike/ro/005.wav,ro,
dataset/rinry/hi/006.wav,hi,
dataset/rinry/pu/001.wav,pu,
dataset/rinry/mo/015.wav,mo,
dataset/yumike/re/002.wav,re,
dataset/rikutomike/shu/007.wav,shu,
dataset/collected/pc_b34a3877/1786550200_747134.wav,rya,
dataset/rinry/a/012.wav,a,
dataset/rinry/ra/007.wav,ra,
dataset/yumike/ni/004.wav,ni,
dataset/rinry/hyo/016.wav,hyo,
dataset/haruyamike/jo/010.wav,jo,
dataset/rinry/ze/020.wav,ze,
dataset/collected/pc_699ec508/1786768896_301426.wav,hi,
dataset/rikutomike/shi/004.wav,shi,
dataset/yumike/da/006.wav,da,
dataset/yumike/hya/005.wav,hya,
dataset/rikutomike/bo/006.wav,bo,
dataset/yumike/cha/008.wav,cha,
dataset/rinry/ha/007.wav,ha,
dataset/rinry/za/004.wav,za,
dataset/rikuto/e/002.wav,e,
dataset/rinry/ka/016.wav,ka,
dataset/rinry/no/020.wav,no,
dataset/rinry/ha/003.wav,ha,
dataset/haruyamike/me/008.wav,me,
dataset/rinry/ju/003.wav,ju,
dataset/rikutomike/ryo/003.wav,ryo,
dataset/rikutomike/nyo/003.wav,nyo,
dataset/rinry/da/013.wav,da,
dataset/yumike/gi/004.wav,gi,
dataset/rinry/na/010.wav,na,
dataset/haruyamike/do/005.wav,do,
dataset/rinry/su/001.wav,su,
dataset/ryu/a/001.wav,a,
dataset/rikutomike/ku/004.wav,ku,
dataset/rinry/me/008.wav,me,
dataset/rikutomike/wa/002.wav,wa,
dataset/haruyamike/mo/002.wav,mo,
dataset/rinry/pe/009.wav,pe,
dataset/rinry/po/020.wav,po,
dataset/yumike/chi/001.wav,chi,
dataset/rikutomike/u/006.wav,u,
dataset/rinry/hyu/007.wav,hyu,
dataset/rinry/hya/009.wav,hya,
dataset/rinry/be/003.wav,be,
dataset/collected/pc_699ec508/1786535983_123434.wav,ryo,
dataset/rikutomike/myu/003.wav,myu,
dataset/rikutomike/ri/006.wav,ri,
dataset/yumike/bi/003.wav,bi,
dataset/rinry/gi/002.wav,gi,
dataset/collected/pc_699ec508/1786770480_160839.wav,other,
dataset/rinry/no/003.wav,no,
dataset/rinry/byu/010.wav,byu,
dataset/rinry/nu/003.wav,nu,
dataset/yumike/nyu/005.wav,nyu,
dataset/yumike/to/001.wav,to,
dataset/rikutomike/e/010.wav,e,
dataset/rinry/ryu/020.wav,ryu,
dataset/rinry/yu/009.wav,yu,
dataset/yumike/mu/009.wav,mu,
dataset/rikutomike/ke/007.wav,ke,
dataset/haruyamike/ha/009.wav,ha,
dataset/haruyamike/ne/009.wav,ne,
dataset/rikutomike/nyo/006.wav,nyo,
dataset/reon/a/009.wav,a,
dataset/rikutomike/nya/005.wav,nya,
dataset/rinry/gya/007.wav,gya,
dataset/yumike/po/004.wav,po,
dataset/haruyamike/rya/003.wav,rya,
dataset/haruyamike/hi/007.wav,hi,
dataset/haruyamike/ze/009.wav,ze,
dataset/rinry/hi/013.wav,hi,
dataset/rinry/mo/020.wav,mo,
dataset/rikutomike/ni/007.wav,ni,
dataset/collected/pc_e1f2c4f8/1786450160_854817.wav,u,
dataset/rinry/pi/017.wav,pi,
dataset/rikutomike/ho/009.wav,ho,
dataset/reon/e/007.wav,e,
dataset/haruyamike/za/002.wav,za,
dataset/reon/i/008.wav,i,
dataset/haruyamike/gi/006.wav,gi,
dataset/haruyamike/ki/010.wav,ki,
dataset/haruyamike/ya/008.wav,ya,
dataset/rinry/do/015.wav,do,
dataset/rinry/ta/002.wav,ta,
dataset/yumike/se/009.wav,se,
dataset/rikutomike/to/009.wav,to,
dataset/haruyamike/kyu/010.wav,kyu,
dataset/rikutomike/ki/005.wav,ki,
dataset/haruyamike/gi/010.wav,gi,
dataset/collected/pc_699ec508/1786535667_211322.wav,ta,
dataset/collected/pc_699ec508/1786536019_428143.wav,gyu,
dataset/mikeryu/e/003.wav,e,
dataset/yumike/fu/001.wav,fu,
dataset/yumike/ka/007.wav,ka,
dataset/haruyamike/na/009.wav,na,
dataset/mikeryu/o/008.wav,o,
dataset/rinry/yo/017.wav,yo,
dataset/haruyamike/pa/006.wav,pa,
dataset/yumike/su/006.wav,su,
dataset/haruyamike/na/001.wav,na,
dataset/yumike/ju/009.wav,ju,
dataset/yumike/fu/005.wav,fu,
dataset/haruyamike/mu/004.wav,mu,
dataset/rinry/zo/007.wav,zo,
dataset/rikutomike/ta/004.wav,ta,
dataset/rinry/bi/016.wav,bi,
dataset/rinry/ri/001.wav,ri,
dataset/rinry/nyo/012.wav,nyo,
dataset/yumike/pa/007.wav,pa,
dataset/yumike/zu/009.wav,zu,
dataset/rinry/hyu/003.wav,hyu,
dataset/rinry/ka/005.wav,ka,
dataset/rikutomike/hyo/004.wav,hyo,
dataset/haruyamike/chi/002.wav,chi,
dataset/haruyamike/e/002.wav,e,
dataset/haruyamike/shu/004.wav,shu,
dataset/yumike/zu/004.wav,zu,
dataset/rinry/di/014.wav,di,
dataset/rinry/di/018.wav,di,
dataset/rinry/ha/020.wav,ha,
dataset/yumike/bu/004.wav,bu,
dataset/rikutomike/ka/002.wav,ka,
dataset/haruyamike/byo/007.wav,byo,
dataset/rinry/hi/003.wav,hi,
dataset/rikutomike/mu/010.wav,mu,
dataset/rikutomike/kyo/009.wav,kyo,
dataset/haruyamike/myo/007.wav,myo,
dataset/yumike/se/001.wav,se,
dataset/haruyamike/ga/003.wav,ga,
dataset/rinry/a/003.wav,a,
dataset/haruyamike/po/008.wav,po,
dataset/yumike/e/008.wav,e,
dataset/rinry/i/013.wav,i,
dataset/rinry/du/013.wav,du,
dataset/rinry/zu/002.wav,zu,
dataset/rinry/ju/018.wav,ju,
dataset/collected/pc_699ec508/1786415327_633602.wav,cha,
dataset/yumike/zu/007.wav,zu,
dataset/yumike/ga/009.wav,ga,
dataset/collected/pc_699ec508/1786535955_743359.wav,nyu,
dataset/haruyamike/ze/002.wav,ze,
dataset/rinry/kyu/012.wav,kyu,
dataset/yumike/di/009.wav,di,
dataset/rikutomike/a/004.wav,a,
dataset/rinry/se/018.wav,se,
dataset/collected/pc_699ec508/1786436369_949444.wav,other,
dataset/rikutomike/go/001.wav,go,
dataset/rikuto/e/009.wav,e,
dataset/haruyamike/zo/007.wav,zo,
dataset/rinry/ga/014.wav,ga,
dataset/collected/pc_699ec508/1786019257_871714.wav,to,
dataset/rikutomike/se/005.wav,se,
dataset/rinry/no/001.wav,no,
dataset/rinry/pya/016.wav,pya,
dataset/rinry/me/016.wav,me,
dataset/rinry/po/012.wav,po,
dataset/rinry/myu/014.wav,myu,
dataset/haruyamike/du/008.wav,du,
dataset/rikutomike/chu/003.wav,chu,
dataset/rikutomike/te/008.wav,te,
dataset/yumike/pyo/002.wav,pyo,
dataset/haruyamike/hya/004.wav,hya,
dataset/haruyamike/to/003.wav,to,
dataset/haruyamike/i/005.wav,i,
dataset/rinry/ra/004.wav,ra,
dataset/yu-ota/u/010.wav,u,
dataset/rinry/mo/007.wav,mo,
dataset/rikutomike/jo/001.wav,jo,
dataset/rinry/re/012.wav,re,
dataset/haruyamike/ji/020.wav,ji,
dataset/rikutomike/no/005.wav,no,
dataset/rikutomike/kya/010.wav,kya,
dataset/rikutomike/nyu/004.wav,nyu,
dataset/rinry/ka/007.wav,ka,
dataset/rikutomike/o/008.wav,o,
dataset/rikutomike/ta/002.wav,ta,
dataset/rikutomike/ru/008.wav,ru,
dataset/yumike/ryu/008.wav,ryu,
dataset/rinry/bu/010.wav,bu,
dataset/yumike/po/003.wav,po,
dataset/rinry/byu/018.wav,byu,
dataset/rinry/nya/012.wav,nya,
dataset/haruyamike/yu/003.wav,yu,
dataset/haruyamike/nyu/003.wav,nyu,
dataset/yumike/do/003.wav,do,
dataset/rinry/bya/012.wav,bya,
dataset/haruyamike/pe/005.wav,pe,
dataset/rinry/ge/017.wav,ge,
dataset/rinry/ju/008.wav,ju,
dataset/rikutomike/nya/002.wav,nya,
dataset/rinry/a/016.wav,a,
dataset/collected/pc_699ec508/1786769629_061075.wav,pu,
dataset/rinry/me/014.wav,me,
dataset/yumike/mu/007.wav,mu,
dataset/collected/pc_699ec508/1786414497_349796.wav,ta,
dataset/rikutomike/pi/008.wav,pi,
dataset/yumike/zu/003.wav,zu,
dataset/rinry/sa/015.wav,sa,
dataset/rinry/ma/016.wav,ma,
dataset/rinry/to/004.wav,to,
dataset/haruyamike/ki/001.wav,ki,
dataset/yumike/kyo/005.wav,kyo,
dataset/yumike/go/005.wav,go,
dataset/yumike/gi/009.wav,gi,
dataset/rinry/bi/010.wav,bi,
dataset/yumike/se/008.wav,se,
dataset/rinry/o/014.wav,o,
dataset/rinry/pi/004.wav,pi,
dataset/haruyamike/hyo/003.wav,hyo,
dataset/rikutomike/wa/006.wav,wa,
dataset/rikutomike/du/008.wav,du,
dataset/rinry/po/010.wav,po,
dataset/rikutomike/rya/005.wav,rya,
dataset/haruyamike/re/006.wav,re,
dataset/haruyamike/kyu/006.wav,kyu,
dataset/collected/pc_699ec508/1786417080_860363.wav,yo,
dataset/ryu/i/003.wav,i,
dataset/haruyamike/ho/001.wav,ho,
dataset/rinry/hyu/010.wav,hyu,
dataset/collected/pc_699ec508/1785933188_654958.wav,e,
dataset/haruyamike/hi/010.wav,hi,
dataset/rikutomike/e/003.wav,e,
dataset/rinry/ke/019.wav,ke,
dataset/collected/pc_699ec508/1786768875_472351.wav,ri,
dataset/yumike/me/008.wav,me,
dataset/rikutomike/ha/006.wav,ha,
dataset/yumike/mu/010.wav,mu,
dataset/rikutomike/yu/010.wav,yu,
dataset/rinry/pa/008.wav,pa,
dataset/haruyamike/ryo/001.wav,ryo,
dataset/yumike/be/001.wav,be,
dataset/rinry/e/015.wav,e,
dataset/rikutomike/ha/002.wav,ha,
dataset/rinry/ra/019.wav,ra,
dataset/yumike/du/005.wav,du,
dataset/haruyamike/ne/008.wav,ne,
dataset/rinry/te/011.wav,te,
dataset/haruyamike/jo/002.wav,jo,
dataset/rikutomike/pu/003.wav,pu,
dataset/rikutomike/myu/010.wav,myu,
dataset/yumike/yo/008.wav,yo,
dataset/rikutomike/ze/007.wav,ze,
dataset/haruyamike/shu/001.wav,shu,
dataset/yu-ota/e/002.wav,e,
dataset/rikuto/o/004.wav,o,
dataset/rikutomike/to/002.wav,to,
dataset/yumike/pyu/005.wav,pyu,
dataset/rinry/ga/013.wav,ga,
dataset/yumike/kyu/003.wav,kyu,
dataset/rikutomike/gyu/010.wav,gyu,
dataset/rikutomike/su/002.wav,su,
dataset/yumike/pa/006.wav,pa,
dataset/yumike/byo/009.wav,byo,
dataset/yumike/hyo/010.wav,hyo,
dataset/yumike/ri/003.wav,ri,
dataset/haruyamike/sa/001.wav,sa,
dataset/haruyamike/zu/008.wav,zu,
dataset/yumike/sho/009.wav,sho,
dataset/rinry/gyu/014.wav,gyu,
dataset/rinry/hi/005.wav,hi,
dataset/haruyamike/gyo/007.wav,gyo,
dataset/yumike/nya/005.wav,nya,
dataset/rinry/sa/007.wav,sa,
dataset/collected/pc_699ec508/1786415286_991381.wav,wa,
dataset/rinry/do/003.wav,do,
dataset/rikutomike/myo/009.wav,myo,
dataset/haruyamike/nya/006.wav,nya,
dataset/rinry/ta/019.wav,ta,
dataset/haruyamike/myu/010.wav,myu,
dataset/rinry/to/019.wav,to,
dataset/rinry/mu/003.wav,mu,
dataset/yumike/hyu/006.wav,hyu,
dataset/rikutomike/da/007.wav,da,
dataset/rinry/ba/005.wav,ba,
dataset/rikutomike/de/006.wav,de,
dataset/yumike/n/005.wav,n,
dataset/yumike/pu/002.wav,pu,
dataset/haruyamike/hyu/008.wav,hyu,
dataset/haruyamike/ya/002.wav,ya,
dataset/yu-ota/o/006.wav,o,
dataset/yumike/da/009.wav,da,
dataset/rikutomike/yo/010.wav,yo,
dataset/collected/pc_699ec508/1786019062_809871.wav,tsu,
dataset/rinry/hyo/020.wav,hyo,
dataset/rinry/cho/003.wav,cho,
dataset/haruyamike/ri/001.wav,ri,
dataset/yumike/yo/003.wav,yo,
dataset/yumike/du/004.wav,du,
dataset/ryu/e/009.wav,e,
dataset/rinry/yo/005.wav,yo,
dataset/rinry/ma/004.wav,ma,
dataset/rinry/go/005.wav,go,
dataset/haruyamike/ba/006.wav,ba,
dataset/rinry/du/002.wav,du,
dataset/yu-ota/e/008.wav,e,
dataset/rinry/gu/005.wav,gu,
dataset/haruyamike/mo/004.wav,mo,
dataset/rikutomike/pya/007.wav,pya,
dataset/rinry/nyu/009.wav,nyu,
dataset/haruyamike/e/001.wav,e,
dataset/rinry/ma/003.wav,ma,
dataset/haruyamike/nyu/007.wav,nyu,
dataset/rikutomike/no/010.wav,no,
dataset/haruyamike/sa/007.wav,sa,
dataset/ryu/i/007.wav,i,
dataset/haruyamike/ryo/006.wav,ryo,
dataset/rinry/ju/013.wav,ju,
dataset/rinry/i/014.wav,i,
dataset/rinry/mu/014.wav,mu,
dataset/yumike/bo/002.wav,bo,
dataset/rinry/do/018.wav,do,
dataset/rikutomike/shu/005.wav,shu,
dataset/rinry/ya/018.wav,ya,
dataset/rikutomike/ge/007.wav,ge,
dataset/rinry/gya/006.wav,gya,
dataset/rikutomike/pa/005.wav,pa,
dataset/yumike/ge/006.wav,ge,
dataset/rinry/jo/011.wav,jo,
dataset/rinry/tsu/014.wav,tsu,
dataset/yumike/wa/009.wav,wa,
dataset/rinry/sho/003.wav,sho,
dataset/yumike/jo/010.wav,jo,
dataset/rinry/kya/015.wav,kya,
dataset/haruyamike/pi/009.wav,pi,
dataset/rikutomike/pe/006.wav,pe,
dataset/rikutomike/be/001.wav,be,
dataset/rinry/zu/008.wav,zu,
dataset/rinry/wa/016.wav,wa,
dataset/haruyamike/pu/010.wav,pu,
dataset/haruyamike/wa/007.wav,wa,
dataset/rikutomike/o/009.wav,o,
dataset/yu-ota/e/007.wav,e,
dataset/yumike/myo/009.wav,myo,
dataset/rikutomike/kya/009.wav,kya,
dataset/rinry/za/013.wav,za,
dataset/rikutomike/ni/005.wav,ni,
dataset/rikutomike/mo/004.wav,mo,
dataset/rinry/kya/006.wav,kya,
dataset/rikutomike/po/009.wav,po,
dataset/rikuto/a/008.wav,a,
dataset/haruyamike/chu/002.wav,chu,
dataset/rikutomike/de/005.wav,de,
dataset/rikutomike/hya/004.wav,hya,
dataset/haruyamike/ku/009.wav,ku,
dataset/rinry/tsu/001.wav,tsu,
dataset/yumike/sa/008.wav,sa,
dataset/rinry/ju/004.wav,ju,
dataset/rikutomike/se/007.wav,se,
dataset/rinry/ma/008.wav,ma,
dataset/rikutomike/chu/002.wav,chu,
dataset/rinry/ju/009.wav,ju,
dataset/rinry/shi/001.wav,shi,
dataset/haruyamike/ke/010.wav,ke,
dataset/haruyamike/nyo/007.wav,nyo,
dataset/rikutomike/pyu/007.wav,pyu,
dataset/haruyamike/sha/010.wav,sha,
dataset/rikuto/a/002.wav,a,
dataset/rinry/ka/014.wav,ka,
dataset/rinry/ko/013.wav,ko,
dataset/rikutomike/ro/002.wav,ro,
dataset/rinry/ji/004.wav,ji,
dataset/yumike/wo/006.wav,wo,
dataset/yu-ota/u/006.wav,u,
dataset/rikutomike/bu/010.wav,bu,
dataset/haruyamike/ge/013.wav,ge,
dataset/rinry/cho/008.wav,cho,
dataset/rikutomike/ba/004.wav,ba,
dataset/haruyamike/hi/008.wav,hi,
dataset/rikutomike/ju/010.wav,ju,
dataset/rinry/ge/003.wav,ge,
dataset/rinry/mu/013.wav,mu,
dataset/rinry/sho/006.wav,sho,
dataset/rinry/ba/019.wav,ba,
dataset/yumike/jo/004.wav,jo,
dataset/yumike/gya/003.wav,gya,
dataset/haruyamike/u/001.wav,u,
dataset/haruyamike/so/001.wav,so,
dataset/rikutomike/i/007.wav,i,
dataset/rinry/jo/016.wav,jo,
dataset/rinry/za/018.wav,za,
dataset/yumike/ta/005.wav,ta,
dataset/haruyamike/tsu/007.wav,tsu,
dataset/rinry/mya/019.wav,mya,
dataset/haruyamike/rya/009.wav,rya,
dataset/rikutomike/ke/010.wav,ke,
dataset/rinry/be/017.wav,be,
dataset/rinry/re/013.wav,re,
dataset/rinry/be/005.wav,be,
dataset/rinry/byu/001.wav,byu,
dataset/rikutomike/ma/004.wav,ma,
dataset/rikutomike/myu/009.wav,myu,
dataset/rinry/kya/018.wav,kya,
dataset/rikutomike/gya/003.wav,gya,
dataset/collected/pc_e1f2c4f8/1786672237_011612.wav,sa,
dataset/rikutomike/ri/001.wav,ri,
dataset/collected/pc_b34a3877/1786550177_442431.wav,ra,
dataset/rinry/nu/007.wav,nu,
dataset/rikutomike/rya/003.wav,rya,
dataset/haruyamike/nu/006.wav,nu,
dataset/rikutomike/bi/009.wav,bi,
dataset/rinry/bya/003.wav,bya,
dataset/collected/pc_699ec508/1786019033_08446.wav,ku,
dataset/rikutomike/do/008.wav,do,
dataset/haruyamike/pe/008.wav,pe,
dataset/rikutomike/du/001.wav,du,
dataset/rinry/hi/001.wav,hi,
dataset/collected/pc_699ec508/1786769538_888897.wav,no,
dataset/collected/pc_b34a3877/1786550205_003089.wav,ryo,
dataset/rinry/wo/015.wav,wo,
dataset/rinry/gyo/008.wav,gyo,
dataset/rinry/so/015.wav,so,
dataset/rinry/fu/004.wav,fu,
dataset/haruyamike/pe/004.wav,pe,
dataset/haruyamike/to/005.wav,to,
dataset/rinry/he/004.wav,he,
dataset/rinry/wa/007.wav,wa,
dataset/yumike/fu/009.wav,fu,
dataset/collected/pc_699ec508/1786019407_278191.wav,so,
dataset/haruyamike/po/012.wav,po,
dataset/yumike/su/003.wav,su,
dataset/rinry/wa/006.wav,wa,
dataset/rikutomike/kyo/005.wav,kyo,
dataset/yumike/pu/009.wav,pu,
dataset/rikutomike/pya/002.wav,pya,
dataset/rinry/pu/009.wav,pu,
dataset/yu-ota/u/002.wav,u,
dataset/rinry/yu/012.wav,yu,
dataset/rikutomike/yu/002.wav,yu,
dataset/reon/o/003.wav,o,
dataset/rikuto/u/008.wav,u,
dataset/haruyamike/ryu/004.wav,ryu,
dataset/rinry/nyu/015.wav,nyu,
dataset/haruyamike/wa/004.wav,wa,
dataset/rinry/ho/006.wav,ho,
dataset/rinry/sha/016.wav,sha,
dataset/collected/pc_699ec508/1786019463_499249.wav,n,
dataset/rikutomike/cha/002.wav,cha,
dataset/rikutomike/u/007.wav,u,
dataset/rinry/do/010.wav,do,
dataset/rinry/e/004.wav,e,
dataset/rinry/mu/007.wav,mu,
dataset/rinry/di/006.wav,di,
dataset/rinry/bi/004.wav,bi,
dataset/ryu/e/010.wav,e,
dataset/haruyamike/nu/005.wav,nu,
dataset/rikutomike/ja/001.wav,ja,
dataset/rinry/hyo/009.wav,hyo,
dataset/rinry/myo/006.wav,myo,
dataset/rikutomike/te/009.wav,te,
dataset/yumike/ri/002.wav,ri,
dataset/haruyamike/i/010.wav,i,
dataset/rinry/byu/011.wav,byu,
dataset/rikutomike/rya/002.wav,rya,
dataset/yumike/ri/004.wav,ri,
dataset/rinry/fu/020.wav,fu,
dataset/yumike/hyu/004.wav,hyu,
dataset/rinry/ke/009.wav,ke,
dataset/rikutomike/kyo/002.wav,kyo,
dataset/haruyamike/di/010.wav,di,
dataset/haruyamike/o/010.wav,o,
dataset/rinry/u/020.wav,u,
dataset/rinry/rya/001.wav,rya,
dataset/haruyamike/ta/003.wav,ta,
dataset/rinry/ma/012.wav,ma,
dataset/yu-ota/u/007.wav,u,
dataset/haruyamike/mi/007.wav,mi,
dataset/rikutomike/ra/007.wav,ra,
dataset/yu-ota/a/010.wav,a,
dataset/rikuto/a/003.wav,a,
dataset/yumike/se/003.wav,se,
dataset/haruyamike/e/008.wav,e,
dataset/rinry/hyu/013.wav,hyu,
dataset/yumike/jo/006.wav,jo,
dataset/yumike/hya/010.wav,hya,
dataset/haruyamike/myo/002.wav,myo,
dataset/yumike/sha/009.wav,sha,
dataset/rinry/ru/012.wav,ru,
dataset/rikutomike/ta/006.wav,ta,
dataset/rinry/nyo/006.wav,nyo,
dataset/haruyamike/cha/001.wav,cha,
dataset/rinry/cho/006.wav,cho,
dataset/rinry/ma/006.wav,ma,
dataset/rinry/byu/008.wav,byu,
dataset/rinry/ku/016.wav,ku,
dataset/yumike/wa/003.wav,wa,
dataset/haruyamike/chi/005.wav,chi,
dataset/rinry/ma/013.wav,ma,
dataset/rinry/chu/011.wav,chu,
dataset/yumike/chu/004.wav,chu,
dataset/rikutomike/gu/004.wav,gu,
dataset/rikutomike/pyu/002.wav,pyu,
dataset/rinry/nyu/002.wav,nyu,
dataset/rinry/n/020.wav,n,
dataset/rikutomike/ku/007.wav,ku,
dataset/reon/e/004.wav,e,
dataset/rikutomike/cho/010.wav,cho,
dataset/yumike/myu/007.wav,myu,
dataset/rinry/ro/011.wav,ro,
dataset/haruyamike/zo/006.wav,zo,
dataset/rinry/chi/006.wav,chi,
dataset/haruyamike/ba/002.wav,ba,
dataset/rinry/i/019.wav,i,
dataset/rikutomike/ka/010.wav,ka,
dataset/haruyamike/yo/010.wav,yo,
dataset/haruyamike/hyo/002.wav,hyo,
dataset/rinry/bya/002.wav,bya,
dataset/rinry/o/017.wav,o,
dataset/collected/pc_699ec508/1786436363_476311.wav,rya,
dataset/yumike/ku/004.wav,ku,
dataset/yumike/he/005.wav,he,
dataset/collected/pc_e1f2c4f8/1786672124_306124.wav,a,
dataset/haruyamike/ra/007.wav,ra,
dataset/rinry/wo/012.wav,wo,
dataset/rinry/nyo/020.wav,nyo,
dataset/yu-ota/o/009.wav,o,
dataset/yumike/de/009.wav,de,
dataset/haruyamike/so/003.wav,so,
dataset/rikutomike/go/005.wav,go,
dataset/rikutomike/u/008.wav,u,
dataset/rinry/shu/006.wav,shu,
dataset/rikutomike/ba/005.wav,ba,
dataset/rinry/ga/018.wav,ga,
dataset/rinry/hyo/013.wav,hyo,
dataset/yumike/byo/006.wav,byo,
dataset/haruyamike/te/001.wav,te,
dataset/rikutomike/so/010.wav,so,
dataset/collected/pc_699ec508/1786768822_534378.wav,nya,
dataset/rinry/ra/002.wav,ra,
dataset/rinry/sho/007.wav,sho,
dataset/yumike/za/003.wav,za,
dataset/yumike/ko/002.wav,ko,
dataset/rinry/go/004.wav,go,
dataset/rinry/bu/020.wav,bu,
dataset/haruyamike/hya/007.wav,hya,
dataset/rikutomike/chu/009.wav,chu,
dataset/rikutomike/be/005.wav,be,
dataset/rikutomike/so/009.wav,so,
dataset/yumike/se/004.wav,se,
dataset/rinry/du/006.wav,du,
dataset/rikutomike/pya/010.wav,pya,
dataset/rinry/nu/008.wav,nu,
dataset/rikutomike/zo/009.wav,zo,
dataset/haruyamike/gya/007.wav,gya,
dataset/rinry/zu/019.wav,zu,
dataset/yumike/mi/002.wav,mi,
dataset/rinry/so/013.wav,so,
dataset/rinry/tsu/017.wav,tsu,
dataset/rinry/nyu/001.wav,nyu,
dataset/rinry/mu/012.wav,mu,
dataset/rinry/he/002.wav,he,
dataset/rinry/di/015.wav,di,
dataset/haruyamike/nu/004.wav,nu,
dataset/rinry/yu/007.wav,yu,
dataset/rinry/ja/005.wav,ja,
dataset/rinry/da/006.wav,da,
dataset/rinry/pe/002.wav,pe,
dataset/haruyamike/hi/001.wav,hi,
dataset/rinry/to/018.wav,to,
dataset/rinry/myo/001.wav,myo,
dataset/yumike/shu/008.wav,shu,
dataset/yumike/shi/010.wav,shi,
dataset/yumike/go/006.wav,go,
dataset/rikutomike/ma/007.wav,ma,
dataset/reon/i/005.wav,i,
dataset/rikutomike/shi/006.wav,shi,
dataset/rikutomike/rya/010.wav,rya,
dataset/yumike/bi/006.wav,bi,
dataset/haruyamike/ma/010.wav,ma,
dataset/yumike/jo/002.wav,jo,
dataset/rinry/hya/004.wav,hya,
dataset/yumike/hya/002.wav,hya,
dataset/rinry/gya/005.wav,gya,
dataset/yumike/da/001.wav,da,
dataset/rinry/pyo/014.wav,pyo,
dataset/rikutomike/jo/008.wav,jo,
dataset/rikutomike/ja/005.wav,ja,
dataset/yumike/ki/008.wav,ki,
dataset/rinry/ja/018.wav,ja,
dataset/rikutomike/ka/001.wav,ka,
dataset/yumike/to/006.wav,to,
dataset/haruyamike/so/004.wav,so,
dataset/haruyamike/ma/001.wav,ma,
dataset/rikutomike/pi/005.wav,pi,
dataset/yumike/po/002.wav,po,
dataset/rinry/ma/007.wav,ma,
dataset/collected/pc_699ec508/1786770931_830542.wav,ho,
dataset/yumike/go/009.wav,go,
dataset/haruyamike/ke/005.wav,ke,
dataset/haruyamike/mu/002.wav,mu,
dataset/rinry/bu/019.wav,bu,
dataset/yumike/jo/001.wav,jo,
dataset/haruyamike/ku/001.wav,ku,
dataset/rikutomike/gi/007.wav,gi,
dataset/haruyamike/bi/007.wav,bi,
dataset/rinry/ko/012.wav,ko,
dataset/yumike/ma/001.wav,ma,
dataset/haruyamike/kyu/004.wav,kyu,
dataset/rinry/shi/006.wav,shi,
dataset/yumike/gu/003.wav,gu,
dataset/haruyamike/ta/007.wav,ta,
dataset/rinry/gya/014.wav,gya,
dataset/haruyamike/zo/001.wav,zo,
dataset/rinry/ge/004.wav,ge,
dataset/rinry/sha/007.wav,sha,
dataset/haruyamike/myu/001.wav,myu,
dataset/rinry/hi/016.wav,hi,
dataset/rinry/ja/019.wav,ja,
dataset/rinry/ba/002.wav,ba,
dataset/haruyamike/ka/007.wav,ka,
dataset/rinry/yo/001.wav,yo,
dataset/haruyamike/hi/009.wav,hi,
dataset/yumike/za/010.wav,za,
dataset/rikutomike/kya/006.wav,kya,
dataset/rikutomike/kyo/006.wav,kyo,
dataset/yumike/ryo/003.wav,ryo,
dataset/collected/pc_699ec508/1786415138_296315.wav,se,
dataset/rinry/i/006.wav,i,
dataset/rinry/hyu/001.wav,hyu,
dataset/haruyamike/ki/004.wav,ki,
dataset/rinry/shi/004.wav,shi,
dataset/rinry/sha/018.wav,sha,
dataset/rikutomike/ru/004.wav,ru,
dataset/rinry/ha/009.wav,ha,
dataset/rikutomike/ho/006.wav,ho,
dataset/reon/a/003.wav,a,
dataset/rikutomike/nyu/005.wav,nyu,
dataset/rinry/du/012.wav,du,
dataset/haruyamike/de/008.wav,de,
dataset/rikutomike/ru/006.wav,ru,
dataset/haruyamike/ku/007.wav,ku,
dataset/rikutomike/ha/005.wav,ha,
dataset/yumike/sho/007.wav,sho,
dataset/yumike/ru/005.wav,ru,
dataset/rikutomike/e/008.wav,e,
dataset/rikutomike/di/007.wav,di,
dataset/yumike/pi/019.wav,pi,
dataset/rinry/ni/020.wav,ni,
dataset/rikutomike/rya/006.wav,rya,
dataset/rinry/pya/017.wav,pya,
dataset/rikutomike/za/010.wav,za,
dataset/rikutomike/na/007.wav,na,
dataset/rinry/se/009.wav,se,
dataset/yumike/kyu/006.wav,kyu,
dataset/yumike/shu/009.wav,shu,
dataset/rinry/gyo/012.wav,gyo,
dataset/rinry/ju/016.wav,ju,
dataset/rikutomike/di/010.wav,di,
dataset/yu-ota/o/003.wav,o,
dataset/haruyamike/ta/006.wav,ta,
dataset/yumike/se/002.wav,se,
dataset/haruyamike/gu/009.wav,gu,
dataset/rinry/pu/003.wav,pu,
dataset/rinry/di/011.wav,di,
dataset/ryu/o/004.wav,o,
dataset/haruyamike/o/006.wav,o,
dataset/haruyamike/do/007.wav,do,
dataset/yumike/kya/010.wav,kya,
dataset/yumike/ki/010.wav,ki,
dataset/rinry/wa/005.wav,wa,
dataset/haruyamike/pu/004.wav,pu,
dataset/rinry/sho/005.wav,sho,
dataset/rinry/da/016.wav,da,
dataset/yumike/gya/007.wav,gya,
dataset/yumike/nu/004.wav,nu,
dataset/rinry/sha/001.wav,sha,
dataset/haruyamike/be/003.wav,be,
dataset/yumike/di/003.wav,di,
dataset/yumike/byu/004.wav,byu,
dataset/rinry/da/007.wav,da,
dataset/rinry/nyu/010.wav,nyu,
dataset/rikutomike/hyo/003.wav,hyo,
dataset/collected/pc_699ec508/1786769612_57844.wav,hyo,
dataset/haruyamike/n/007.wav,n,
dataset/rikutomike/ho/010.wav,ho,
dataset/rinry/shu/020.wav,shu,
dataset/yumike/ru/007.wav,ru,
dataset/collected/pc_e1f2c4f8/1786672348_509145.wav,other,
dataset/yumike/hya/009.wav,hya,
dataset/ryu/u/008.wav,u,
dataset/haruyamike/da/005.wav,da,
dataset/rikutomike/tsu/007.wav,tsu,
dataset/haruyamike/ta/001.wav,ta,
dataset/yumike/ma/006.wav,ma,
dataset/rinry/sho/015.wav,sho,
dataset/rinry/bo/018.wav,bo,
dataset/rinry/yo/011.wav,yo,
dataset/yumike/kya/002.wav,kya,
dataset/rinry/pe/006.wav,pe,
dataset/yumike/byo/005.wav,byo,
dataset/haruyamike/bi/004.wav,bi,
dataset/rinry/chi/004.wav,chi,
dataset/rinry/de/019.wav,de,
dataset/haruyamike/re/009.wav,re,
dataset/rinry/chi/018.wav,chi,
dataset/rinry/ku/002.wav,ku,
dataset/rinry/ha/014.wav,ha,
dataset/rinry/byo/007.wav,byo,
dataset/yumike/ju/005.wav,ju,
dataset/yumike/mo/001.wav,mo,
dataset/rinry/ri/010.wav,ri,
dataset/rinry/be/001.wav,be,
dataset/rinry/bi/001.wav,bi,
dataset/rinry/fu/015.wav,fu,
dataset/rikutomike/pa/003.wav,pa,
dataset/rinry/fu/007.wav,fu,
dataset/rikutomike/ma/006.wav,ma,
dataset/haruyamike/ge/015.wav,ge,
dataset/yumike/n/002.wav,n,
dataset/rinry/hyo/006.wav,hyo,
dataset/yumike/he/003.wav,he,
dataset/rinry/pyu/011.wav,pyu,
dataset/rikutomike/wa/008.wav,wa,
dataset/rinry/ni/018.wav,ni,
dataset/haruyamike/su/004.wav,su,
dataset/yu-ota/u/009.wav,u,
dataset/rikutomike/mya/002.wav,mya,
dataset/rinry/kyo/007.wav,kyo,
dataset/yumike/so/010.wav,so,
dataset/rikutomike/mu/002.wav,mu,
dataset/rinry/gi/014.wav,gi,
dataset/rinry/myo/005.wav,myo,
dataset/haruyamike/sa/002.wav,sa,
dataset/rinry/nyo/010.wav,nyo,
dataset/yumike/ta/004.wav,ta,
dataset/rikutomike/me/004.wav,me,
dataset/rikutomike/za/003.wav,za,
dataset/rikutomike/kyu/008.wav,kyu,
dataset/rinry/o/019.wav,o,
dataset/rikutomike/bo/009.wav,bo,
dataset/rikutomike/pyu/006.wav,pyu,
dataset/haruyamike/pa/008.wav,pa,
dataset/rinry/da/011.wav,da,
dataset/rikutomike/n/008.wav,n,
dataset/yumike/ro/005.wav,ro,
dataset/haruyamike/ba/005.wav,ba,
dataset/collected/pc_699ec508/1786769591_524101.wav,bi,
dataset/rinry/pa/011.wav,pa,
dataset/rinry/ni/001.wav,ni,
dataset/yumike/pa/009.wav,pa,
dataset/rikutomike/bu/004.wav,bu,
dataset/haruyamike/se/008.wav,se,
dataset/rinry/ju/005.wav,ju,
dataset/rinry/u/017.wav,u,
dataset/haruyamike/byo/009.wav,byo,
dataset/haruyamike/gya/006.wav,gya,
dataset/rinry/n/014.wav,n,
dataset/rinry/gya/015.wav,gya,
dataset/rinry/sha/006.wav,sha,
dataset/rinry/ha/016.wav,ha,
dataset/rikutomike/ra/004.wav,ra,
dataset/rinry/ze/007.wav,ze,
dataset/haruyamike/ryo/008.wav,ryo,
dataset/reon/u/001.wav,u,
dataset/rinry/ma/005.wav,ma,
dataset/haruyamike/ri/002.wav,ri,
dataset/haruyamike/nyu/010.wav,nyu,
dataset/rinry/so/019.wav,so,
dataset/rikutomike/gi/001.wav,gi,
dataset/rikutomike/pi/010.wav,pi,
dataset/rinry/o/020.wav,o,
dataset/rikutomike/byo/001.wav,byo,
dataset/haruyamike/ku/010.wav,ku,
dataset/rinry/byo/001.wav,byo,
dataset/collected/pc_699ec508/1786415149_404315.wav,so,
dataset/yumike/u/008.wav,u,
dataset/rinry/ku/003.wav,ku,
dataset/rinry/gi/004.wav,gi,
dataset/rikutomike/chi/007.wav,chi,
dataset/collected/pc_699ec508/1786535927_44295.wav,chu,
dataset/rikutomike/i/002.wav,i,
dataset/rikutomike/ryo/005.wav,ryo,
dataset/rinry/mi/001.wav,mi,
dataset/rikutomike/ga/004.wav,ga,
dataset/rinry/zu/017.wav,zu,
dataset/collected/pc_699ec508/1786771006_991108.wav,mo,
dataset/rikutomike/gya/004.wav,gya,
dataset/yumike/ri/006.wav,ri,
dataset/rinry/ni/007.wav,ni,
dataset/rinry/ku/004.wav,ku,
dataset/haruyamike/be/001.wav,be,
dataset/reon/e/002.wav,e,
dataset/collected/pc_699ec508/1786436348_531807.wav,other,
dataset/rinry/mu/004.wav,mu,
dataset/yu-ota/a/007.wav,a,
dataset/reon/a/007.wav,a,
dataset/rinry/hi/008.wav,hi,
dataset/rinry/ta/004.wav,ta,
dataset/rinry/ja/010.wav,ja,
dataset/ryu/e/003.wav,e,
dataset/rinry/so/014.wav,so,
dataset/rinry/ki/020.wav,ki,
dataset/rinry/ze/018.wav,ze,
dataset/rinry/u/009.wav,u,
dataset/mikeryu/o/009.wav,o,
dataset/rinry/ji/010.wav,ji,
dataset/yumike/to/009.wav,to,
dataset/haruyamike/na/007.wav,na,
dataset/rinry/ta/017.wav,ta,
dataset/rinry/ni/011.wav,ni,
dataset/rikutomike/ke/005.wav,ke,
dataset/collected/pc_699ec508/1786019249_663338.wav,ko,
dataset/collected/pc_e1f2c4f8/1786495892_86565.wav,na,
dataset/haruyamike/sha/001.wav,sha,
dataset/rinry/n/006.wav,n,
dataset/rikutomike/du/009.wav,du,
dataset/rinry/gya/012.wav,gya,
dataset/rinry/myu/018.wav,myu,
dataset/mikeryu/i/002.wav,i,
dataset/rinry/no/006.wav,no,
dataset/haruyamike/kya/001.wav,kya,
dataset/rinry/gu/015.wav,gu,
dataset/rinry/tsu/009.wav,tsu,
dataset/reon/u/004.wav,u,
dataset/rinry/ze/008.wav,ze,
dataset/rikutomike/gyo/010.wav,gyo,
dataset/rinry/ku/020.wav,ku,
dataset/rinry/mo/008.wav,mo,
dataset/yumike/mi/007.wav,mi,
dataset/rinry/pa/012.wav,pa,
dataset/haruyamike/cho/003.wav,cho,
dataset/haruyamike/cho/002.wav,cho,
dataset/yumike/na/002.wav,na,
dataset/mikeryu/i/004.wav,i,
dataset/rinry/bi/008.wav,bi,
dataset/rikutomike/de/003.wav,de,
dataset/yumike/ma/007.wav,ma,
dataset/haruyamike/o/004.wav,o,
dataset/rinry/ge/018.wav,ge,
dataset/yumike/gyo/002.wav,gyo,
dataset/rikuto/i/005.wav,i,
dataset/rinry/sho/019.wav,sho,
dataset/rinry/nya/006.wav,nya,
dataset/rinry/ki/014.wav,ki,
dataset/rinry/go/020.wav,go,
dataset/yumike/pu/005.wav,pu,
dataset/yumike/ja/008.wav,ja,
dataset/haruyamike/ra/002.wav,ra,
dataset/rinry/ryu/003.wav,ryu,
dataset/haruyamike/bo/002.wav,bo,
dataset/rikuto/e/003.wav,e,
dataset/rinry/gya/019.wav,gya,
dataset/rinry/sho/016.wav,sho,
dataset/rinry/rya/005.wav,rya,
dataset/yumike/zo/005.wav,zo,
dataset/rikutomike/ro/003.wav,ro,
dataset/rikuto/a/004.wav,a,
dataset/yumike/sa/009.wav,sa,
dataset/rinry/se/013.wav,se,
dataset/rikutomike/sha/003.wav,sha,
dataset/rikutomike/byo/002.wav,byo,
dataset/rinry/su/020.wav,su,
dataset/haruyamike/te/004.wav,te,
dataset/haruyamike/u/010.wav,u,
dataset/rikutomike/so/008.wav,so,
dataset/rinry/mya/011.wav,mya,
dataset/rinry/ra/012.wav,ra,
dataset/yumike/u/009.wav,u,
dataset/rinry/e/020.wav,e,
dataset/rikutomike/u/001.wav,u,
dataset/haruyamike/chi/004.wav,chi,
dataset/rinry/ne/018.wav,ne,
dataset/haruyamike/bya/003.wav,bya,
dataset/haruyamike/na/002.wav,na,
dataset/rinry/nyo/016.wav,nyo,
dataset/haruyamike/fu/002.wav,fu,
dataset/yumike/shi/004.wav,shi,
dataset/rinry/bu/012.wav,bu,
dataset/rinry/to/014.wav,to,
dataset/rikutomike/ge/008.wav,ge,
dataset/rikutomike/pyu/001.wav,pyu,
dataset/haruyamike/pe/006.wav,pe,
dataset/rikutomike/do/010.wav,do,
dataset/yumike/kya/006.wav,kya,
dataset/rikutomike/gi/005.wav,gi,
dataset/rikutomike/sho/006.wav,sho,
dataset/haruyamike/gu/008.wav,gu,
dataset/rikutomike/yo/003.wav,yo,
dataset/haruyamike/hya/010.wav,hya,
dataset/rinry/ya/013.wav,ya,
dataset/rikutomike/se/010.wav,se,
dataset/yumike/de/005.wav,de,
dataset/rikutomike/sha/004.wav,sha,
dataset/rinry/myu/017.wav,myu,
dataset/yumike/cho/006.wav,cho,
dataset/yumike/ja/006.wav,ja,
dataset/haruyamike/a/009.wav,a,
dataset/rinry/te/016.wav,te,
dataset/haruyamike/yu/007.wav,yu,
dataset/yumike/hyo/008.wav,hyo,
dataset/haruyamike/yu/005.wav,yu,
dataset/rinry/gya/016.wav,gya,
dataset/yumike/cha/001.wav,cha,
dataset/rinry/bya/013.wav,bya,
dataset/rikutomike/nyo/004.wav,nyo,
dataset/yumike/do/008.wav,do,
dataset/rinry/ba/003.wav,ba,
dataset/haruyamike/kyo/008.wav,kyo,
dataset/rinry/cho/012.wav,cho,
dataset/rinry/nu/004.wav,nu,
dataset/collected/pc_699ec508/1786535902_417682.wav,kyo,
dataset/yumike/rya/009.wav,rya,
dataset/rinry/bya/005.wav,bya,
dataset/haruyamike/zo/008.wav,zo,
dataset/rinry/ha/017.wav,ha,
dataset/rikutomike/kyu/006.wav,kyu,
dataset/rinry/ya/019.wav,ya,
dataset/rikutomike/ryo/006.wav,ryo,
dataset/haruyamike/pyu/003.wav,pyu,
dataset/haruyamike/pyu/007.wav,pyu,
dataset/rikutomike/pyo/004.wav,pyo,
dataset/rinry/zo/020.wav,zo,
dataset/rinry/nyo/014.wav,nyo,
dataset/haruyamike/nya/009.wav,nya,
dataset/rinry/bi/011.wav,bi,
dataset/yumike/ji/001.wav,ji,
dataset/rinry/mi/016.wav,mi,
dataset/collected/pc_699ec508/1786535876_522827.wav,pi,
dataset/yumike/ho/010.wav,ho,
dataset/rinry/ju/011.wav,ju,
dataset/rikutomike/ta/001.wav,ta,
dataset/haruyamike/se/004.wav,se,
dataset/yumike/mu/001.wav,mu,
dataset/rikutomike/a/001.wav,a,
dataset/collected/pc_699ec508/1786008789_948639.wav,o,
dataset/rinry/fu/019.wav,fu,
dataset/rinry/byu/012.wav,byu,
dataset/yumike/pu/010.wav,pu,
dataset/rinry/su/015.wav,su,
dataset/rinry/mu/017.wav,mu,
dataset/rikutomike/mu/001.wav,mu,
dataset/yumike/na/006.wav,na,
dataset/rikutomike/re/007.wav,re,
dataset/yumike/mo/002.wav,mo,
dataset/rikutomike/go/010.wav,go,
dataset/haruyamike/mo/003.wav,mo,
dataset/haruyamike/hyo/004.wav,hyo,
dataset/rinry/n/008.wav,n,
dataset/yumike/sho/008.wav,sho,
dataset/rinry/gyu/008.wav,gyu,
dataset/haruyamike/he/009.wav,he,
dataset/yumike/kyu/007.wav,kyu,
dataset/yumike/n/009.wav,n,
dataset/rinry/kya/004.wav,kya,
dataset/rinry/gu/010.wav,gu,
dataset/rinry/so/003.wav,so,
dataset/yumike/zu/005.wav,zu,
dataset/rinry/gyu/007.wav,gyu,
dataset/rinry/ke/012.wav,ke,
dataset/haruyamike/i/007.wav,i,
dataset/haruyamike/ja/008.wav,ja,
dataset/rikutomike/pi/002.wav,pi,
dataset/haruyamike/pyu/009.wav,pyu,
dataset/collected/pc_699ec508/1786415275_47004.wav,ru,
dataset/rikutomike/kya/004.wav,kya,
dataset/yumike/di/006.wav,di,
dataset/haruyamike/o/007.wav,o,
dataset/yumike/ko/006.wav,ko,
dataset/rikutomike/gyo/003.wav,gyo,
dataset/rinry/ba/004.wav,ba,
dataset/rinry/ge/011.wav,ge,
dataset/haruyamike/za/003.wav,za,
dataset/rinry/sho/020.wav,sho,
dataset/rikutomike/n/010.wav,n,
dataset/rikutomike/gu/003.wav,gu,
dataset/rinry/o/004.wav,o,
dataset/haruyamike/nu/010.wav,nu,
dataset/rinry/na/007.wav,na,
dataset/rinry/gya/008.wav,gya,
dataset/rinry/o/009.wav,o,
dataset/rinry/sho/004.wav,sho,
dataset/rinry/te/010.wav,te,
dataset/yumike/kyu/005.wav,kyu,
dataset/rikuto/u/001.wav,u,
dataset/rinry/pe/017.wav,pe,
dataset/rikutomike/ku/002.wav,ku,
dataset/yumike/sa/007.wav,sa,
dataset/yumike/mya/010.wav,mya,
dataset/yumike/zu/006.wav,zu,
dataset/rinry/yu/013.wav,yu,
dataset/rikutomike/sho/010.wav,sho,
dataset/rinry/pa/018.wav,pa,
dataset/haruyamike/ra/005.wav,ra,
dataset/haruyamike/ya/009.wav,ya,
dataset/rikutomike/cho/003.wav,cho,
dataset/rikutomike/ha/009.wav,ha,
dataset/haruyamike/e/009.wav,e,
dataset/rikutomike/su/005.wav,su,
dataset/collected/pc_699ec508/1786019102_691495.wav,shi,
dataset/rinry/pe/011.wav,pe,
dataset/collected/pc_699ec508/1786288608_003187.wav,ki,
dataset/mikeryu/a/006.wav,a,
dataset/haruyamike/jo/006.wav,jo,
dataset/rinry/o/012.wav,o,
dataset/rinry/so/007.wav,so,
dataset/rinry/kya/010.wav,kya,
dataset/haruyamike/sha/009.wav,sha,
dataset/yumike/mu/008.wav,mu,
dataset/rinry/bi/017.wav,bi,
dataset/yumike/kyo/006.wav,kyo,
dataset/yumike/nyu/002.wav,nyu,
dataset/haruyamike/na/008.wav,na,
dataset/reon/i/006.wav,i,
dataset/rinry/ri/014.wav,ri,
dataset/rikutomike/du/006.wav,du,
dataset/haruyamike/hya/002.wav,hya,
dataset/rinry/yu/008.wav,yu,
dataset/yumike/cha/006.wav,cha,
dataset/haruyamike/pyu/005.wav,pyu,
dataset/haruyamike/go/005.wav,go,
dataset/rinry/ru/011.wav,ru,
dataset/rinry/chu/018.wav,chu,
dataset/yumike/bu/005.wav,bu,
dataset/rikutomike/bu/008.wav,bu,
dataset/rikutomike/go/006.wav,go,
dataset/collected/pc_699ec508/1786415367_578545.wav,myu,
dataset/rinry/bya/001.wav,bya,
dataset/rinry/ma/018.wav,ma,
dataset/haruyamike/do/003.wav,do,
dataset/rikutomike/cho/001.wav,cho,
dataset/yumike/tsu/002.wav,tsu,
dataset/rinry/myo/013.wav,myo,
dataset/haruyamike/ho/010.wav,ho,
dataset/rinry/ni/017.wav,ni,
dataset/yumike/e/007.wav,e,
dataset/rikutomike/mu/006.wav,mu,
dataset/yumike/i/003.wav,i,
dataset/rinry/byu/020.wav,byu,
dataset/rikutomike/hya/002.wav,hya,
dataset/rinry/se/005.wav,se,
dataset/haruyamike/kyo/007.wav,kyo,
dataset/yumike/wo/005.wav,wo,
dataset/haruyamike/sha/004.wav,sha,
dataset/rinry/zo/002.wav,zo,
dataset/rikutomike/pya/001.wav,pya,
dataset/rinry/kyo/012.wav,kyo,
dataset/collected/pc_699ec508/1786535689_13702.wav,ma,
dataset/rinry/gi/007.wav,gi,
dataset/rinry/bo/012.wav,bo,
dataset/rikutomike/u/004.wav,u,
dataset/rinry/gyu/009.wav,gyu,
dataset/rinry/chu/020.wav,chu,
dataset/rinry/du/010.wav,du,
dataset/yumike/bu/010.wav,bu,
dataset/rinry/po/019.wav,po,
dataset/reon/o/006.wav,o,
dataset/haruyamike/ryu/008.wav,ryu,
dataset/haruyamike/ru/008.wav,ru,
dataset/rinry/nyo/007.wav,nyo,
dataset/rinry/ji/020.wav,ji,
dataset/yumike/gu/005.wav,gu,
dataset/haruyamike/ju/002.wav,ju,
dataset/yumike/yo/005.wav,yo,
dataset/collected/pc_699ec508/1785910784_853492.wav,other,
dataset/collected/pc_699ec508/1786414438_68722.wav,ke,
dataset/yumike/be/009.wav,be,
dataset/rinry/ya/015.wav,ya,
dataset/rikutomike/di/008.wav,di,
dataset/collected/pc_699ec508/1786416714_698861.wav,ni,
dataset/haruyamike/zu/001.wav,zu,
dataset/rinry/gi/011.wav,gi,
dataset/reon/o/007.wav,o,
dataset/rikutomike/a/002.wav,a,
dataset/rikutomike/to/004.wav,to,
dataset/rinry/ro/014.wav,ro,
dataset/yumike/i/005.wav,i,
dataset/collected/pc_699ec508/1786770999_413519.wav,ro,
dataset/haruyamike/pu/008.wav,pu,
dataset/rinry/ya/007.wav,ya,
dataset/rinry/ki/016.wav,ki,
dataset/rinry/bu/003.wav,bu,
dataset/rinry/me/019.wav,me,
dataset/rinry/hya/013.wav,hya,
dataset/haruyamike/mu/009.wav,mu,
dataset/haruyamike/cha/007.wav,cha,
dataset/yumike/nya/007.wav,nya,
dataset/yumike/ze/002.wav,ze,
dataset/rinry/ru/015.wav,ru,
dataset/rinry/mi/019.wav,mi,
dataset/rikutomike/pya/003.wav,pya,
dataset/rinry/jo/006.wav,jo,
dataset/collected/pc_b34a3877/1786592170_577281.wav,ne,
dataset/yumike/a/002.wav,a,
dataset/rikutomike/gyo/008.wav,gyo,
dataset/rinry/a/018.wav,a,
dataset/rinry/go/010.wav,go,
dataset/rinry/te/002.wav,te,
dataset/rinry/fu/013.wav,fu,
dataset/haruyamike/nu/009.wav,nu,
dataset/haruyamike/gyu/010.wav,gyu,
dataset/rikutomike/n/003.wav,n,
dataset/rinry/gyo/018.wav,gyo,
dataset/rikutomike/hyu/007.wav,hyu,
dataset/rinry/hya/003.wav,hya,
dataset/haruyamike/pi/007.wav,pi,
dataset/rinry/n/001.wav,n,
dataset/rinry/cha/009.wav,cha,
dataset/haruyamike/bo/001.wav,bo,
dataset/haruyamike/hi/005.wav,hi,
dataset/yu-ota/a/006.wav,a,
dataset/yu-ota/e/001.wav,e,
dataset/yumike/a/008.wav,a,
dataset/yumike/ryo/006.wav,ryo,
dataset/rinry/ju/006.wav,ju,
dataset/yumike/ro/006.wav,ro,
dataset/rinry/chu/012.wav,chu,
dataset/rinry/shu/002.wav,shu,
dataset/rikutomike/na/006.wav,na,
dataset/rikutomike/byo/006.wav,byo,
dataset/rikutomike/pi/001.wav,pi,
dataset/rinry/hyu/014.wav,hyu,
dataset/yumike/fu/006.wav,fu,
dataset/haruyamike/na/006.wav,na,
dataset/rinry/a/009.wav,a,
dataset/yumike/yu/010.wav,yu,
dataset/rinry/so/018.wav,so,
dataset/rinry/cha/017.wav,cha,
dataset/rinry/byu/019.wav,byu,
dataset/rinry/byo/009.wav,byo,
dataset/rinry/ma/009.wav,ma,
dataset/rinry/kyo/010.wav,kyo,
dataset/rikutomike/be/009.wav,be,
dataset/yumike/to/010.wav,to,
dataset/haruyamike/nyo/013.wav,nyo,
dataset/rinry/mo/003.wav,mo,
dataset/rinry/bi/005.wav,bi,
dataset/rinry/ki/008.wav,ki,
dataset/rinry/hyu/005.wav,hyu,
dataset/rinry/hi/014.wav,hi,
dataset/rinry/tsu/019.wav,tsu,
dataset/haruyamike/ji/012.wav,ji,
dataset/rinry/ryu/014.wav,ryu,
dataset/rinry/du/008.wav,du,
dataset/rinry/yo/007.wav,yo,
dataset/rikutomike/do/006.wav,do,
dataset/rinry/pi/008.wav,pi,
dataset/rinry/ge/012.wav,ge,
dataset/rinry/hyu/012.wav,hyu,
dataset/haruyamike/sho/010.wav,sho,
dataset/rinry/n/015.wav,n,
dataset/rikutomike/di/004.wav,di,
dataset/rikutomike/ki/002.wav,ki,
dataset/rinry/pe/004.wav,pe,
dataset/collected/pc_699ec508/1786767840_744195.wav,no,
dataset/rinry/so/017.wav,so,
dataset/rikutomike/zo/007.wav,zo,
dataset/haruyamike/gi/007.wav,gi,
dataset/haruyamike/n/003.wav,n,
dataset/haruyamike/bo/006.wav,bo,
dataset/rikutomike/po/005.wav,po,
dataset/rikutomike/fu/001.wav,fu,
dataset/rikutomike/shi/008.wav,shi,
dataset/rikutomike/mu/003.wav,mu,
dataset/reon/e/009.wav,e,
dataset/yumike/ge/005.wav,ge,
dataset/yumike/zu/002.wav,zu,
dataset/rinry/cha/010.wav,cha,
dataset/rinry/ryo/013.wav,ryo,
dataset/rinry/rya/008.wav,rya,
dataset/rikutomike/myo/010.wav,myo,
dataset/rinry/pe/013.wav,pe,
dataset/yumike/chu/006.wav,chu,
dataset/rinry/gyu/015.wav,gyu,
dataset/reon/e/003.wav,e,
dataset/yumike/bo/008.wav,bo,
dataset/collected/pc_699ec508/1786010108_878127.wav,o,
dataset/rinry/u/015.wav,u,
dataset/rinry/za/003.wav,za,
dataset/haruyamike/nyo/009.wav,nyo,
dataset/rinry/ro/019.wav,ro,
dataset/rikutomike/cha/009.wav,cha,
dataset/rinry/ra/015.wav,ra,
dataset/haruyamike/du/006.wav,du,
dataset/haruyamike/kyo/006.wav,kyo,
dataset/yumike/ba/006.wav,ba,
dataset/rikutomike/re/008.wav,re,
dataset/yumike/ji/007.wav,ji,
dataset/reon/i/009.wav,i,
dataset/rinry/de/004.wav,de,
dataset/rinry/yu/001.wav,yu,
dataset/rinry/chu/017.wav,chu,
dataset/rinry/ra/006.wav,ra,
dataset/yumike/hyo/007.wav,hyo,
dataset/yumike/bo/009.wav,bo,
dataset/mikeryu/e/002.wav,e,
dataset/collected/pc_699ec508/1786288706_919912.wav,ri,
dataset/yumike/zo/009.wav,zo,
dataset/rinry/shi/005.wav,shi,
dataset/haruyamike/hyo/005.wav,hyo,
dataset/rinry/po/009.wav,po,
dataset/yumike/bya/006.wav,bya,
dataset/yumike/bi/007.wav,bi,
dataset/rinry/su/005.wav,su,
dataset/yumike/ke/005.wav,ke,
dataset/rikutomike/na/002.wav,na,
dataset/rikutomike/nyo/005.wav,nyo,
dataset/yu-ota/o/004.wav,o,
dataset/rinry/n/009.wav,n,
dataset/rikutomike/ryo/002.wav,ryo,
dataset/rikutomike/pi/009.wav,pi,
dataset/yumike/du/002.wav,du,
dataset/haruyamike/sha/008.wav,sha,
dataset/collected/pc_2c13a316/1786976032_874364.wav,a,
dataset/rinry/chu/008.wav,chu,
dataset/rinry/gyu/001.wav,gyu,
dataset/yumike/po/007.wav,po,
dataset/rikutomike/gu/006.wav,gu,
dataset/haruyamike/ro/005.wav,ro,
dataset/yumike/chu/008.wav,chu,
dataset/haruyamike/shi/008.wav,shi,
dataset/rikutomike/hya/010.wav,hya,
dataset/rikutomike/ya/004.wav,ya,
dataset/collected/pc_e1f2c4f8/1786452408_204062.wav,te,
dataset/rikutomike/ko/009.wav,ko,
dataset/haruyamike/fu/010.wav,fu,
dataset/rikutomike/ne/005.wav,ne,
dataset/yumike/bi/004.wav,bi,
dataset/rikutomike/ba/009.wav,ba,
dataset/rinry/wa/011.wav,wa,
dataset/yumike/u/001.wav,u,
dataset/rinry/ni/008.wav,ni,
dataset/rikutomike/shi/005.wav,shi,
dataset/rikutomike/myu/001.wav,myu,
dataset/rinry/gi/017.wav,gi,
dataset/yumike/bu/007.wav,bu,
dataset/rikutomike/byo/010.wav,byo,
dataset/rikutomike/ji/006.wav,ji,
dataset/rinry/myo/016.wav,myo,
dataset/yumike/pi/010.wav,pi,
dataset/rinry/nyo/002.wav,nyo,
dataset/yumike/myu/008.wav,myu,
dataset/rinry/se/001.wav,se,
dataset/yumike/pya/010.wav,pya,
dataset/yumike/o/009.wav,o,
dataset/rinry/rya/012.wav,rya,
dataset/rinry/ze/006.wav,ze,
dataset/rinry/nya/020.wav,nya,
dataset/rinry/te/019.wav,te,
dataset/haruyamike/ri/008.wav,ri,
dataset/collected/pc_699ec508/1786416430_296159.wav,su,
dataset/rinry/sho/010.wav,sho,
dataset/rinry/bo/001.wav,bo,
dataset/haruyamike/gi/009.wav,gi,
dataset/rinry/sho/013.wav,sho,
dataset/rinry/ze/001.wav,ze,
dataset/rinry/ni/006.wav,ni,
dataset/ryu/o/010.wav,o,
dataset/rinry/ha/013.wav,ha,
dataset/rinry/cha/020.wav,cha,
dataset/mikeryu/a/009.wav,a,
dataset/rinry/kyu/009.wav,kyu,
dataset/rikutomike/fu/004.wav,fu,
dataset/haruyamike/nu/007.wav,nu,
dataset/rinry/ro/013.wav,ro,
dataset/rinry/zo/011.wav,zo,
dataset/rikutomike/gyo/006.wav,gyo,
dataset/yumike/bu/003.wav,bu,
dataset/rinry/cha/005.wav,cha,
dataset/rinry/gu/007.wav,gu,
dataset/rikutomike/ryu/010.wav,ryu,
dataset/collected/pc_b34a3877/1786592222_803155.wav,other,
dataset/yumike/du/010.wav,du,
dataset/rinry/hya/011.wav,hya,
dataset/haruyamike/de/001.wav,de,
dataset/haruyamike/gyu/009.wav,gyu,
dataset/rinry/n/013.wav,n,
dataset/haruyamike/po/013.wav,po,
dataset/rikutomike/wo/003.wav,wo,
dataset/collected/pc_699ec508/1786009678_858304.wav,i,
dataset/collected/pc_699ec508/1786288700_953473.wav,ra,
dataset/collected/pc_699ec508/1786009745_370761.wav,o,
dataset/rinry/pe/018.wav,pe,
dataset/yumike/bya/009.wav,bya,
dataset/haruyamike/wo/010.wav,wo,
dataset/haruyamike/bu/004.wav,bu,
dataset/rinry/yu/004.wav,yu,
dataset/yumike/kyu/009.wav,kyu,
dataset/haruyamike/ha/006.wav,ha,
dataset/rinry/bu/013.wav,bu,
dataset/rinry/re/015.wav,re,
dataset/rikutomike/pyu/004.wav,pyu,
dataset/yumike/za/002.wav,za,
dataset/rinry/he/019.wav,he,
dataset/rikutomike/ri/002.wav,ri,
dataset/rikutomike/nu/002.wav,nu,
dataset/yumike/re/003.wav,re,
dataset/haruyamike/di/006.wav,di,
dataset/haruyamike/ze/004.wav,ze,
dataset/haruyamike/he/010.wav,he,
dataset/yumike/sho/003.wav,sho,
dataset/rinry/nya/001.wav,nya,
dataset/rinry/me/012.wav,me,
dataset/haruyamike/he/001.wav,he,
dataset/yumike/ru/010.wav,ru,
dataset/rikutomike/ho/004.wav,ho,
dataset/rikutomike/hyo/008.wav,hyo,
dataset/rikuto/a/009.wav,a,
dataset/rinry/ru/006.wav,ru,
dataset/rinry/a/020.wav,a,
dataset/yu-ota/i/004.wav,i,
dataset/rinry/ku/010.wav,ku,
dataset/rikutomike/pe/007.wav,pe,
dataset/haruyamike/ki/007.wav,ki,
dataset/haruyamike/po/011.wav,po,
dataset/rikuto/e/004.wav,e,
dataset/haruyamike/mi/008.wav,mi,
dataset/collected/pc_699ec508/1786536077_850114.wav,other,
dataset/rinry/ka/010.wav,ka,
dataset/rinry/he/001.wav,he,
dataset/collected/pc_699ec508/1786535644_189558.wav,ri,
dataset/collected/pc_699ec508/1786009734_280715.wav,u,
dataset/rikutomike/ryu/005.wav,ryu,
dataset/haruyamike/du/004.wav,du,
dataset/yumike/mu/006.wav,mu,
dataset/yumike/ji/004.wav,ji,
dataset/rinry/cho/017.wav,cho,
dataset/rinry/ge/001.wav,ge,
dataset/rikutomike/wa/007.wav,wa,
dataset/rinry/bi/015.wav,bi,
dataset/rinry/be/006.wav,be,
dataset/rikutomike/re/009.wav,re,
dataset/rinry/cha/004.wav,cha,
dataset/rinry/u/002.wav,u,
dataset/yumike/bya/010.wav,bya,
dataset/rinry/i/012.wav,i,
dataset/rinry/nu/016.wav,nu,
dataset/rikutomike/me/001.wav,me,
dataset/rinry/za/014.wav,za,
dataset/rinry/byu/003.wav,byu,
dataset/yumike/shu/007.wav,shu,
dataset/rinry/fu/014.wav,fu,
dataset/rinry/ta/003.wav,ta,
dataset/yumike/da/003.wav,da,
dataset/haruyamike/ra/008.wav,ra,
dataset/haruyamike/nyo/015.wav,nyo,
dataset/rinry/cho/001.wav,cho,
dataset/rikutomike/mya/007.wav,mya,
dataset/rinry/ha/006.wav,ha,
dataset/rikutomike/bu/005.wav,bu,
dataset/rikutomike/he/005.wav,he,
dataset/rinry/cha/015.wav,cha,
dataset/rinry/nu/005.wav,nu,
dataset/rinry/ke/007.wav,ke,
dataset/rinry/chi/005.wav,chi,
dataset/haruyamike/byo/008.wav,byo,
dataset/rinry/ku/019.wav,ku,
dataset/rinry/shi/003.wav,shi,
dataset/collected/pc_699ec508/1786415309_230652.wav,sho,
dataset/yumike/ru/008.wav,ru,
dataset/rinry/du/015.wav,du,
dataset/rinry/pu/017.wav,pu,
dataset/rinry/se/004.wav,se,
dataset/rinry/a/010.wav,a,
dataset/haruyamike/ka/001.wav,ka,
dataset/yumike/no/001.wav,no,
dataset/rikutomike/kya/002.wav,kya,
dataset/haruyamike/u/008.wav,u,
dataset/rinry/ba/013.wav,ba,
dataset/haruyamike/ja/010.wav,ja,
dataset/rinry/shi/008.wav,shi,
dataset/rinry/se/006.wav,se,
dataset/rinry/ki/006.wav,ki,
dataset/yumike/kyo/010.wav,kyo,
dataset/rikutomike/myu/002.wav,myu,
dataset/haruyamike/wo/009.wav,wo,
dataset/rikutomike/ra/001.wav,ra,
dataset/reon/u/010.wav,u,
dataset/rinry/rya/014.wav,rya,
dataset/mikeryu/e/009.wav,e,
dataset/rinry/ru/003.wav,ru,
dataset/haruyamike/ma/006.wav,ma,
dataset/rinry/hya/012.wav,hya,
dataset/yumike/ma/004.wav,ma,
dataset/mikeryu/a/001.wav,a,
dataset/rinry/he/016.wav,he,
dataset/rinry/nyu/005.wav,nyu,
dataset/haruyamike/u/005.wav,u,
dataset/haruyamike/ja/003.wav,ja,
dataset/yumike/wo/002.wav,wo,
dataset/yumike/bo/005.wav,bo,
dataset/haruyamike/gu/003.wav,gu,
dataset/yumike/po/006.wav,po,
dataset/rikutomike/ta/005.wav,ta,
dataset/yumike/sa/006.wav,sa,
dataset/yumike/ki/004.wav,ki,
dataset/rinry/no/015.wav,no,
dataset/yu-ota/a/001.wav,a,
dataset/haruyamike/i/003.wav,i,
dataset/rinry/sho/018.wav,sho,
dataset/yumike/ru/009.wav,ru,
dataset/rinry/u/006.wav,u,
dataset/rinry/byu/017.wav,byu,
dataset/reon/u/009.wav,u,
dataset/yumike/sha/005.wav,sha,
dataset/haruyamike/ba/001.wav,ba,
dataset/rinry/pa/014.wav,pa,
dataset/yumike/shi/005.wav,shi,
dataset/rikutomike/nyo/002.wav,nyo,
dataset/rikutomike/chi/006.wav,chi,
dataset/rinry/hi/010.wav,hi,
dataset/yumike/te/002.wav,te,
dataset/mikeryu/e/005.wav,e,
dataset/yumike/ka/004.wav,ka,
dataset/haruyamike/hyu/002.wav,hyu,
dataset/rinry/du/011.wav,du,
dataset/rinry/i/005.wav,i,
dataset/rikutomike/to/005.wav,to,
dataset/collected/pc_699ec508/1786768859_435198.wav,chi,
dataset/rikutomike/fu/007.wav,fu,
dataset/rinry/ne/011.wav,ne,
dataset/rinry/sa/004.wav,sa,
dataset/rinry/shu/018.wav,shu,
dataset/collected/pc_699ec508/1786535998_353499.wav,gya,
dataset/haruyamike/mu/007.wav,mu,
dataset/haruyamike/chi/009.wav,chi,
dataset/haruyamike/i/001.wav,i,
dataset/rinry/du/003.wav,du,
dataset/rinry/nya/014.wav,nya,
dataset/rinry/jo/010.wav,jo,
dataset/rikutomike/ni/006.wav,ni,
dataset/rikutomike/go/002.wav,go,
dataset/yumike/su/010.wav,su,
dataset/rinry/ri/016.wav,ri,
dataset/rinry/pe/001.wav,pe,
dataset/rinry/myo/018.wav,myo,
dataset/haruyamike/de/005.wav,de,
dataset/rikutomike/ryu/006.wav,ryu,
dataset/haruyamike/du/007.wav,du,
dataset/rinry/po/006.wav,po,
dataset/rinry/bya/017.wav,bya,
dataset/rinry/ri/008.wav,ri,
dataset/yumike/de/001.wav,de,
dataset/yumike/wa/010.wav,wa,
dataset/rikutomike/tsu/005.wav,tsu,
dataset/yumike/tsu/004.wav,tsu,
dataset/rinry/bo/007.wav,bo,
dataset/rikutomike/gya/001.wav,gya,
dataset/yumike/wa/006.wav,wa,
dataset/rikutomike/rya/001.wav,rya,
dataset/yumike/hyo/002.wav,hyo,
dataset/rinry/pi/016.wav,pi,
dataset/haruyamike/so/005.wav,so,
dataset/rikutomike/fu/006.wav,fu,
dataset/rikuto/o/008.wav,o,
dataset/rikutomike/fu/005.wav,fu,
dataset/haruyamike/pi/003.wav,pi,
dataset/haruyamike/ge/010.wav,ge,
dataset/yumike/jo/009.wav,jo,
dataset/rikutomike/ku/001.wav,ku,
dataset/yumike/de/006.wav,de,
dataset/haruyamike/ni/002.wav,ni,
dataset/rinry/re/010.wav,re,
dataset/haruyamike/mi/005.wav,mi,
dataset/rinry/byo/004.wav,byo,
dataset/yumike/ki/005.wav,ki,
dataset/rikuto/o/003.wav,o,
dataset/collected/pc_e1f2c4f8/1786672325_218365.wav,to,
dataset/yumike/de/003.wav,de,
dataset/collected/pc_699ec508/1786415331_177209.wav,chu,
dataset/rikutomike/su/001.wav,su,
dataset/rinry/rya/018.wav,rya,
dataset/rinry/rya/016.wav,rya,
dataset/rinry/wa/001.wav,wa,
dataset/collected/pc_699ec508/1786767833_991717.wav,ra,
dataset/rinry/gyo/009.wav,gyo,
dataset/rinry/te/006.wav,te,
dataset/rikutomike/wa/009.wav,wa,
dataset/rinry/pyo/012.wav,pyo,
dataset/yumike/no/010.wav,no,
dataset/yumike/kya/003.wav,kya,
dataset/haruyamike/me/004.wav,me,
dataset/collected/pc_699ec508/1786770454_894536.wav,po,
dataset/rinry/zu/014.wav,zu,
dataset/yumike/tsu/005.wav,tsu,
dataset/rinry/zo/010.wav,zo,
dataset/rikutomike/nu/006.wav,nu,
dataset/haruyamike/byu/002.wav,byu,
dataset/rinry/hya/017.wav,hya,
dataset/rikutomike/bi/004.wav,bi,
dataset/rinry/so/011.wav,so,
dataset/rinry/ya/017.wav,ya,
dataset/haruyamike/cha/008.wav,cha,
dataset/rinry/nya/017.wav,nya,
dataset/ryu/e/005.wav,e,
dataset/haruyamike/n/010.wav,n,
dataset/haruyamike/nya/008.wav,nya,
dataset/rinry/nu/018.wav,nu,
dataset/haruyamike/me/007.wav,me,
dataset/rikutomike/ke/001.wav,ke,
dataset/yu-ota/u/008.wav,u,
dataset/haruyamike/gya/005.wav,gya,
dataset/rinry/ka/013.wav,ka,
dataset/haruyamike/wa/010.wav,wa,
dataset/rikutomike/ba/001.wav,ba,
dataset/collected/pc_699ec508/1786535854_694397.wav,bi,
dataset/rikutomike/cho/004.wav,cho,
dataset/yumike/zu/001.wav,zu,
dataset/rinry/sho/008.wav,sho,
dataset/rinry/kyo/004.wav,kyo,
dataset/rinry/gyo/010.wav,gyo,
dataset/haruyamike/bo/007.wav,bo,
dataset/yu-ota/i/006.wav,i,
dataset/yumike/ryo/009.wav,ryo,
dataset/rinry/o/002.wav,o,
dataset/collected/pc_2c13a316/1786976038_553044.wav,a,
dataset/mikeryu/i/006.wav,i,
dataset/yumike/gyu/005.wav,gyu,
dataset/collected/pc_699ec508/1786535911_172441.wav,sha,
dataset/rinry/no/012.wav,no,
dataset/rinry/ya/006.wav,ya,
dataset/yumike/hi/007.wav,hi,
dataset/rikutomike/nu/009.wav,nu,
dataset/rinry/mi/018.wav,mi,
dataset/yumike/hya/004.wav,hya,
dataset/rikutomike/myo/005.wav,myo,
dataset/ryu/o/009.wav,o,
dataset/haruyamike/rya/006.wav,rya,
dataset/rikutomike/me/010.wav,me,
dataset/rinry/hyu/009.wav,hyu,
dataset/ryu/o/006.wav,o,
dataset/yumike/ja/004.wav,ja,
dataset/yumike/kya/007.wav,kya,
dataset/yumike/gi/006.wav,gi,
dataset/rinry/pe/005.wav,pe,
dataset/yumike/pyu/002.wav,pyu,
dataset/rinry/myo/017.wav,myo,
dataset/haruyamike/sho/004.wav,sho,
dataset/yumike/ru/001.wav,ru,
dataset/haruyamike/sha/006.wav,sha,
dataset/rikutomike/to/010.wav,to,
dataset/yumike/sa/004.wav,sa,
dataset/yumike/ku/005.wav,ku,
dataset/haruyamike/chu/007.wav,chu,
dataset/rinry/wo/009.wav,wo,
dataset/rikutomike/gyo/002.wav,gyo,
dataset/yumike/ja/005.wav,ja,
dataset/rinry/de/005.wav,de,
dataset/yumike/zu/008.wav,zu,
dataset/yu-ota/i/007.wav,i,
dataset/collected/pc_e1f2c4f8/1786672285_236544.wav,ne,
dataset/collected/pc_699ec508/1786436287_581842.wav,a,
dataset/yumike/hyo/009.wav,hyo,
dataset/yumike/ya/001.wav,ya,
dataset/rikutomike/ja/007.wav,ja,
dataset/yumike/do/004.wav,do,
dataset/rinry/bya/019.wav,bya,
dataset/yumike/cho/008.wav,cho,
dataset/rinry/wo/016.wav,wo,
dataset/rinry/yo/006.wav,yo,
dataset/yu-ota/a/009.wav,a,
dataset/haruyamike/yo/006.wav,yo,
dataset/haruyamike/o/005.wav,o,
dataset/collected/pc_699ec508/1786415278_240346.wav,re,
dataset/yumike/pya/003.wav,pya,
dataset/rinry/ho/011.wav,ho,
dataset/collected/pc_699ec508/1786415169_836176.wav,tsu,
dataset/rinry/su/003.wav,su,
dataset/collected/pc_699ec508/1786009669_256243.wav,e,
dataset/haruyamike/chi/006.wav,chi,
dataset/haruyamike/ne/002.wav,ne,
dataset/rinry/shi/014.wav,shi,
dataset/rinry/ne/013.wav,ne,
dataset/rinry/tsu/006.wav,tsu,
dataset/haruyamike/no/007.wav,no,
dataset/rikutomike/gyo/004.wav,gyo,
dataset/rinry/ki/010.wav,ki,
dataset/collected/pc_b34a3877/1786592214_6166.wav,other,
dataset/rinry/sha/014.wav,sha,
dataset/rinry/byu/004.wav,byu,
dataset/haruyamike/pe/002.wav,pe,
dataset/rikutomike/shi/007.wav,shi,
dataset/yumike/myo/005.wav,myo,
dataset/rikutomike/gu/008.wav,gu,
dataset/rinry/ke/006.wav,ke,
dataset/rikutomike/pa/009.wav,pa,
dataset/haruyamike/hi/006.wav,hi,
dataset/rinry/di/002.wav,di,
dataset/rikutomike/se/001.wav,se,
dataset/rikutomike/pya/005.wav,pya,
dataset/rikutomike/ko/004.wav,ko,
dataset/rikutomike/de/007.wav,de,
dataset/collected/pc_699ec508/1785910112_996706.wav,other,
dataset/haruyamike/bi/010.wav,bi,
dataset/yumike/nu/009.wav,nu,
dataset/rinry/kyo/013.wav,kyo,
dataset/rikutomike/ru/007.wav,ru,
dataset/yu-ota/e/010.wav,e,
dataset/yu-ota/o/008.wav,o,
dataset/rinry/kyo/002.wav,kyo,
dataset/yumike/ne/006.wav,ne,
dataset/rinry/ju/019.wav,ju,
dataset/ryu/i/008.wav,i,
dataset/rikutomike/myu/006.wav,myu,
dataset/ryu/a/003.wav,a,
dataset/rinry/be/004.wav,be,
dataset/rikutomike/gyu/008.wav,gyu,
dataset/rinry/do/019.wav,do,
dataset/rinry/ro/008.wav,ro,
dataset/rinry/kya/011.wav,kya,
dataset/rinry/pa/009.wav,pa,
dataset/rinry/cho/014.wav,cho,
dataset/rinry/sa/001.wav,sa,
dataset/yumike/gi/003.wav,gi,
dataset/yumike/wo/008.wav,wo,
dataset/yumike/wa/008.wav,wa,
dataset/rinry/sa/020.wav,sa,
dataset/rinry/mya/014.wav,mya,
dataset/yumike/me/005.wav,me,
dataset/haruyamike/wo/007.wav,wo,
dataset/rinry/hyo/005.wav,hyo,
dataset/rinry/po/008.wav,po,
dataset/rinry/mi/010.wav,mi,
dataset/haruyamike/sho/006.wav,sho,
dataset/rinry/ryu/012.wav,ryu,
dataset/haruyamike/pu/003.wav,pu,
dataset/yumike/me/006.wav,me,
dataset/mikeryu/i/007.wav,i,
dataset/collected/pc_699ec508/1786769503_796103.wav,sa,
dataset/rinry/yu/019.wav,yu,
dataset/rinry/ta/011.wav,ta,
dataset/yumike/chi/006.wav,chi,
dataset/rikutomike/wo/004.wav,wo,
dataset/rikutomike/mya/010.wav,mya,
dataset/haruyamike/wo/008.wav,wo,
dataset/rinry/ro/010.wav,ro,
dataset/rinry/be/010.wav,be,
dataset/rinry/ze/002.wav,ze,
dataset/rikutomike/di/001.wav,di,
dataset/rinry/za/010.wav,za,
dataset/haruyamike/ho/002.wav,ho,
dataset/rinry/ju/015.wav,ju,
dataset/rikutomike/pi/004.wav,pi,
dataset/yumike/be/004.wav,be,
dataset/rinry/gya/002.wav,gya,
dataset/rinry/n/004.wav,n,
dataset/yu-ota/o/002.wav,o,
dataset/yumike/ba/008.wav,ba,
dataset/rikutomike/shi/002.wav,shi,
dataset/collected/pc_699ec508/1786019075_56339.wav,other,
dataset/rikutomike/po/001.wav,po,
dataset/rinry/ho/007.wav,ho,
dataset/rinry/kyu/005.wav,kyu,
dataset/yumike/shu/002.wav,shu,
dataset/reon/u/003.wav,u,
dataset/rinry/ri/009.wav,ri,
dataset/rinry/e/006.wav,e,
dataset/collected/pc_699ec508/1786415220_396391.wav,mu,
dataset/haruyamike/do/010.wav,do,
dataset/haruyamike/nyo/016.wav,nyo,
dataset/yumike/da/010.wav,da,
dataset/yumike/pyu/004.wav,pyu,
dataset/rinry/zo/015.wav,zo,
dataset/rikutomike/byo/004.wav,byo,
dataset/rinry/cha/002.wav,cha,
dataset/collected/pc_699ec508/1786009729_409765.wav,a,
dataset/rikutomike/ra/005.wav,ra,
dataset/haruyamike/wa/006.wav,wa,
dataset/rinry/cha/014.wav,cha,
dataset/haruyamike/mo/006.wav,mo,
dataset/rinry/ba/017.wav,ba,
dataset/rinry/no/004.wav,no,
dataset/rikutomike/re/002.wav,re,
dataset/rinry/nyu/016.wav,nyu,
dataset/rinry/gi/008.wav,gi,
dataset/rikutomike/gi/006.wav,gi,
dataset/haruyamike/ne/005.wav,ne,
dataset/haruyamike/ne/001.wav,ne,
dataset/collected/pc_699ec508/1786415403_119362.wav,rya,
dataset/yumike/mi/005.wav,mi,
dataset/rikutomike/de/008.wav,de,
dataset/haruyamike/ryu/003.wav,ryu,
dataset/yumike/hyu/003.wav,hyu,
dataset/haruyamike/cho/004.wav,cho,
dataset/yumike/mo/003.wav,mo,
dataset/yumike/ka/003.wav,ka,
dataset/rikutomike/bu/006.wav,bu,
dataset/haruyamike/di/007.wav,di,
dataset/rinry/ru/016.wav,ru,
dataset/rinry/se/017.wav,se,
dataset/haruyamike/no/001.wav,no,
dataset/rinry/do/011.wav,do,
dataset/mikeryu/a/002.wav,a,
dataset/rinry/su/012.wav,su,
dataset/rinry/ki/007.wav,ki,
dataset/haruyamike/ju/009.wav,ju,
dataset/rinry/gyu/005.wav,gyu,
dataset/rinry/me/015.wav,me,
dataset/yumike/ri/008.wav,ri,
dataset/yumike/ryu/009.wav,ryu,
dataset/rinry/sho/001.wav,sho,
dataset/rikutomike/ya/008.wav,ya,
dataset/rikutomike/ga/005.wav,ga,
dataset/haruyamike/ka/003.wav,ka,
dataset/rinry/di/008.wav,di,
dataset/rinry/bo/004.wav,bo,
dataset/rinry/te/004.wav,te,
dataset/yumike/re/007.wav,re,
dataset/rinry/pu/019.wav,pu,
dataset/rikutomike/pyo/002.wav,pyo,
dataset/yumike/ni/005.wav,ni,
dataset/rinry/ka/019.wav,ka,
dataset/rinry/gyu/019.wav,gyu,
dataset/rikutomike/to/001.wav,to,
dataset/rikutomike/pu/004.wav,pu,
dataset/yumike/shu/005.wav,shu,
dataset/yumike/ku/010.wav,ku,
dataset/haruyamike/pya/004.wav,pya,
dataset/rinry/nu/015.wav,nu,
dataset/yumike/so/006.wav,so,
dataset/haruyamike/ma/002.wav,ma,
dataset/rinry/ni/012.wav,ni,
dataset/rinry/nu/009.wav,nu,
dataset/yumike/nyo/001.wav,nyo,
dataset/rinry/mo/001.wav,mo,
dataset/rinry/yo/010.wav,yo,
dataset/rinry/sa/006.wav,sa,
dataset/haruyamike/na/010.wav,na,
dataset/rinry/te/003.wav,te,
dataset/collected/pc_e1f2c4f8/1786672267_612227.wav,nu,
dataset/rinry/so/016.wav,so,
dataset/rinry/pyu/020.wav,pyu,
dataset/rinry/ho/017.wav,ho,
dataset/rikutomike/e/001.wav,e,
dataset/rinry/da/005.wav,da,
dataset/rikutomike/ryu/007.wav,ryu,
dataset/rikutomike/ku/006.wav,ku,
dataset/haruyamike/u/003.wav,u,
dataset/rikutomike/sho/007.wav,sho,
dataset/rinry/te/001.wav,te,
dataset/rinry/ze/013.wav,ze,
dataset/rinry/ha/018.wav,ha,
dataset/rikutomike/do/007.wav,do,
dataset/yumike/chu/003.wav,chu,
dataset/haruyamike/so/008.wav,so,
dataset/rikutomike/chu/006.wav,chu,
dataset/haruyamike/pi/004.wav,pi,
dataset/yumike/ri/007.wav,ri,
dataset/rinry/te/014.wav,te,
dataset/mikeryu/a/003.wav,a,
dataset/haruyamike/gu/007.wav,gu,
dataset/yumike/wo/010.wav,wo,
dataset/rikutomike/ne/001.wav,ne,
dataset/rinry/hyo/001.wav,hyo,
dataset/rinry/no/014.wav,no,
dataset/yumike/hi/008.wav,hi,
dataset/rikutomike/pyo/006.wav,pyo,
dataset/haruyamike/ma/005.wav,ma,
dataset/collected/pc_699ec508/1786019048_327326.wav,ta,
dataset/yumike/yo/010.wav,yo,
dataset/haruyamike/ha/007.wav,ha,
dataset/rinry/pya/014.wav,pya,
dataset/yumike/ni/002.wav,ni,
dataset/yumike/du/007.wav,du,
dataset/haruyamike/cha/002.wav,cha,
dataset/yumike/yu/008.wav,yu,
dataset/rinry/so/020.wav,so,
dataset/ryu/o/005.wav,o,
dataset/haruyamike/gyo/004.wav,gyo,
dataset/yumike/ki/001.wav,ki,
dataset/haruyamike/nyo/012.wav,nyo,
dataset/haruyamike/shu/005.wav,shu,
dataset/haruyamike/gya/004.wav,gya,
dataset/yumike/ba/001.wav,ba,
dataset/rikutomike/na/005.wav,na,
dataset/rikutomike/so/003.wav,so,
dataset/rinry/a/007.wav,a,
dataset/rikutomike/nyo/007.wav,nyo,
dataset/haruyamike/da/010.wav,da,
dataset/haruyamike/bya/009.wav,bya,
dataset/haruyamike/go/010.wav,go,
dataset/collected/pc_699ec508/1786416718_573152.wav,nu,
dataset/rinry/ha/002.wav,ha,
dataset/rikutomike/ne/003.wav,ne,
dataset/yumike/gi/005.wav,gi,
dataset/rikuto/o/007.wav,o,
dataset/yumike/ra/005.wav,ra,
dataset/rinry/ko/019.wav,ko,
dataset/rinry/wo/003.wav,wo,
dataset/haruyamike/nyu/002.wav,nyu,
dataset/yumike/cho/007.wav,cho,
dataset/yumike/ryu/004.wav,ryu,
dataset/rinry/mo/017.wav,mo,
dataset/yumike/ju/010.wav,ju,
dataset/yumike/da/007.wav,da,
dataset/haruyamike/a/005.wav,a,
dataset/rikutomike/po/006.wav,po,
dataset/yumike/za/008.wav,za,
dataset/yumike/tsu/009.wav,tsu,
dataset/yumike/ju/004.wav,ju,
dataset/rikutomike/ya/005.wav,ya,
dataset/yu-ota/a/008.wav,a,
dataset/yumike/chi/009.wav,chi,
dataset/rinry/ryo/015.wav,ryo,
dataset/haruyamike/yo/001.wav,yo,
dataset/ryu/o/007.wav,o,
dataset/rikutomike/mu/004.wav,mu,
dataset/rinry/fu/003.wav,fu,
dataset/haruyamike/sho/008.wav,sho,
dataset/rinry/myu/011.wav,myu,
dataset/rinry/kya/007.wav,kya,
dataset/rinry/nyu/013.wav,nyu,
dataset/rikutomike/pa/006.wav,pa,
dataset/haruyamike/e/010.wav,e,
dataset/yumike/pe/001.wav,pe,
dataset/yumike/ku/003.wav,ku,
dataset/yumike/pyo/008.wav,pyo,
dataset/rinry/ryu/004.wav,ryu,
dataset/rinry/nu/010.wav,nu,
dataset/rinry/ko/015.wav,ko,
dataset/rinry/wo/001.wav,wo,
dataset/yumike/gya/008.wav,gya,
dataset/rinry/ha/011.wav,ha,
dataset/haruyamike/gi/004.wav,gi,
dataset/rinry/ne/007.wav,ne,
dataset/rikutomike/byu/007.wav,byu,
dataset/rikutomike/hi/010.wav,hi,
dataset/yumike/ya/004.wav,ya,
dataset/rikutomike/ba/003.wav,ba,
dataset/collected/pc_699ec508/1786415183_38007.wav,na,
dataset/rinry/ta/007.wav,ta,
dataset/rinry/pyu/014.wav,pyu,
dataset/rikutomike/i/001.wav,i,
dataset/rinry/kya/003.wav,kya,
dataset/yumike/yo/009.wav,yo,
dataset/rikutomike/no/007.wav,no,
dataset/haruyamike/na/003.wav,na,
dataset/haruyamike/su/005.wav,su,
dataset/rinry/mi/006.wav,mi,
dataset/rinry/re/006.wav,re,
dataset/haruyamike/chi/007.wav,chi,
dataset/rinry/gi/010.wav,gi,
dataset/rinry/myo/011.wav,myo,
dataset/rikutomike/chu/001.wav,chu,
dataset/rinry/se/020.wav,se,
dataset/rikutomike/ge/003.wav,ge,
dataset/yumike/gi/001.wav,gi,
dataset/reon/a/005.wav,a,
dataset/rinry/hya/020.wav,hya,
dataset/rinry/cho/019.wav,cho,
dataset/collected/pc_699ec508/1786769596_019857.wav,bo,
dataset/rinry/pya/019.wav,pya,
dataset/rinry/e/014.wav,e,
dataset/rinry/hyo/017.wav,hyo,
dataset/rinry/kyo/016.wav,kyo,
dataset/rikutomike/no/002.wav,no,
dataset/haruyamike/ryu/001.wav,ryu,
dataset/yumike/ra/003.wav,ra,
dataset/rinry/nyu/020.wav,nyu,
dataset/rinry/to/006.wav,to,
dataset/haruyamike/ko/005.wav,ko,
dataset/yumike/hyo/004.wav,hyo,
dataset/rinry/ke/003.wav,ke,
dataset/rinry/ni/002.wav,ni,
dataset/rikutomike/u/005.wav,u,
dataset/rinry/ne/006.wav,ne,
dataset/yumike/ze/006.wav,ze,
dataset/rinry/ke/017.wav,ke,
dataset/rinry/ze/005.wav,ze,
dataset/rinry/pa/010.wav,pa,
dataset/reon/a/004.wav,a,
dataset/haruyamike/ni/007.wav,ni,
dataset/rinry/gu/002.wav,gu,
dataset/rikutomike/bi/008.wav,bi,
dataset/rikutomike/chi/008.wav,chi,
dataset/collected/pc_e1f2c4f8/1786672273_993275.wav,nu,
dataset/rinry/hi/002.wav,hi,
dataset/rinry/ji/008.wav,ji,
dataset/rikutomike/su/003.wav,su,
dataset/rinry/mya/016.wav,mya,
dataset/rinry/wo/010.wav,wo,
dataset/haruyamike/ki/003.wav,ki,
dataset/yumike/e/009.wav,e,
dataset/yumike/fu/003.wav,fu,
dataset/yumike/o/001.wav,o,
dataset/rinry/ke/013.wav,ke,
dataset/collected/pc_699ec508/1786415337_531126.wav,cho,
dataset/haruyamike/su/001.wav,su,
dataset/haruyamike/te/009.wav,te,
dataset/ryu/u/001.wav,u,
dataset/haruyamike/gya/003.wav,gya,
dataset/rinry/ge/009.wav,ge,
dataset/rinry/cha/013.wav,cha,
dataset/rinry/bi/003.wav,bi,
dataset/rinry/bya/004.wav,bya,
dataset/haruyamike/yo/005.wav,yo,
dataset/rikutomike/bo/007.wav,bo,
dataset/rikutomike/mi/008.wav,mi,
dataset/haruyamike/tsu/006.wav,tsu,
dataset/yumike/nyu/010.wav,nyu,
dataset/rinry/go/018.wav,go,
dataset/haruyamike/kyu/009.wav,kyu,
dataset/haruyamike/ryu/006.wav,ryu,
dataset/ryu/u/002.wav,u,
dataset/rinry/chi/020.wav,chi,
dataset/yumike/pa/010.wav,pa,
dataset/rikutomike/ko/002.wav,ko,
dataset/rinry/ja/004.wav,ja,
dataset/rikutomike/e/006.wav,e,
dataset/rinry/hyu/016.wav,hyu,
dataset/rinry/myu/010.wav,myu,
dataset/rinry/bo/016.wav,bo,
dataset/rikutomike/gya/005.wav,gya,
dataset/collected/pc_699ec508/1786415247_419977.wav,me,
dataset/haruyamike/myo/009.wav,myo,
dataset/rinry/mo/012.wav,mo,
dataset/rikuto/i/008.wav,i,
dataset/rinry/ma/002.wav,ma,
dataset/rikutomike/wa/010.wav,wa,
dataset/haruyamike/ri/004.wav,ri,
dataset/rinry/pyo/015.wav,pyo,
dataset/haruyamike/za/006.wav,za,
dataset/rinry/ri/012.wav,ri,
dataset/rinry/ryu/001.wav,ryu,
dataset/rinry/bo/013.wav,bo,
dataset/rinry/cho/004.wav,cho,
dataset/rikutomike/me/002.wav,me,
dataset/rinry/fu/001.wav,fu,
dataset/rikutomike/pi/006.wav,pi,
dataset/rinry/myu/002.wav,myu,
dataset/collected/pc_699ec508/1786416727_492521.wav,no,
dataset/haruyamike/ji/018.wav,ji,
dataset/haruyamike/pa/002.wav,pa,
dataset/rinry/mya/017.wav,mya,
dataset/rinry/hyo/019.wav,hyo,
dataset/yumike/be/002.wav,be,
dataset/yumike/sha/007.wav,sha,
dataset/rikutomike/nyo/001.wav,nyo,
dataset/rikutomike/ri/003.wav,ri,
dataset/collected/pc_699ec508/1786436331_281468.wav,other,
dataset/haruyamike/ru/009.wav,ru,
dataset/haruyamike/nya/005.wav,nya,
dataset/rinry/u/008.wav,u,
dataset/rinry/ki/019.wav,ki,
dataset/haruyamike/wa/002.wav,wa,
dataset/rinry/yu/017.wav,yu,
dataset/rikutomike/ju/006.wav,ju,
dataset/rinry/sa/019.wav,sa,
dataset/rikutomike/ra/002.wav,ra,
dataset/rikutomike/ji/009.wav,ji,
dataset/collected/pc_699ec508/1786436353_28011.wav,other,
dataset/rinry/i/007.wav,i,
dataset/collected/pc_699ec508/1786415192_981763.wav,ne,
dataset/rinry/pya/003.wav,pya,
dataset/rinry/myu/007.wav,myu,
dataset/yumike/tsu/001.wav,tsu,
dataset/rikutomike/nu/004.wav,nu,
dataset/rinry/rya/020.wav,rya,
dataset/rinry/wa/018.wav,wa,
dataset/mikeryu/i/003.wav,i,
dataset/yumike/kya/004.wav,kya,
dataset/haruyamike/da/006.wav,da,
dataset/rinry/pyu/012.wav,pyu,
dataset/rikutomike/zo/006.wav,zo,
dataset/collected/pc_699ec508/1786770936_906947.wav,ni,
dataset/rinry/za/006.wav,za,
dataset/yu-ota/e/006.wav,e,
dataset/rinry/ri/015.wav,ri,
dataset/rinry/ga/003.wav,ga,
dataset/haruyamike/nya/003.wav,nya,
dataset/rinry/pyu/013.wav,pyu,
dataset/rikutomike/nya/001.wav,nya,
dataset/rikutomike/myo/002.wav,myo,
dataset/yumike/yu/001.wav,yu,
dataset/yumike/go/008.wav,go,
dataset/yumike/du/006.wav,du,
dataset/yumike/ryo/007.wav,ryo,
dataset/rikutomike/nu/001.wav,nu,
dataset/mikeryu/u/008.wav,u,
dataset/rikutomike/ya/010.wav,ya,
dataset/rikutomike/pyo/009.wav,pyo,
dataset/yumike/ge/007.wav,ge,
dataset/rikutomike/hya/001.wav,hya,
dataset/collected/pc_699ec508/1786414484_110105.wav,so,
dataset/rinry/n/003.wav,n,
dataset/rinry/to/016.wav,to,
dataset/rikutomike/ru/005.wav,ru,
dataset/rinry/byu/007.wav,byu,
dataset/rinry/kyu/006.wav,kyu,
dataset/rinry/chu/003.wav,chu,
dataset/rinry/ya/010.wav,ya,
dataset/haruyamike/o/009.wav,o,
dataset/haruyamike/hyu/003.wav,hyu,
dataset/rinry/kya/019.wav,kya,
dataset/collected/pc_699ec508/1786415186_930307.wav,ni,
dataset/rinry/gya/018.wav,gya,
dataset/rikutomike/pyo/007.wav,pyo,
dataset/yumike/ru/006.wav,ru,
dataset/rinry/fu/005.wav,fu,
dataset/haruyamike/ya/010.wav,ya,
dataset/rinry/he/011.wav,he,
dataset/reon/a/010.wav,a,
dataset/haruyamike/se/006.wav,se,
dataset/yumike/chu/010.wav,chu,
dataset/rikutomike/go/009.wav,go,
dataset/ryu/o/008.wav,o,
dataset/rikutomike/du/003.wav,du,
dataset/rinry/su/013.wav,su,
dataset/haruyamike/shu/008.wav,shu,
dataset/rinry/he/017.wav,he,
dataset/haruyamike/ku/004.wav,ku,
dataset/haruyamike/ju/010.wav,ju,
dataset/yumike/byo/007.wav,byo,
dataset/rikutomike/i/008.wav,i,
dataset/rikutomike/gi/003.wav,gi,
dataset/rikutomike/ze/001.wav,ze,
dataset/haruyamike/shi/006.wav,shi,
dataset/haruyamike/no/002.wav,no,
dataset/rinry/do/017.wav,do,
dataset/haruyamike/se/007.wav,se,
dataset/rinry/so/005.wav,so,
dataset/rikutomike/o/005.wav,o,
dataset/haruyamike/chu/004.wav,chu,
dataset/yumike/mya/006.wav,mya,
dataset/rinry/pu/016.wav,pu,
dataset/yumike/sho/005.wav,sho,
dataset/rinry/pyo/017.wav,pyo,
dataset/haruyamike/ho/003.wav,ho,
dataset/haruyamike/ya/007.wav,ya,
dataset/rinry/do/009.wav,do,
dataset/collected/pc_699ec508/1786770503_156561.wav,to,
dataset/rinry/ta/014.wav,ta,
dataset/haruyamike/to/004.wav,to,
dataset/rikutomike/nyo/009.wav,nyo,
dataset/rinry/go/016.wav,go,
dataset/rinry/pa/007.wav,pa,
dataset/rikutomike/ke/008.wav,ke,
dataset/rinry/pyo/005.wav,pyo,
dataset/rinry/cha/012.wav,cha,
dataset/rinry/ho/016.wav,ho,
dataset/haruyamike/ri/009.wav,ri,
dataset/haruyamike/hya/001.wav,hya,
dataset/rikutomike/cha/007.wav,cha,
dataset/rikutomike/ri/009.wav,ri,
dataset/rikutomike/ba/008.wav,ba,
dataset/rinry/da/015.wav,da,
dataset/yumike/hyu/010.wav,hyu,
dataset/haruyamike/ju/001.wav,ju,
dataset/rikutomike/yu/004.wav,yu,
dataset/rinry/kyu/002.wav,kyu,
dataset/rinry/mu/005.wav,mu,
dataset/rikuto/i/009.wav,i,
dataset/yumike/hya/003.wav,hya,
dataset/rikutomike/tsu/008.wav,tsu,
dataset/haruyamike/mu/008.wav,mu,
dataset/rinry/byu/013.wav,byu,
dataset/yumike/ju/003.wav,ju,
dataset/collected/pc_699ec508/1786415321_897161.wav,kyo,
dataset/haruyamike/mo/009.wav,mo,
dataset/rikuto/i/002.wav,i,
dataset/rikutomike/nu/005.wav,nu,
dataset/rinry/di/017.wav,di,
dataset/rikutomike/ko/005.wav,ko,
dataset/rikutomike/hi/005.wav,hi,
dataset/haruyamike/e/007.wav,e,
dataset/haruyamike/gyo/009.wav,gyo,
dataset/rinry/se/003.wav,se,
dataset/rinry/zo/012.wav,zo,
dataset/haruyamike/wa/005.wav,wa,
dataset/rinry/ge/019.wav,ge,
dataset/yumike/re/004.wav,re,
dataset/collected/pc_699ec508/1786019057_875084.wav,chi,
dataset/collected/pc_e1f2c4f8/1786452397_141308.wav,ka,
dataset/rikutomike/su/006.wav,su,
dataset/rinry/myo/003.wav,myo,
dataset/collected/pc_699ec508/1786010124_786138.wav,i,
dataset/haruyamike/yu/006.wav,yu,
dataset/yumike/mya/008.wav,mya,
dataset/yumike/byu/008.wav,byu,
dataset/rikutomike/byu/005.wav,byu,
dataset/haruyamike/pu/006.wav,pu,
dataset/rinry/do/001.wav,do,
dataset/rinry/hi/011.wav,hi,
dataset/rinry/ha/001.wav,ha,
dataset/rinry/shu/007.wav,shu,
dataset/haruyamike/nyo/006.wav,nyo,
dataset/rikutomike/yo/001.wav,yo,
dataset/yumike/pe/008.wav,pe,
dataset/haruyamike/ho/009.wav,ho,
dataset/rinry/gu/011.wav,gu,
dataset/rinry/pyo/002.wav,pyo,
dataset/collected/pc_699ec508/1786019036_988994.wav,ke,
dataset/ryu/u/010.wav,u,
dataset/yumike/ho/003.wav,ho,
dataset/collected/pc_699ec508/1786008798_43882.wav,e,
dataset/rinry/re/003.wav,re,
dataset/haruyamike/ko/007.wav,ko,
dataset/haruyamike/gyu/003.wav,gyu,
dataset/yumike/chu/009.wav,chu,
dataset/rinry/ze/017.wav,ze,
dataset/rinry/di/001.wav,di,
dataset/rinry/sha/015.wav,sha,
dataset/rikutomike/yu/008.wav,yu,
dataset/yumike/me/001.wav,me,
dataset/rikutomike/gyu/003.wav,gyu,
dataset/rikutomike/gyu/007.wav,gyu,
dataset/rikutomike/ta/007.wav,ta,
dataset/rinry/fu/002.wav,fu,
dataset/rikutomike/hi/006.wav,hi,
dataset/rinry/su/002.wav,su,
dataset/rikutomike/pe/001.wav,pe,
dataset/rinry/pyo/001.wav,pyo,
dataset/yumike/rya/004.wav,rya,
dataset/rinry/sa/005.wav,sa,
dataset/haruyamike/myu/002.wav,myu,
dataset/rikutomike/pyu/003.wav,pyu,
dataset/yumike/nyo/007.wav,nyo,
dataset/rinry/wo/006.wav,wo,
dataset/rinry/su/009.wav,su,
dataset/yumike/te/001.wav,te,
dataset/collected/pc_e1f2c4f8/1786452402_690444.wav,su,
dataset/rikutomike/myo/001.wav,myo,
dataset/rinry/ta/016.wav,ta,
dataset/rinry/mu/020.wav,mu,
dataset/haruyamike/ga/002.wav,ga,
dataset/rikutomike/cho/005.wav,cho,
dataset/yumike/no/003.wav,no,
dataset/rinry/no/005.wav,no,
dataset/collected/pc_699ec508/1786416152_151747.wav,sa,
dataset/haruyamike/pyu/002.wav,pyu,
dataset/rinry/go/011.wav,go,
dataset/yumike/ge/008.wav,ge,
dataset/rikutomike/mo/006.wav,mo,
dataset/haruyamike/hi/003.wav,hi,
dataset/rikuto/i/010.wav,i,
dataset/rinry/nu/014.wav,nu,
dataset/rinry/ryu/002.wav,ryu,
dataset/rinry/sha/005.wav,sha,
dataset/collected/pc_699ec508/1786767635_338664.wav,ka,
dataset/rinry/se/016.wav,se,
dataset/rikuto/u/007.wav,u,
dataset/rinry/bo/005.wav,bo,
dataset/rikutomike/gi/002.wav,gi,
dataset/rinry/ba/018.wav,ba,
dataset/haruyamike/gyo/001.wav,gyo,
dataset/rinry/myo/004.wav,myo,
dataset/rikutomike/ne/007.wav,ne,
dataset/haruyamike/sa/008.wav,sa,
dataset/rinry/wo/002.wav,wo,
dataset/haruyamike/ji/017.wav,ji,
dataset/yumike/pa/002.wav,pa,
dataset/haruyamike/sho/005.wav,sho,
dataset/collected/pc_699ec508/1786769624_80103.wav,pi,
dataset/collected/pc_699ec508/1786415364_777419.wav,mya,
dataset/rikutomike/mo/001.wav,mo,
dataset/yumike/ya/009.wav,ya,
dataset/rinry/pi/020.wav,pi,
dataset/rinry/i/002.wav,i,
dataset/rikutomike/bo/004.wav,bo,
dataset/rikutomike/pu/005.wav,pu,
dataset/rinry/myu/009.wav,myu,
dataset/rinry/ru/002.wav,ru,
dataset/rinry/mu/010.wav,mu,
dataset/rinry/byu/002.wav,byu,
dataset/rinry/zo/017.wav,zo,
dataset/collected/pc_e1f2c4f8/1786672261_584681.wav,ro,
dataset/collected/pc_699ec508/1786535965_806375.wav,hya,
dataset/rinry/fu/006.wav,fu,
dataset/rikutomike/hyu/009.wav,hyu,
dataset/collected/pc_699ec508/1786535873_073557.wav,pi,
dataset/collected/pc_699ec508/1786019028_877453.wav,ki,
dataset/haruyamike/ka/006.wav,ka,
dataset/rinry/ge/014.wav,ge,
dataset/haruyamike/bya/001.wav,bya,
dataset/yumike/gyu/003.wav,gyu,
dataset/rinry/pa/001.wav,pa,
dataset/rinry/pa/004.wav,pa,
dataset/collected/pc_699ec508/1786416182_658749.wav,se,
dataset/rikutomike/da/003.wav,da,
dataset/haruyamike/pyo/001.wav,pyo,
dataset/rinry/nyu/003.wav,nyu,
dataset/rinry/ja/001.wav,ja,
dataset/rikutomike/ru/003.wav,ru,
dataset/collected/pc_699ec508/1786536002_388315.wav,gya,
dataset/rikutomike/do/002.wav,do,
dataset/rinry/pa/013.wav,pa,
dataset/yumike/yu/002.wav,yu,
dataset/haruyamike/pu/009.wav,pu,
dataset/yumike/nyo/005.wav,nyo,
dataset/rikutomike/zo/003.wav,zo,
dataset/haruyamike/chi/001.wav,chi,
dataset/haruyamike/bi/003.wav,bi,
dataset/haruyamike/ra/004.wav,ra,
dataset/collected/pc_699ec508/1786010072_717978.wav,o,
dataset/rinry/ta/018.wav,ta,
dataset/collected/pc_699ec508/1786415461_369163.wav,ryo,
dataset/rinry/e/008.wav,e,
dataset/collected/pc_e1f2c4f8/1786452392_133723.wav,me,
dataset/yumike/do/002.wav,do,
dataset/rinry/mu/018.wav,mu,
dataset/rinry/bi/012.wav,bi,
dataset/rinry/re/020.wav,re,
dataset/yumike/shi/006.wav,shi,
dataset/rikutomike/gyo/005.wav,gyo,
dataset/rinry/i/003.wav,i,
dataset/yumike/ki/007.wav,ki,
dataset/rikutomike/ki/001.wav,ki,
dataset/rinry/ji/011.wav,ji,
dataset/rinry/ya/009.wav,ya,
dataset/rikutomike/chu/010.wav,chu,
dataset/yumike/ka/009.wav,ka,
dataset/rinry/pyu/008.wav,pyu,
dataset/haruyamike/bi/006.wav,bi,
dataset/rikutomike/myo/006.wav,myo,
dataset/haruyamike/a/001.wav,a,
dataset/rikutomike/sa/004.wav,sa,
dataset/yumike/gya/001.wav,gya,
dataset/yumike/chu/001.wav,chu,
dataset/rinry/ri/007.wav,ri,
dataset/rinry/yo/018.wav,yo,
dataset/collected/pc_699ec508/1786767645_5965.wav,yo,
dataset/haruyamike/zu/010.wav,zu,
dataset/collected/pc_699ec508/1786415283_433094.wav,ro,
dataset/yumike/sa/005.wav,sa,
dataset/haruyamike/ni/010.wav,ni,
dataset/rinry/zu/009.wav,zu,
dataset/rinry/mya/005.wav,mya,
dataset/rinry/gyo/011.wav,gyo,
dataset/rinry/gi/015.wav,gi,
dataset/rikutomike/cho/009.wav,cho,
dataset/yu-ota/o/001.wav,o,
dataset/collected/pc_699ec508/1786770970_742904.wav,ru,
dataset/yumike/so/007.wav,so,
dataset/rikutomike/u/009.wav,u,
dataset/rinry/a/019.wav,a,
dataset/rinry/go/017.wav,go,
dataset/rikutomike/da/008.wav,da,
dataset/yumike/gya/006.wav,gya,
dataset/collected/pc_699ec508/1786770445_555502.wav,ra,
dataset/collected/pc_699ec508/1786416703_774374.wav,ro,
dataset/collected/pc_699ec508/1786535916_085124.wav,sha,
dataset/rinry/ga/007.wav,ga,
dataset/rinry/o/010.wav,o,
dataset/yumike/ni/003.wav,ni,
dataset/yumike/sha/001.wav,sha,
dataset/rinry/de/020.wav,de,
dataset/rinry/jo/003.wav,jo,
dataset/rikutomike/me/007.wav,me,
dataset/rinry/e/018.wav,e,
dataset/rikutomike/ri/007.wav,ri,
dataset/yumike/mya/004.wav,mya,
dataset/yumike/gu/009.wav,gu,
dataset/yumike/ya/006.wav,ya,
dataset/rikutomike/sha/009.wav,sha,
dataset/rikutomike/be/006.wav,be,
dataset/rikutomike/bu/002.wav,bu,
dataset/collected/pc_699ec508/1786288717_021291.wav,re,
dataset/collected/pc_699ec508/1786769604_65589.wav,hya,
dataset/yumike/mo/004.wav,mo,
dataset/yumike/gyo/006.wav,gyo,
dataset/rinry/nya/004.wav,nya,
dataset/rikutomike/sa/005.wav,sa,
dataset/rikutomike/to/007.wav,to,
dataset/rinry/bi/002.wav,bi,
dataset/haruyamike/cho/010.wav,cho,
dataset/rinry/za/012.wav,za,
dataset/rinry/chi/014.wav,chi,
dataset/yumike/ho/007.wav,ho,
dataset/haruyamike/ya/001.wav,ya,
dataset/rinry/ka/017.wav,ka,
dataset/rinry/nu/020.wav,nu,
dataset/rinry/ge/002.wav,ge,
dataset/rikutomike/wa/003.wav,wa,
dataset/yumike/o/003.wav,o,
dataset/rikutomike/kyu/003.wav,kyu,
dataset/rikutomike/no/008.wav,no,
dataset/rinry/go/014.wav,go,
dataset/rinry/gi/006.wav,gi,
dataset/rinry/myo/008.wav,myo,
dataset/rinry/no/018.wav,no,
dataset/rinry/u/016.wav,u,
dataset/yumike/ma/005.wav,ma,
dataset/rinry/pa/005.wav,pa,
dataset/haruyamike/ze/001.wav,ze,
dataset/yumike/pya/006.wav,pya,
dataset/haruyamike/ji/019.wav,ji,
dataset/rinry/kyu/014.wav,kyu,
dataset/rinry/shi/011.wav,shi,
dataset/rikutomike/zu/004.wav,zu,
dataset/haruyamike/ya/005.wav,ya,
dataset/collected/pc_699ec508/1786019097_621055.wav,sa,
dataset/rinry/hyo/011.wav,hyo,
dataset/rikutomike/te/003.wav,te,
dataset/collected/pc_e1f2c4f8/1786672334_053667.wav,pa,
dataset/yumike/shu/010.wav,shu,
dataset/collected/pc_699ec508/1786019043_653954.wav,ko,
dataset/rinry/pe/007.wav,pe,
dataset/collected/pc_699ec508/1786770516_069223.wav,chi,
dataset/rinry/pya/005.wav,pya,
dataset/haruyamike/jo/001.wav,jo,
dataset/collected/pc_b34a3877/1786592208_782999.wav,other,
dataset/yumike/i/006.wav,i,
dataset/yumike/ra/010.wav,ra,
dataset/yumike/cho/003.wav,cho,
dataset/mikeryu/u/010.wav,u,
dataset/haruyamike/do/004.wav,do,
dataset/rinry/ku/011.wav,ku,
dataset/yumike/ku/002.wav,ku,
dataset/yumike/bo/004.wav,bo,
dataset/haruyamike/ka/002.wav,ka,
dataset/haruyamike/ku/002.wav,ku,
dataset/rinry/byo/006.wav,byo,
dataset/haruyamike/ryu/009.wav,ryu,
dataset/haruyamike/te/007.wav,te,
dataset/rinry/to/003.wav,to,
dataset/rinry/wo/005.wav,wo,
dataset/haruyamike/tsu/008.wav,tsu,
dataset/haruyamike/be/008.wav,be,
dataset/rinry/kyo/003.wav,kyo,
dataset/yumike/kyu/004.wav,kyu,
dataset/rikutomike/nyu/010.wav,nyu,
dataset/yumike/gu/004.wav,gu,
dataset/rinry/ka/015.wav,ka,
dataset/rinry/myu/001.wav,myu,
dataset/yumike/pa/004.wav,pa,
dataset/rikutomike/yo/006.wav,yo,
dataset/yumike/he/002.wav,he,
dataset/rikutomike/kya/005.wav,kya,
dataset/rinry/be/008.wav,be,
dataset/yu-ota/i/001.wav,i,
dataset/rinry/ya/003.wav,ya,
dataset/rikutomike/ha/004.wav,ha,
dataset/rinry/hya/019.wav,hya,
dataset/rinry/i/009.wav,i,
dataset/rinry/du/004.wav,du,
dataset/collected/pc_699ec508/1786415180_335769.wav,to,
dataset/collected/pc_699ec508/1786436327_149057.wav,other,
dataset/yumike/jo/007.wav,jo,
dataset/yumike/ya/008.wav,ya,
dataset/rinry/kya/005.wav,kya,
dataset/haruyamike/fu/009.wav,fu,
dataset/rikutomike/no/003.wav,no,
dataset/rikutomike/po/008.wav,po,
dataset/rinry/mya/009.wav,mya,
dataset/haruyamike/ro/006.wav,ro,
dataset/yumike/yu/003.wav,yu,
dataset/rinry/bya/011.wav,bya,
dataset/ryu/i/004.wav,i,
dataset/yumike/a/007.wav,a,
dataset/rinry/i/020.wav,i,
dataset/haruyamike/yu/002.wav,yu,
dataset/rinry/pi/011.wav,pi,
dataset/collected/pc_699ec508/1786288593_956065.wav,a,
dataset/yumike/za/007.wav,za,
dataset/rinry/ji/005.wav,ji,
dataset/yumike/nya/001.wav,nya,
dataset/rinry/so/004.wav,so,
dataset/rinry/me/006.wav,me,
dataset/yumike/shi/008.wav,shi,
dataset/yumike/myu/006.wav,myu,
dataset/collected/pc_699ec508/1786535632_747237.wav,ra,
dataset/rinry/te/005.wav,te,
dataset/yumike/su/005.wav,su,
dataset/rinry/me/002.wav,me,
dataset/rikutomike/bya/004.wav,bya,
dataset/rinry/pyo/008.wav,pyo,
dataset/collected/pc_699ec508/1786768865_893759.wav,no,
dataset/rinry/so/012.wav,so,
dataset/collected/pc_699ec508/1786019106_90828.wav,su,
dataset/collected/pc_699ec508/1786417072_201271.wav,yu,
dataset/rikutomike/zo/001.wav,zo,
dataset/rikutomike/de/009.wav,de,
dataset/rikutomike/ho/003.wav,ho,
dataset/rikutomike/nya/009.wav,nya,
dataset/haruyamike/myu/009.wav,myu,
dataset/rikutomike/myu/005.wav,myu,
dataset/haruyamike/hyo/010.wav,hyo,
dataset/rinry/gu/019.wav,gu,
dataset/rinry/wa/002.wav,wa,
dataset/rinry/di/012.wav,di,
dataset/haruyamike/cha/006.wav,cha,
dataset/yumike/di/002.wav,di,
dataset/yumike/hi/009.wav,hi,
dataset/rinry/ta/001.wav,ta,
dataset/haruyamike/pyo/004.wav,pyo,
dataset/yumike/hyu/002.wav,hyu,
dataset/yumike/pi/017.wav,pi,
dataset/rinry/e/005.wav,e,
dataset/yumike/ko/007.wav,ko,
dataset/haruyamike/zu/005.wav,zu,
dataset/rinry/nya/005.wav,nya,
dataset/rikutomike/ya/001.wav,ya,
dataset/rikutomike/ku/010.wav,ku,
dataset/haruyamike/re/004.wav,re,
dataset/rikutomike/ryo/009.wav,ryo,
dataset/rinry/zu/018.wav,zu,
dataset/collected/pc_699ec508/1786414465_257824.wav,shi,
dataset/yumike/chi/007.wav,chi,
dataset/yumike/ja/003.wav,ja,
dataset/rinry/gyu/012.wav,gyu,
dataset/yumike/ho/001.wav,ho,
dataset/yumike/ga/010.wav,ga,
dataset/collected/pc_699ec508/1786415153_043388.wav,ta,
dataset/yumike/to/002.wav,to,
dataset/yumike/ru/002.wav,ru,
dataset/rikutomike/a/003.wav,a,
dataset/rikutomike/de/002.wav,de,
dataset/yumike/za/006.wav,za,
dataset/yumike/jo/003.wav,jo,
dataset/rinry/ma/020.wav,ma,
dataset/rinry/ryu/005.wav,ryu,
dataset/rinry/ya/004.wav,ya,
dataset/rinry/yu/010.wav,yu,
dataset/rinry/ka/012.wav,ka,
dataset/rinry/o/008.wav,o,
dataset/yu-ota/a/004.wav,a,
dataset/rinry/mu/011.wav,mu,
dataset/yumike/hyu/009.wav,hyu,
dataset/rinry/mya/010.wav,mya,
dataset/collected/pc_699ec508/1785825027_784936.wav,other,
dataset/rinry/za/009.wav,za,
dataset/rinry/di/020.wav,di,
dataset/rikutomike/ze/006.wav,ze,
dataset/haruyamike/cha/003.wav,cha,
dataset/collected/pc_699ec508/1786415196_56342.wav,no,
dataset/rikutomike/wo/010.wav,wo,
dataset/rinry/nyo/013.wav,nyo,
dataset/yumike/myo/002.wav,myo,
dataset/haruyamike/gi/005.wav,gi,
dataset/yumike/ho/004.wav,ho,
dataset/rinry/shi/002.wav,shi,
dataset/haruyamike/su/003.wav,su,
dataset/haruyamike/bya/010.wav,bya,
dataset/rinry/nu/011.wav,nu,
dataset/yumike/gyu/002.wav,gyu,
dataset/ryu/i/006.wav,i,
dataset/yumike/ba/007.wav,ba,
dataset/yumike/ji/005.wav,ji,
dataset/haruyamike/ji/013.wav,ji,
dataset/rinry/na/020.wav,na,
dataset/rinry/pu/014.wav,pu,
dataset/rinry/gyu/010.wav,gyu,
dataset/rinry/pyu/017.wav,pyu,
dataset/haruyamike/mya/002.wav,mya,
dataset/rinry/zu/004.wav,zu,
dataset/rikutomike/pa/004.wav,pa,
dataset/yumike/i/004.wav,i,
dataset/rinry/pe/020.wav,pe,
dataset/collected/pc_699ec508/1786768887_530033.wav,hi,
dataset/haruyamike/do/009.wav,do,
dataset/yumike/kya/005.wav,kya,
dataset/yumike/ko/008.wav,ko,
dataset/rikutomike/shu/002.wav,shu,
dataset/rinry/cha/006.wav,cha,
dataset/haruyamike/me/006.wav,me,
dataset/rikutomike/zu/002.wav,zu,
dataset/rikutomike/yo/007.wav,yo,
dataset/rinry/ryu/008.wav,ryu,
dataset/rinry/ryo/012.wav,ryo,
dataset/rinry/shi/018.wav,shi,
dataset/yumike/nyu/003.wav,nyu,
dataset/haruyamike/pa/009.wav,pa,
dataset/rinry/pi/014.wav,pi,
dataset/rinry/chu/007.wav,chu,
dataset/rikutomike/do/005.wav,do,
dataset/rinry/mu/001.wav,mu,
dataset/haruyamike/za/009.wav,za,
dataset/haruyamike/u/007.wav,u,
dataset/yumike/no/002.wav,no,
dataset/haruyamike/byu/001.wav,byu,
dataset/rinry/go/013.wav,go,
dataset/rikuto/o/010.wav,o,
dataset/rinry/no/002.wav,no,
dataset/rinry/hi/015.wav,hi,
dataset/rikutomike/gi/004.wav,gi,
dataset/yumike/u/003.wav,u,
dataset/rinry/zo/008.wav,zo,
dataset/rikutomike/sho/001.wav,sho,
dataset/rinry/ryo/011.wav,ryo,
dataset/haruyamike/ka/008.wav,ka,
dataset/rikutomike/pyo/008.wav,pyo,
dataset/rinry/gyo/004.wav,gyo,
dataset/rinry/pi/010.wav,pi,
dataset/haruyamike/chi/008.wav,chi,
dataset/haruyamike/da/007.wav,da,
dataset/rinry/ki/005.wav,ki,
dataset/rinry/bi/006.wav,bi,
dataset/haruyamike/ru/010.wav,ru,
dataset/haruyamike/o/008.wav,o,
dataset/collected/pc_699ec508/1786415317_807163.wav,kyu,
dataset/rinry/to/005.wav,to,
dataset/yumike/gu/006.wav,gu,
dataset/collected/pc_699ec508/1786019292_559882.wav,other,
dataset/yumike/byo/004.wav,byo,
dataset/rinry/e/003.wav,e,
dataset/yumike/gyo/009.wav,gyo,
dataset/rinry/zu/005.wav,zu,
dataset/rinry/sa/008.wav,sa,
dataset/rinry/sho/002.wav,sho,
dataset/rikutomike/ri/004.wav,ri,
dataset/yumike/ya/007.wav,ya,
dataset/collected/pc_699ec508/1786415189_868383.wav,nu,
dataset/rikutomike/ryu/002.wav,ryu,
dataset/rinry/ryo/005.wav,ryo,
dataset/haruyamike/ke/001.wav,ke,
dataset/rinry/kyo/017.wav,kyo,
dataset/reon/i/003.wav,i,
dataset/rinry/u/019.wav,u,
dataset/collected/pc_699ec508/1786535889_93468.wav,pe,
dataset/rikutomike/bya/005.wav,bya,
dataset/haruyamike/kyo/009.wav,kyo,
dataset/haruyamike/gi/008.wav,gi,
dataset/haruyamike/he/004.wav,he,
dataset/rikuto/e/001.wav,e,
dataset/rinry/pya/018.wav,pya,
dataset/rinry/ne/017.wav,ne,
dataset/rikuto/o/005.wav,o,
dataset/haruyamike/gu/001.wav,gu,
dataset/rikutomike/mo/003.wav,mo,
dataset/yumike/ho/005.wav,ho,
dataset/rinry/ryo/004.wav,ryo,
dataset/rinry/nyo/017.wav,nyo,
dataset/rinry/ke/014.wav,ke,
dataset/rikutomike/wo/005.wav,wo,
dataset/haruyamike/gyo/010.wav,gyo,
dataset/rikutomike/ra/008.wav,ra,
dataset/rinry/wa/019.wav,wa,
dataset/haruyamike/hyo/001.wav,hyo,
dataset/yumike/so/003.wav,so,
dataset/yumike/pa/008.wav,pa,
dataset/rinry/cha/007.wav,cha,
dataset/yumike/ta/006.wav,ta,
dataset/mikeryu/i/009.wav,i,
dataset/rikutomike/jo/006.wav,jo,
dataset/rinry/ju/020.wav,ju,
dataset/rikutomike/ryu/003.wav,ryu,
dataset/haruyamike/zo/004.wav,zo,
dataset/yumike/tsu/010.wav,tsu,
dataset/rinry/ru/005.wav,ru,
dataset/yumike/pi/011.wav,pi,
dataset/rinry/ji/017.wav,ji,
dataset/rinry/ha/008.wav,ha,
dataset/reon/i/002.wav,i,
dataset/haruyamike/mya/006.wav,mya,
dataset/rinry/hyo/015.wav,hyo,
dataset/haruyamike/ze/007.wav,ze,
dataset/haruyamike/ke/007.wav,ke,
dataset/rinry/ryo/016.wav,ryo,
dataset/rinry/ji/019.wav,ji,
dataset/rinry/e/002.wav,e,
dataset/rinry/kyu/013.wav,kyu,
dataset/yumike/gi/002.wav,gi,
dataset/rikutomike/su/007.wav,su,
dataset/haruyamike/kyu/003.wav,kyu,
dataset/haruyamike/ryu/005.wav,ryu,
dataset/rinry/ra/020.wav,ra,
dataset/rinry/pu/002.wav,pu,
dataset/rinry/chu/013.wav,chu,
dataset/yumike/ju/002.wav,ju,
dataset/rikutomike/byo/005.wav,byo,
dataset/rinry/mi/015.wav,mi,
dataset/rikutomike/tsu/003.wav,tsu,
dataset/rikutomike/ga/001.wav,ga,
dataset/rikutomike/pya/008.wav,pya,
dataset/haruyamike/pyu/001.wav,pyu,
dataset/haruyamike/da/009.wav,da,
dataset/rinry/ro/002.wav,ro,
dataset/yumike/nya/006.wav,nya,
dataset/rinry/sa/017.wav,sa,
dataset/collected/pc_699ec508/1786767588_136917.wav,a,
dataset/haruyamike/a/010.wav,a,
dataset/rinry/myu/008.wav,myu,
dataset/yumike/ko/004.wav,ko,
dataset/rinry/mi/013.wav,mi,
dataset/rinry/ga/020.wav,ga,
dataset/haruyamike/so/007.wav,so,
dataset/yumike/fu/010.wav,fu,
dataset/rinry/su/018.wav,su,
dataset/collected/pc_699ec508/1786415272_13145.wav,ri,
dataset/haruyamike/ho/005.wav,ho,
dataset/rinry/ryo/008.wav,ryo,
dataset/rinry/za/007.wav,za,
dataset/rinry/pya/006.wav,pya,
dataset/rikutomike/nyu/001.wav,nyu,
dataset/haruyamike/shi/005.wav,shi,
dataset/rikutomike/ge/005.wav,ge,
dataset/yumike/bu/006.wav,bu,
dataset/yumike/ji/010.wav,ji,
dataset/rikutomike/bo/002.wav,bo,
dataset/rinry/bo/006.wav,bo,
dataset/rinry/hyo/003.wav,hyo,
dataset/rinry/za/011.wav,za,
dataset/yumike/ja/007.wav,ja,
dataset/rinry/pyo/011.wav,pyo,
dataset/rinry/ra/003.wav,ra,
dataset/rinry/pu/013.wav,pu,
dataset/haruyamike/hyo/009.wav,hyo,
dataset/rinry/mi/012.wav,mi,
dataset/rikutomike/ra/010.wav,ra,
dataset/haruyamike/hyu/009.wav,hyu,
dataset/rinry/ra/017.wav,ra,
dataset/rinry/fu/018.wav,fu,
dataset/rikutomike/gyu/002.wav,gyu,
dataset/collected/pc_e1f2c4f8/1786672301_025685.wav,cha,
dataset/rinry/ka/018.wav,ka,
dataset/haruyamike/ju/003.wav,ju,
dataset/rinry/gyo/007.wav,gyo,
dataset/yumike/mya/007.wav,mya,
dataset/rinry/bu/009.wav,bu,
dataset/rikutomike/be/010.wav,be,
dataset/haruyamike/ta/005.wav,ta,
dataset/haruyamike/bu/008.wav,bu,
dataset/rikutomike/pyo/005.wav,pyo,
dataset/rikutomike/ju/002.wav,ju,
dataset/yumike/ya/005.wav,ya,
dataset/rinry/gyu/017.wav,gyu,
dataset/rinry/i/004.wav,i,
dataset/rikutomike/ka/006.wav,ka,
dataset/rinry/e/017.wav,e,
dataset/rikutomike/byu/008.wav,byu,
dataset/yumike/ze/007.wav,ze,
dataset/rinry/ga/004.wav,ga,
dataset/rikutomike/ryo/008.wav,ryo,
dataset/rinry/be/019.wav,be,
dataset/rikutomike/fu/003.wav,fu,
dataset/rinry/i/018.wav,i,
dataset/yumike/ma/002.wav,ma,
dataset/rinry/zo/009.wav,zo,
dataset/yumike/te/007.wav,te,
dataset/haruyamike/gya/010.wav,gya,
dataset/rinry/a/006.wav,a,
dataset/rikutomike/nu/003.wav,nu,
dataset/haruyamike/shi/007.wav,shi,
dataset/rinry/ju/010.wav,ju,
dataset/rinry/shu/010.wav,shu,
dataset/yumike/nu/005.wav,nu,
dataset/rinry/ze/011.wav,ze,
dataset/yumike/cha/007.wav,cha,
dataset/rinry/n/005.wav,n,
dataset/rinry/bu/016.wav,bu,
dataset/rinry/hyu/018.wav,hyu,
dataset/rinry/di/003.wav,di,
dataset/rikutomike/me/009.wav,me,
dataset/rikutomike/hi/004.wav,hi,
dataset/yumike/shi/009.wav,shi,
dataset/haruyamike/tsu/004.wav,tsu,
dataset/haruyamike/se/002.wav,se,
dataset/rinry/pu/005.wav,pu,
dataset/haruyamike/chu/008.wav,chu,
dataset/haruyamike/ru/003.wav,ru,
dataset/haruyamike/yu/009.wav,yu,
dataset/yumike/hyo/003.wav,hyo,
dataset/rinry/cho/013.wav,cho,
dataset/haruyamike/ko/008.wav,ko,
dataset/yumike/du/001.wav,du,
dataset/rikutomike/myo/004.wav,myo,
dataset/yumike/to/003.wav,to,
dataset/yumike/ga/001.wav,ga,
dataset/yumike/so/005.wav,so,
dataset/yumike/me/004.wav,me,
dataset/yumike/he/009.wav,he,
dataset/rinry/do/002.wav,do,
dataset/rinry/cho/016.wav,cho,
dataset/rinry/de/007.wav,de,
dataset/rinry/ga/017.wav,ga,
dataset/mikeryu/i/001.wav,i,
dataset/rinry/ga/012.wav,ga,
dataset/haruyamike/gyu/007.wav,gyu,
dataset/rikutomike/ni/008.wav,ni,
dataset/haruyamike/di/001.wav,di,
dataset/haruyamike/ro/004.wav,ro,
dataset/yumike/byu/002.wav,byu,
dataset/haruyamike/hyu/001.wav,hyu,
dataset/rinry/gyu/013.wav,gyu,
dataset/rikutomike/shu/009.wav,shu,
dataset/rikutomike/ko/007.wav,ko,
dataset/rinry/sa/014.wav,sa,
dataset/rinry/pyo/009.wav,pyo,
dataset/collected/pc_699ec508/1786535939_187298.wav,cho,
dataset/haruyamike/bo/003.wav,bo,
dataset/rinry/cho/002.wav,cho,
dataset/rikutomike/nya/007.wav,nya,
dataset/rikutomike/ge/004.wav,ge,
dataset/rinry/pyo/020.wav,pyo,
dataset/rinry/ni/003.wav,ni,
dataset/rikutomike/ka/008.wav,ka,
dataset/rinry/pi/012.wav,pi,
dataset/yumike/bu/008.wav,bu,
dataset/rinry/e/019.wav,e,
dataset/haruyamike/sa/003.wav,sa,
dataset/rinry/myu/016.wav,myu,
dataset/rinry/o/011.wav,o,
dataset/rinry/gu/009.wav,gu,
dataset/rinry/ga/016.wav,ga,
dataset/yumike/bya/001.wav,bya,
dataset/rinry/du/005.wav,du,
dataset/rinry/ryu/009.wav,ryu,
dataset/ryu/e/001.wav,e,
dataset/rinry/na/009.wav,na,
dataset/rinry/ru/001.wav,ru,
dataset/haruyamike/ni/008.wav,ni,
dataset/haruyamike/byo/004.wav,byo,
dataset/haruyamike/gya/001.wav,gya,
dataset/rikutomike/mi/002.wav,mi,
dataset/rinry/se/011.wav,se,
dataset/rikutomike/wa/005.wav,wa,
dataset/yumike/byu/009.wav,byu,
dataset/rinry/da/009.wav,da,
dataset/rinry/he/014.wav,he,
dataset/rinry/ku/009.wav,ku,
dataset/rinry/da/002.wav,da,
dataset/rikutomike/su/010.wav,su,
dataset/yumike/u/005.wav,u,
dataset/rikutomike/ji/004.wav,ji,
dataset/rikutomike/se/008.wav,se,
dataset/rikutomike/ko/010.wav,ko,
dataset/rinry/ku/008.wav,ku,
dataset/haruyamike/ro/009.wav,ro,
dataset/haruyamike/ro/003.wav,ro,
dataset/rinry/bu/018.wav,bu,
dataset/haruyamike/byu/006.wav,byu,
dataset/rinry/kya/001.wav,kya,
dataset/rinry/ta/008.wav,ta,
dataset/rikutomike/hyu/005.wav,hyu,
dataset/rinry/ha/019.wav,ha,
dataset/haruyamike/zo/003.wav,zo,
dataset/yumike/ge/002.wav,ge,
dataset/rinry/pe/019.wav,pe,
dataset/yumike/hyu/001.wav,hyu,
dataset/rikutomike/ri/008.wav,ri,
dataset/rinry/nya/018.wav,nya,
dataset/yu-ota/o/010.wav,o,
dataset/haruyamike/nyo/011.wav,nyo,
dataset/rinry/ke/001.wav,ke,
dataset/rinry/to/015.wav,to,
dataset/haruyamike/tsu/003.wav,tsu,
dataset/rikuto/o/001.wav,o,
dataset/collected/pc_699ec508/1786415266_150837.wav,yo,
dataset/collected/pc_e1f2c4f8/1786672296_122917.wav,wo,
dataset/haruyamike/ga/001.wav,ga,
dataset/rikutomike/bya/001.wav,bya,
dataset/haruyamike/te/008.wav,te,
dataset/rikutomike/go/003.wav,go,
dataset/collected/pc_699ec508/1786415305_428551.wav,shu,
dataset/rinry/e/001.wav,e,
dataset/collected/pc_e1f2c4f8/1786452425_082768.wav,ra,
dataset/rinry/kyo/018.wav,kyo,
dataset/rinry/to/013.wav,to,
dataset/haruyamike/mu/003.wav,mu,
dataset/rinry/ta/015.wav,ta,
dataset/rikutomike/kya/001.wav,kya,
dataset/rinry/me/017.wav,me,
dataset/haruyamike/ma/008.wav,ma,
dataset/rikutomike/hyu/004.wav,hyu,
dataset/rinry/ryo/017.wav,ryo,
dataset/rikutomike/de/004.wav,de,
dataset/rinry/be/007.wav,be,
dataset/rinry/tsu/005.wav,tsu,
dataset/rikutomike/bo/008.wav,bo,
dataset/rinry/pya/001.wav,pya,
dataset/rinry/ji/016.wav,ji,
dataset/rinry/nyu/017.wav,nyu,
dataset/rikutomike/shi/003.wav,shi,
dataset/yumike/pi/018.wav,pi,
dataset/rikutomike/kyu/009.wav,kyu,
dataset/rikuto/u/006.wav,u,
dataset/mikeryu/e/007.wav,e,
dataset/haruyamike/te/002.wav,te,
dataset/yumike/ba/003.wav,ba,
dataset/rinry/ma/019.wav,ma,
dataset/rinry/te/007.wav,te,
dataset/collected/pc_699ec508/1786535697_737785.wav,mo,
dataset/rinry/kya/008.wav,kya,
dataset/collected/pc_699ec508/1786008781_493855.wav,i,
dataset/collected/pc_699ec508/1786414460_379855.wav,sa,
dataset/rinry/no/007.wav,no,
dataset/yumike/ze/004.wav,ze,
dataset/yumike/ho/008.wav,ho,
dataset/yumike/tsu/007.wav,tsu,
dataset/rinry/de/006.wav,de,
dataset/haruyamike/he/007.wav,he,
dataset/collected/pc_699ec508/1786415351_903041.wav,nyu,
dataset/rinry/kya/009.wav,kya,
dataset/rinry/so/008.wav,so,
dataset/rinry/rya/004.wav,rya,
dataset/rinry/i/017.wav,i,
dataset/rikutomike/bya/002.wav,bya,
dataset/rinry/myo/010.wav,myo,
dataset/collected/pc_699ec508/1786415174_051496.wav,te,
dataset/rinry/ga/002.wav,ga,
dataset/rinry/tsu/007.wav,tsu,
dataset/rinry/mo/016.wav,mo,
dataset/rinry/wa/004.wav,wa,
dataset/yu-ota/e/004.wav,e,
dataset/rinry/he/015.wav,he,
dataset/haruyamike/fu/007.wav,fu,
dataset/rikuto/u/004.wav,u,
dataset/rikutomike/mu/005.wav,mu,
dataset/rinry/da/010.wav,da,
dataset/yumike/byu/006.wav,byu,
dataset/yumike/so/001.wav,so,
dataset/haruyamike/me/003.wav,me,
dataset/rinry/da/008.wav,da,
dataset/yumike/di/005.wav,di,
dataset/yumike/rya/007.wav,rya,
dataset/rinry/se/007.wav,se,
dataset/rinry/myu/020.wav,myu,
dataset/rinry/pyu/004.wav,pyu,
dataset/rikutomike/ga/007.wav,ga,
dataset/rikutomike/n/006.wav,n,
dataset/rinry/shu/005.wav,shu,
dataset/yumike/kyo/004.wav,kyo,
dataset/haruyamike/shu/006.wav,shu,
dataset/haruyamike/pyo/008.wav,pyo,
dataset/yumike/nyo/008.wav,nyo,
dataset/rikutomike/hyo/009.wav,hyo,
dataset/haruyamike/wo/005.wav,wo,
dataset/rikutomike/chi/005.wav,chi,
dataset/rinry/di/005.wav,di,
dataset/rikutomike/ze/005.wav,ze,
dataset/rikutomike/wo/002.wav,wo,
dataset/rinry/wo/017.wav,wo,
dataset/haruyamike/pi/001.wav,pi,
dataset/rinry/gya/013.wav,gya,
dataset/rinry/nyu/004.wav,nyu,
dataset/collected/pc_699ec508/1786009776_83225.wav,other,
dataset/rinry/nya/009.wav,nya,
dataset/haruyamike/ju/005.wav,ju,
dataset/reon/u/008.wav,u,
dataset/haruyamike/myo/005.wav,myo,
dataset/rikutomike/te/006.wav,te,
dataset/rinry/ka/009.wav,ka,
dataset/collected/pc_699ec508/1786767608_923932.wav,other,
dataset/rinry/nya/007.wav,nya,
dataset/rinry/te/015.wav,te,
dataset/yumike/pe/004.wav,pe,
dataset/rinry/bu/001.wav,bu,
dataset/yumike/mi/001.wav,mi,
dataset/rinry/nya/019.wav,nya,
dataset/collected/pc_b34a3877/1786550222_708014.wav,cho,
dataset/haruyamike/jo/009.wav,jo,
dataset/rinry/hya/001.wav,hya,
dataset/rikutomike/rya/008.wav,rya,
dataset/rikutomike/za/008.wav,za,
dataset/rikutomike/u/002.wav,u,
dataset/haruyamike/shu/003.wav,shu,
dataset/rinry/ni/014.wav,ni,
dataset/collected/pc_699ec508/1786414452_681081.wav,ko,
dataset/haruyamike/cho/006.wav,cho,
dataset/rinry/ya/012.wav,ya,
dataset/collected/pc_699ec508/1786288693_160572.wav,ko,
dataset/haruyamike/sha/007.wav,sha,
dataset/rinry/mo/019.wav,mo,
dataset/rikutomike/ze/004.wav,ze,
dataset/haruyamike/n/008.wav,n,
dataset/rinry/bi/009.wav,bi,
dataset/yumike/he/001.wav,he,
dataset/collected/pc_699ec508/1786415208_107067.wav,he,
dataset/haruyamike/myo/008.wav,myo,
dataset/yumike/chu/007.wav,chu,
dataset/yumike/hya/008.wav,hya,
dataset/rinry/hya/014.wav,hya,
dataset/haruyamike/gi/003.wav,gi,
dataset/haruyamike/e/006.wav,e,
dataset/rinry/bya/007.wav,bya,
dataset/rikutomike/cha/003.wav,cha,
dataset/yumike/so/002.wav,so,
dataset/rikutomike/kyu/005.wav,kyu,
dataset/rinry/pi/002.wav,pi,
dataset/rinry/mo/005.wav,mo,
dataset/yumike/o/010.wav,o,
dataset/rikutomike/ni/009.wav,ni,
dataset/rinry/bi/019.wav,bi,
dataset/rinry/a/002.wav,a,
dataset/rikutomike/e/005.wav,e,
dataset/yumike/ro/004.wav,ro,
dataset/rinry/zo/004.wav,zo,
dataset/yumike/no/007.wav,no,
dataset/rikutomike/gya/008.wav,gya,
dataset/rikutomike/tsu/001.wav,tsu,
dataset/yumike/bya/005.wav,bya,
dataset/rinry/ho/015.wav,ho,
dataset/collected/pc_699ec508/1786019086_663797.wav,to,
dataset/rinry/shu/014.wav,shu,
dataset/rikutomike/nya/006.wav,nya,
dataset/haruyamike/ga/004.wav,ga,
dataset/rikutomike/bya/010.wav,bya,
dataset/yumike/ta/008.wav,ta,
dataset/yumike/ro/010.wav,ro,
dataset/yumike/kyu/010.wav,kyu,
dataset/yumike/byo/008.wav,byo,
dataset/rinry/fu/010.wav,fu,
dataset/rikutomike/mi/006.wav,mi,
dataset/rikutomike/pyo/003.wav,pyo,
dataset/haruyamike/ga/009.wav,ga,
dataset/haruyamike/bo/005.wav,bo,
dataset/rikuto/a/001.wav,a,
dataset/rikutomike/be/003.wav,be,
dataset/rinry/myu/006.wav,myu,
dataset/haruyamike/ba/009.wav,ba,
dataset/yumike/gyo/001.wav,gyo,
dataset/yumike/ko/003.wav,ko,
dataset/rinry/ya/002.wav,ya,
dataset/haruyamike/bu/009.wav,bu,
dataset/rinry/ji/001.wav,ji,
dataset/collected/pc_699ec508/1786416709_312973.wav,na,
dataset/rinry/ko/011.wav,ko,
dataset/rinry/ne/002.wav,ne,
dataset/haruyamike/wo/004.wav,wo,
dataset/haruyamike/zo/002.wav,zo,
dataset/collected/pc_699ec508/1786536010_500015.wav,gyu,
dataset/rikutomike/ne/010.wav,ne,
dataset/yumike/chi/004.wav,chi,
dataset/rinry/gyo/005.wav,gyo,
dataset/haruyamike/mi/010.wav,mi,
dataset/rikutomike/ro/001.wav,ro,
dataset/rinry/po/015.wav,po,
dataset/rinry/ki/002.wav,ki,
dataset/haruyamike/kya/002.wav,kya,
dataset/rikutomike/bu/007.wav,bu,
dataset/haruyamike/sho/001.wav,sho,
dataset/rinry/ko/014.wav,ko,
dataset/yumike/ga/007.wav,ga,
dataset/rinry/sa/003.wav,sa,
dataset/rinry/ko/008.wav,ko,
dataset/haruyamike/pya/001.wav,pya,
dataset/rikutomike/byu/010.wav,byu,
dataset/yumike/hi/003.wav,hi,
dataset/rinry/go/001.wav,go,
dataset/yumike/be/008.wav,be,
dataset/rinry/ro/020.wav,ro,
dataset/haruyamike/ga/010.wav,ga,
dataset/haruyamike/to/002.wav,to,
dataset/rinry/di/007.wav,di,
dataset/rikutomike/no/009.wav,no,
dataset/rinry/ko/002.wav,ko,
dataset/rikuto/e/006.wav,e,
dataset/rikutomike/ryo/004.wav,ryo,
dataset/yumike/ma/009.wav,ma,
dataset/yumike/ke/007.wav,ke,
dataset/reon/a/008.wav,a,
dataset/yumike/ta/001.wav,ta,
dataset/rinry/ge/008.wav,ge,
dataset/yumike/e/010.wav,e,
dataset/yumike/yo/002.wav,yo,
dataset/yumike/pe/003.wav,pe,
dataset/haruyamike/te/010.wav,te,
dataset/yumike/gyu/001.wav,gyu,
dataset/haruyamike/bu/010.wav,bu,
dataset/rinry/kyu/008.wav,kyu,
dataset/rikuto/u/002.wav,u,
dataset/rikutomike/pu/001.wav,pu,
dataset/haruyamike/to/007.wav,to,
dataset/rikutomike/yo/004.wav,yo,
dataset/rikutomike/te/007.wav,te,
dataset/rinry/se/023.wav,se,
dataset/rinry/ge/030.wav,ge,
dataset/rinry/ni/021.wav,ni,
dataset/rinry/pu/023.wav,pu,
dataset/rinry/be/025.wav,be,
dataset/rinry/ji/029.wav,ji,
dataset/rinry/pa/025.wav,pa,
dataset/rinry/ki/022.wav,ki,
dataset/rinry/te/030.wav,te,
dataset/rinry/wo/021.wav,wo,
dataset/rinry/go/022.wav,go,
dataset/rinry/pi/028.wav,pi,
dataset/rinry/ki/023.wav,ki,
dataset/rinry/hi/023.wav,hi,
dataset/rinry/ryu/023.wav,ryu,
dataset/rinry/myu/021.wav,myu,
dataset/rinry/sa/024.wav,sa,
dataset/rinry/ku/029.wav,ku,
dataset/rinry/hyo/030.wav,hyo,
dataset/rinry/sha/029.wav,sha,
dataset/rinry/de/022.wav,de,
dataset/rinry/he/022.wav,he,
dataset/rinry/ru/030.wav,ru,
dataset/rinry/nya/030.wav,nya,
dataset/rinry/shu/030.wav,shu,
dataset/rinry/bi/027.wav,bi,
dataset/rinry/chi/026.wav,chi,
dataset/rinry/kya/023.wav,kya,
dataset/rinry/yu/027.wav,yu,
dataset/rinry/sa/022.wav,sa,
dataset/rinry/cha/022.wav,cha,
dataset/rinry/byo/021.wav,byo,
dataset/rinry/kyu/029.wav,kyu,
dataset/rinry/he/026.wav,he,
dataset/rinry/do/027.wav,do,
dataset/rinry/nya/026.wav,nya,
dataset/rinry/pu/028.wav,pu,
dataset/rinry/za/021.wav,za,
dataset/rinry/bo/021.wav,bo,
dataset/rinry/bi/024.wav,bi,
dataset/rinry/ni/026.wav,ni,
dataset/rinry/cho/022.wav,cho,
dataset/rinry/nyo/029.wav,nyo,
dataset/rinry/ko/022.wav,ko,
dataset/rinry/he/030.wav,he,
dataset/rinry/u/021.wav,u,
dataset/rinry/ryu/022.wav,ryu,
dataset/rinry/sa/028.wav,sa,
dataset/rinry/me/024.wav,me,
dataset/rinry/yo/026.wav,yo,
dataset/rinry/fu/022.wav,fu,
dataset/rinry/su/026.wav,su,
dataset/rinry/ru/021.wav,ru,
dataset/rinry/wa/024.wav,wa,
dataset/rinry/ji/028.wav,ji,
dataset/rinry/ryo/026.wav,ryo,
dataset/rinry/pyu/029.wav,pyu,
dataset/rinry/nya/027.wav,nya,
dataset/rinry/ju/029.wav,ju,
dataset/rinry/wo/027.wav,wo,
dataset/rinry/bo/028.wav,bo,
dataset/rinry/o/024.wav,o,
dataset/rinry/bya/029.wav,bya,
dataset/rinry/re/027.wav,re,
dataset/rinry/n/021.wav,n,
dataset/rinry/sa/025.wav,sa,
dataset/rinry/sha/022.wav,sha,
dataset/rinry/bo/029.wav,bo,
dataset/rinry/pa/027.wav,pa,
dataset/rinry/shu/027.wav,shu,
dataset/rinry/nyu/022.wav,nyu,
dataset/rinry/ma/030.wav,ma,
dataset/rinry/myo/023.wav,myo,
dataset/rinry/go/024.wav,go,
dataset/rinry/u/023.wav,u,
dataset/rinry/mu/021.wav,mu,
dataset/rinry/yu/021.wav,yu,
dataset/rinry/za/029.wav,za,
dataset/rinry/fu/028.wav,fu,
dataset/rinry/jo/030.wav,jo,
dataset/rinry/mya/022.wav,mya,
dataset/rinry/kyu/023.wav,kyu,
dataset/rinry/he/024.wav,he,
dataset/rinry/gyo/027.wav,gyo,
dataset/rinry/ji/023.wav,ji,
dataset/rinry/o/025.wav,o,
dataset/rinry/ra/022.wav,ra,
dataset/rinry/to/021.wav,to,
dataset/rinry/ro/024.wav,ro,
dataset/rinry/bo/026.wav,bo,
dataset/rinry/ra/025.wav,ra,
dataset/rinry/chu/029.wav,chu,
dataset/rinry/da/030.wav,da,
dataset/rinry/ya/026.wav,ya,
dataset/rinry/byo/024.wav,byo,
dataset/rinry/ru/022.wav,ru,
dataset/rinry/byu/023.wav,byu,
dataset/rinry/zu/023.wav,zu,
dataset/rinry/shu/022.wav,shu,
dataset/rinry/ho/024.wav,ho,
dataset/rinry/pi/027.wav,pi,
dataset/rinry/hi/022.wav,hi,
dataset/rinry/ka/030.wav,ka,
dataset/rinry/ho/028.wav,ho,
dataset/rinry/rya/028.wav,rya,
dataset/rinry/bi/025.wav,bi,
dataset/rinry/zo/021.wav,zo,
dataset/rinry/pyo/025.wav,pyo,
dataset/rinry/byu/025.wav,byu,
dataset/rinry/i/030.wav,i,
dataset/rinry/cha/021.wav,cha,
dataset/rinry/ni/027.wav,ni,
dataset/rinry/za/027.wav,za,
dataset/rinry/bya/026.wav,bya,
dataset/rinry/ja/029.wav,ja,
dataset/rinry/jo/029.wav,jo,
dataset/rinry/bu/026.wav,bu,
dataset/rinry/su/029.wav,su,
dataset/rinry/gyu/026.wav,gyu,
dataset/rinry/fu/025.wav,fu,
dataset/rinry/gu/026.wav,gu,
dataset/rinry/pu/030.wav,pu,
dataset/rinry/ri/026.wav,ri,
dataset/rinry/ne/028.wav,ne,
dataset/rinry/n/025.wav,n,
dataset/rinry/cho/025.wav,cho,
dataset/rinry/so/028.wav,so,
dataset/rinry/ko/026.wav,ko,
dataset/rinry/mu/029.wav,mu,
dataset/rinry/ru/025.wav,ru,
dataset/rinry/no/026.wav,no,
dataset/rinry/pa/029.wav,pa,
dataset/rinry/de/029.wav,de,
dataset/rinry/pyu/021.wav,pyu,
dataset/rinry/shi/029.wav,shi,
dataset/rinry/pu/025.wav,pu,
dataset/rinry/so/026.wav,so,
dataset/rinry/gyu/029.wav,gyu,
dataset/rinry/ka/029.wav,ka,
dataset/rinry/du/029.wav,du,
dataset/rinry/sho/024.wav,sho,
dataset/rinry/na/024.wav,na,
dataset/rinry/nu/022.wav,nu,
dataset/rinry/gu/030.wav,gu,
dataset/rinry/pi/023.wav,pi,
dataset/rinry/mo/026.wav,mo,
dataset/rinry/nyu/029.wav,nyu,
dataset/rinry/mi/030.wav,mi,
dataset/rinry/ryu/025.wav,ryu,
dataset/rinry/de/028.wav,de,
dataset/rinry/n/030.wav,n,
dataset/rinry/ju/026.wav,ju,
dataset/rinry/ma/026.wav,ma,
dataset/rinry/gi/021.wav,gi,
dataset/rinry/u/027.wav,u,
dataset/rinry/a/027.wav,a,
dataset/rinry/mya/027.wav,mya,
dataset/rinry/nyu/030.wav,nyu,
dataset/rinry/ke/024.wav,ke,
dataset/rinry/di/030.wav,di,
dataset/rinry/chi/027.wav,chi,
dataset/rinry/di/023.wav,di,
dataset/rinry/myu/024.wav,myu,
dataset/rinry/rya/027.wav,rya,
dataset/rinry/po/027.wav,po,
dataset/rinry/hyu/030.wav,hyu,
dataset/rinry/kya/027.wav,kya,
dataset/rinry/chi/028.wav,chi,
dataset/rinry/ju/022.wav,ju,
dataset/rinry/hyu/024.wav,hyu,
dataset/rinry/byo/022.wav,byo,
dataset/rinry/gyu/027.wav,gyu,
dataset/rinry/chi/024.wav,chi,
dataset/rinry/re/024.wav,re,
dataset/rinry/ma/027.wav,ma,
dataset/rinry/hi/029.wav,hi,
dataset/rinry/me/030.wav,me,
dataset/rinry/ri/029.wav,ri,
dataset/rinry/pe/029.wav,pe,
dataset/rinry/du/024.wav,du,
dataset/rinry/ja/025.wav,ja,
dataset/rinry/ko/029.wav,ko,
dataset/rinry/me/025.wav,me,
dataset/rinry/ze/027.wav,ze,
dataset/rinry/o/028.wav,o,
dataset/rinry/wo/028.wav,wo,
dataset/rinry/ro/028.wav,ro,
dataset/rinry/ju/025.wav,ju,
dataset/rinry/kyo/029.wav,kyo,
dataset/rinry/me/027.wav,me,
dataset/rinry/jo/026.wav,jo,
dataset/rinry/he/027.wav,he,
dataset/rinry/ja/024.wav,ja,
dataset/rinry/po/028.wav,po,
dataset/rinry/myo/025.wav,myo,
dataset/rinry/cha/026.wav,cha,
dataset/rinry/he/021.wav,he,
dataset/rinry/hyu/025.wav,hyu,
dataset/rinry/ga/024.wav,ga,
dataset/rinry/mi/024.wav,mi,
dataset/rinry/a/025.wav,a,
dataset/rinry/ro/027.wav,ro,
dataset/rinry/cha/030.wav,cha,
dataset/rinry/ta/029.wav,ta,
dataset/rinry/ri/021.wav,ri,
dataset/rinry/ya/024.wav,ya,
dataset/rinry/hyu/027.wav,hyu,
dataset/rinry/te/025.wav,te,
dataset/rinry/yu/023.wav,yu,
dataset/rinry/du/025.wav,du,
dataset/rinry/gyo/022.wav,gyo,
dataset/rinry/no/021.wav,no,
dataset/rinry/gyo/028.wav,gyo,
dataset/rinry/byu/026.wav,byu,
dataset/rinry/mi/027.wav,mi,
dataset/rinry/ma/024.wav,ma,
dataset/rinry/po/022.wav,po,
dataset/rinry/i/029.wav,i,
dataset/rinry/du/026.wav,du,
dataset/rinry/pu/021.wav,pu,
dataset/rinry/gi/030.wav,gi,
dataset/rinry/pyu/028.wav,pyu,
dataset/rinry/mi/022.wav,mi,
dataset/rinry/yo/022.wav,yo,
dataset/rinry/ne/021.wav,ne,
dataset/rinry/wa/029.wav,wa,
dataset/rinry/hyo/022.wav,hyo,
dataset/rinry/kya/030.wav,kya,
dataset/rinry/re/030.wav,re,
dataset/rinry/pyu/023.wav,pyu,
dataset/rinry/e/026.wav,e,
dataset/rinry/se/024.wav,se,
dataset/rinry/gu/023.wav,gu,
dataset/rinry/ju/021.wav,ju,
dataset/rinry/nyo/021.wav,nyo,
dataset/rinry/rya/022.wav,rya,
dataset/rinry/re/025.wav,re,
dataset/rinry/mu/024.wav,mu,
dataset/rinry/hi/030.wav,hi,
dataset/rinry/da/027.wav,da,
dataset/rinry/ra/023.wav,ra,
dataset/rinry/hyu/029.wav,hyu,
dataset/rinry/ryu/030.wav,ryu,
dataset/rinry/ya/030.wav,ya,
dataset/rinry/nyu/027.wav,nyu,
dataset/rinry/ja/027.wav,ja,
dataset/rinry/ra/026.wav,ra,
dataset/rinry/gyo/021.wav,gyo,
dataset/rinry/sha/021.wav,sha,
dataset/rinry/mo/025.wav,mo,
dataset/rinry/gu/027.wav,gu,
dataset/rinry/bu/029.wav,bu,
dataset/rinry/zo/029.wav,zo,
dataset/rinry/pe/026.wav,pe,
dataset/rinry/bya/025.wav,bya,
dataset/rinry/nya/023.wav,nya,
dataset/rinry/ki/026.wav,ki,
dataset/rinry/kyo/022.wav,kyo,
dataset/rinry/shu/026.wav,shu,
dataset/rinry/no/024.wav,no,
dataset/rinry/de/030.wav,de,
dataset/rinry/ta/022.wav,ta,
dataset/rinry/nyo/028.wav,nyo,
dataset/rinry/yo/025.wav,yo,
dataset/rinry/gya/027.wav,gya,
dataset/rinry/ryo/027.wav,ryo,
dataset/rinry/nyo/027.wav,nyo,
dataset/rinry/mu/025.wav,mu,
dataset/rinry/wa/030.wav,wa,
dataset/rinry/chu/027.wav,chu,
dataset/rinry/ha/022.wav,ha,
dataset/rinry/be/021.wav,be,
dataset/rinry/pu/027.wav,pu,
dataset/rinry/sho/022.wav,sho,
dataset/rinry/zo/023.wav,zo,
dataset/rinry/nu/021.wav,nu,
dataset/rinry/to/024.wav,to,
dataset/rinry/ni/029.wav,ni,
dataset/rinry/tsu/027.wav,tsu,
dataset/rinry/ra/024.wav,ra,
dataset/rinry/ha/025.wav,ha,
dataset/rinry/te/028.wav,te,
dataset/rinry/nya/028.wav,nya,
dataset/rinry/ne/030.wav,ne,
dataset/rinry/ma/022.wav,ma,
dataset/rinry/pa/024.wav,pa,
dataset/rinry/shu/029.wav,shu,
dataset/rinry/cho/028.wav,cho,
dataset/rinry/kyu/026.wav,kyu,
dataset/rinry/byu/022.wav,byu,
dataset/rinry/mi/029.wav,mi,
dataset/rinry/bya/021.wav,bya,
dataset/rinry/de/025.wav,de,
dataset/rinry/ju/028.wav,ju,
dataset/rinry/ba/028.wav,ba,
dataset/rinry/de/021.wav,de,
dataset/rinry/yu/030.wav,yu,
dataset/rinry/di/021.wav,di,
dataset/rinry/pe/030.wav,pe,
dataset/rinry/pya/024.wav,pya,
dataset/rinry/wo/024.wav,wo,
dataset/rinry/te/024.wav,te,
dataset/rinry/ru/026.wav,ru,
dataset/rinry/mya/030.wav,mya,
dataset/rinry/te/027.wav,te,
dataset/rinry/byu/029.wav,byu,
dataset/rinry/ho/029.wav,ho,
dataset/rinry/e/030.wav,e,
dataset/rinry/na/030.wav,na,
dataset/rinry/ma/023.wav,ma,
dataset/rinry/kya/028.wav,kya,
dataset/rinry/chi/025.wav,chi,
dataset/rinry/nu/028.wav,nu,
dataset/rinry/myu/026.wav,myu,
dataset/rinry/rya/030.wav,rya,
dataset/rinry/nyo/023.wav,nyo,
dataset/rinry/ri/028.wav,ri,
dataset/rinry/pu/026.wav,pu,
dataset/rinry/te/023.wav,te,
dataset/rinry/i/026.wav,i,
dataset/rinry/zo/022.wav,zo,
dataset/rinry/ku/021.wav,ku,
dataset/rinry/shi/028.wav,shi,
dataset/rinry/myu/025.wav,myu,
dataset/rinry/ge/021.wav,ge,
dataset/rinry/di/026.wav,di,
dataset/rinry/po/024.wav,po,
dataset/rinry/mya/029.wav,mya,
dataset/rinry/ryu/027.wav,ryu,
dataset/rinry/hya/028.wav,hya,
dataset/rinry/hyo/027.wav,hyo,
dataset/rinry/tsu/022.wav,tsu,
dataset/rinry/gyo/029.wav,gyo,
dataset/rinry/pyo/030.wav,pyo,
dataset/rinry/go/028.wav,go,
dataset/rinry/nu/024.wav,nu,
dataset/rinry/wa/025.wav,wa,
dataset/rinry/jo/022.wav,jo,
dataset/rinry/ge/027.wav,ge,
dataset/rinry/myu/022.wav,myu,
dataset/rinry/ka/022.wav,ka,
dataset/rinry/shi/026.wav,shi,
dataset/rinry/gya/024.wav,gya,
dataset/rinry/ku/024.wav,ku,
dataset/rinry/gyu/023.wav,gyu,
dataset/rinry/ku/022.wav,ku,
dataset/rinry/sho/026.wav,sho,
dataset/rinry/cha/028.wav,cha,
dataset/rinry/bya/022.wav,bya,
dataset/rinry/du/021.wav,du,
dataset/rinry/gyu/022.wav,gyu,
dataset/rinry/zo/025.wav,zo,
dataset/rinry/ryo/029.wav,ryo,
dataset/rinry/ni/028.wav,ni,
dataset/rinry/jo/023.wav,jo,
dataset/rinry/myo/021.wav,myo,
dataset/rinry/yo/023.wav,yo,
dataset/rinry/ho/026.wav,ho,
dataset/rinry/sha/024.wav,sha,
dataset/rinry/ke/022.wav,ke,
dataset/rinry/ra/027.wav,ra,
dataset/rinry/bi/026.wav,bi,
dataset/rinry/sho/029.wav,sho,
dataset/rinry/mo/029.wav,mo,
dataset/rinry/ryo/022.wav,ryo,
dataset/rinry/po/023.wav,po,
dataset/rinry/chi/029.wav,chi,
dataset/rinry/ge/026.wav,ge,
dataset/rinry/nyu/025.wav,nyu,
dataset/rinry/be/022.wav,be,
dataset/rinry/bo/022.wav,bo,
dataset/rinry/bu/028.wav,bu,
dataset/rinry/ya/023.wav,ya,
dataset/rinry/tsu/024.wav,tsu,
dataset/rinry/ma/029.wav,ma,
dataset/rinry/yu/029.wav,yu,
dataset/rinry/ga/023.wav,ga,
dataset/rinry/zo/030.wav,zo,
dataset/rinry/ta/027.wav,ta,
dataset/rinry/se/026.wav,se,
dataset/rinry/ze/023.wav,ze,
dataset/rinry/da/023.wav,da,
dataset/rinry/di/029.wav,di,
dataset/rinry/u/030.wav,u,
dataset/rinry/gi/025.wav,gi,
dataset/rinry/a/026.wav,a,
dataset/rinry/hyo/026.wav,hyo,
dataset/rinry/ju/030.wav,ju,
dataset/rinry/i/025.wav,i,
dataset/rinry/ha/026.wav,ha,
dataset/rinry/pya/022.wav,pya,
dataset/rinry/ka/026.wav,ka,
dataset/rinry/hyu/026.wav,hyu,
dataset/rinry/bu/030.wav,bu,
dataset/rinry/ba/025.wav,ba,
dataset/rinry/ba/030.wav,ba,
dataset/rinry/nyu/028.wav,nyu,
dataset/rinry/do/029.wav,do,
dataset/rinry/mya/023.wav,mya,
dataset/rinry/he/028.wav,he,
dataset/rinry/hya/021.wav,hya,
dataset/rinry/e/025.wav,e,
dataset/rinry/to/023.wav,to,
dataset/rinry/byu/028.wav,byu,
dataset/rinry/o/021.wav,o,
dataset/rinry/gi/023.wav,gi,
dataset/rinry/ryo/030.wav,ryo,
dataset/rinry/cho/030.wav,cho,
dataset/rinry/ka/025.wav,ka,
dataset/rinry/mu/026.wav,mu,
dataset/rinry/ze/022.wav,ze,
dataset/rinry/mi/028.wav,mi,
dataset/rinry/byo/030.wav,byo,
dataset/rinry/hya/025.wav,hya,
dataset/rinry/n/022.wav,n,
dataset/rinry/pyo/022.wav,pyo,
dataset/rinry/ja/026.wav,ja,
dataset/rinry/ki/028.wav,ki,
dataset/rinry/sho/030.wav,sho,
dataset/rinry/be/023.wav,be,
dataset/rinry/sha/030.wav,sha,
dataset/rinry/du/028.wav,du,
dataset/rinry/gyu/024.wav,gyu,
dataset/rinry/rya/021.wav,rya,
dataset/rinry/hyo/025.wav,hyo,
dataset/rinry/shi/030.wav,shi,
dataset/rinry/na/023.wav,na,
dataset/rinry/ha/027.wav,ha,
dataset/rinry/ko/023.wav,ko,
dataset/rinry/ta/023.wav,ta,
dataset/rinry/a/022.wav,a,
dataset/rinry/cho/023.wav,cho,
dataset/rinry/gyo/023.wav,gyo,
dataset/rinry/shu/025.wav,shu,
dataset/rinry/bu/022.wav,bu,
dataset/rinry/na/027.wav,na,
dataset/rinry/myo/027.wav,myo,
dataset/rinry/di/022.wav,di,
dataset/rinry/ge/025.wav,ge,
dataset/rinry/chu/030.wav,chu,
dataset/rinry/ge/029.wav,ge,
dataset/rinry/ro/023.wav,ro,
dataset/rinry/ji/022.wav,ji,
dataset/rinry/kyu/025.wav,kyu,
dataset/rinry/a/030.wav,a,
dataset/rinry/nu/027.wav,nu,
dataset/rinry/ku/028.wav,ku,
dataset/rinry/hya/029.wav,hya,
dataset/rinry/na/022.wav,na,
dataset/rinry/ru/028.wav,ru,
dataset/rinry/u/024.wav,u,
dataset/rinry/na/028.wav,na,
dataset/rinry/wo/029.wav,wo,
dataset/rinry/du/022.wav,du,
dataset/rinry/po/029.wav,po,
dataset/rinry/u/025.wav,u,
dataset/rinry/chu/024.wav,chu,
dataset/rinry/da/022.wav,da,
dataset/rinry/u/022.wav,u,
dataset/rinry/shi/025.wav,shi,
dataset/rinry/pya/023.wav,pya,
dataset/rinry/da/024.wav,da,
dataset/rinry/so/030.wav,so,
dataset/rinry/yo/021.wav,yo,
dataset/rinry/cha/027.wav,cha,
dataset/rinry/wa/022.wav,wa,
dataset/rinry/hyu/028.wav,hyu,
dataset/rinry/i/027.wav,i,
dataset/rinry/byo/028.wav,byo,
dataset/rinry/kyu/021.wav,kyu,
dataset/rinry/ja/023.wav,ja,
dataset/rinry/nyo/024.wav,nyo,
dataset/rinry/pe/021.wav,pe,
dataset/rinry/pe/027.wav,pe,
dataset/rinry/kyo/030.wav,kyo,
dataset/rinry/i/023.wav,i,
dataset/rinry/ryo/024.wav,ryo,
dataset/rinry/yo/027.wav,yo,
dataset/rinry/ba/023.wav,ba,
dataset/rinry/wa/021.wav,wa,
dataset/rinry/ta/021.wav,ta,
dataset/rinry/gya/022.wav,gya,
dataset/rinry/pya/029.wav,pya,
dataset/rinry/pyu/026.wav,pyu,
dataset/rinry/pya/027.wav,pya,
dataset/rinry/chu/025.wav,chu,
dataset/rinry/po/021.wav,po,
dataset/rinry/myo/024.wav,myo,
dataset/rinry/go/021.wav,go,
dataset/rinry/mu/027.wav,mu,
dataset/rinry/pe/022.wav,pe,
dataset/rinry/o/029.wav,o,
dataset/rinry/jo/021.wav,jo,
dataset/rinry/ke/029.wav,ke,
dataset/rinry/e/023.wav,e,
dataset/rinry/mo/024.wav,mo,
dataset/rinry/byo/027.wav,byo,
dataset/rinry/ni/022.wav,ni,
dataset/rinry/ji/024.wav,ji,
dataset/rinry/myu/029.wav,myu,
dataset/rinry/za/023.wav,za,
dataset/rinry/yo/028.wav,yo,
dataset/rinry/re/028.wav,re,
dataset/rinry/go/026.wav,go,
dataset/rinry/ho/027.wav,ho,
dataset/rinry/do/022.wav,do,
dataset/rinry/ze/024.wav,ze,
dataset/rinry/ri/023.wav,ri,
dataset/rinry/pyo/023.wav,pyo,
dataset/rinry/zu/030.wav,zu,
dataset/rinry/pya/030.wav,pya,
dataset/rinry/gya/029.wav,gya,
dataset/rinry/ryu/028.wav,ryu,
dataset/rinry/be/029.wav,be,
dataset/rinry/be/024.wav,be,
dataset/rinry/no/030.wav,no,
dataset/rinry/ga/026.wav,ga,
dataset/rinry/ke/023.wav,ke,
dataset/rinry/pi/025.wav,pi,
dataset/rinry/nu/026.wav,nu,
dataset/rinry/ko/025.wav,ko,
dataset/rinry/ro/021.wav,ro,
dataset/rinry/bo/024.wav,bo,
dataset/rinry/ya/028.wav,ya,
dataset/rinry/zu/021.wav,zu,
dataset/rinry/hi/028.wav,hi,
dataset/rinry/se/027.wav,se,
dataset/rinry/kyo/028.wav,kyo,
dataset/rinry/mo/028.wav,mo,
dataset/rinry/ro/030.wav,ro,
dataset/rinry/pi/022.wav,pi,
dataset/rinry/me/029.wav,me,
dataset/rinry/ge/022.wav,ge,
dataset/rinry/mo/021.wav,mo,
dataset/rinry/cho/026.wav,cho,
dataset/rinry/bya/028.wav,bya,
dataset/rinry/pe/023.wav,pe,
dataset/rinry/gi/022.wav,gi,
dataset/rinry/byu/021.wav,byu,
dataset/rinry/ka/027.wav,ka,
dataset/rinry/gya/025.wav,gya,
dataset/rinry/go/030.wav,go,
dataset/rinry/pyo/021.wav,pyo,
dataset/rinry/gya/023.wav,gya,
dataset/rinry/bi/029.wav,bi,
dataset/rinry/ryu/026.wav,ryu,
dataset/rinry/ta/028.wav,ta,
dataset/rinry/ri/024.wav,ri,
dataset/rinry/me/021.wav,me,
dataset/rinry/ni/024.wav,ni,
dataset/rinry/pi/024.wav,pi,
dataset/rinry/se/025.wav,se,
dataset/rinry/myu/023.wav,myu,
dataset/rinry/chi/030.wav,chi,
dataset/rinry/ro/022.wav,ro,
dataset/rinry/i/022.wav,i,
dataset/rinry/do/024.wav,do,
dataset/rinry/ku/026.wav,ku,
dataset/rinry/nya/024.wav,nya,
dataset/rinry/ha/028.wav,ha,
dataset/rinry/wo/022.wav,wo,
dataset/rinry/ku/027.wav,ku,
dataset/rinry/nu/029.wav,nu,
dataset/rinry/mya/026.wav,mya,
dataset/rinry/za/022.wav,za,
dataset/rinry/gyo/024.wav,gyo,
dataset/rinry/su/024.wav,su,
dataset/rinry/sha/028.wav,sha,
dataset/rinry/ne/025.wav,ne,
dataset/rinry/ne/022.wav,ne,
dataset/rinry/ki/029.wav,ki,
dataset/rinry/tsu/029.wav,tsu,
dataset/rinry/pa/030.wav,pa,
dataset/rinry/bo/025.wav,bo,
dataset/rinry/byo/023.wav,byo,
dataset/rinry/myo/026.wav,myo,
dataset/rinry/di/027.wav,di,
dataset/rinry/e/029.wav,e,
dataset/rinry/fu/029.wav,fu,
dataset/rinry/tsu/025.wav,tsu,
dataset/rinry/mo/027.wav,mo,
dataset/rinry/o/030.wav,o,
dataset/rinry/hi/026.wav,hi,
dataset/rinry/ga/022.wav,ga,
dataset/rinry/ho/025.wav,ho,
dataset/rinry/n/026.wav,n,
dataset/rinry/mu/028.wav,mu,
dataset/rinry/ko/024.wav,ko,
dataset/rinry/me/026.wav,me,
dataset/rinry/to/022.wav,to,
dataset/rinry/fu/026.wav,fu,
dataset/rinry/su/028.wav,su,
dataset/rinry/so/021.wav,so,
dataset/rinry/ba/022.wav,ba,
dataset/rinry/cha/023.wav,cha,
dataset/rinry/ka/024.wav,ka,
dataset/rinry/ke/027.wav,ke,
dataset/rinry/ya/025.wav,ya,
dataset/rinry/so/024.wav,so,
dataset/rinry/e/024.wav,e,
dataset/rinry/kyo/027.wav,kyo,
dataset/rinry/bya/030.wav,bya,
dataset/rinry/sho/025.wav,sho,
dataset/rinry/yu/028.wav,yu,
dataset/rinry/su/027.wav,su,
dataset/rinry/ta/024.wav,ta,
dataset/rinry/hi/025.wav,hi,
dataset/rinry/hya/023.wav,hya,
dataset/rinry/gi/029.wav,gi,
dataset/rinry/ze/029.wav,ze,
dataset/rinry/ra/028.wav,ra,
dataset/rinry/re/029.wav,re,
dataset/rinry/shi/021.wav,shi,
dataset/rinry/ha/023.wav,ha,
dataset/rinry/ja/021.wav,ja,
dataset/rinry/su/030.wav,su,
dataset/rinry/ne/024.wav,ne,
dataset/rinry/da/026.wav,da,
dataset/rinry/zu/025.wav,zu,
dataset/rinry/ya/022.wav,ya,
dataset/rinry/gi/027.wav,gi,
dataset/rinry/no/029.wav,no,
dataset/rinry/hyo/024.wav,hyo,
dataset/rinry/pi/026.wav,pi,
dataset/rinry/ke/028.wav,ke,
dataset/rinry/su/021.wav,su,
dataset/rinry/be/028.wav,be,
dataset/rinry/pya/028.wav,pya,
dataset/rinry/nyu/023.wav,nyu,
dataset/rinry/rya/029.wav,rya,
dataset/rinry/gya/026.wav,gya,
dataset/rinry/n/024.wav,n,
dataset/rinry/se/030.wav,se,
dataset/rinry/ha/029.wav,ha,
dataset/rinry/bu/023.wav,bu,
dataset/rinry/de/023.wav,de,
dataset/rinry/to/030.wav,to,
dataset/rinry/pyo/029.wav,pyo,
dataset/rinry/ze/030.wav,ze,
dataset/rinry/ga/030.wav,ga,
dataset/rinry/ga/027.wav,ga,
dataset/rinry/sa/021.wav,sa,
dataset/rinry/bi/022.wav,bi,
dataset/rinry/no/022.wav,no,
dataset/rinry/te/029.wav,te,
dataset/rinry/re/021.wav,re,
dataset/rinry/so/025.wav,so,
dataset/rinry/ki/025.wav,ki,
dataset/rinry/wa/026.wav,wa,
dataset/rinry/na/021.wav,na,
dataset/rinry/chu/026.wav,chu,
dataset/rinry/bu/025.wav,bu,
dataset/rinry/sho/028.wav,sho,
dataset/rinry/e/021.wav,e,
dataset/rinry/zu/029.wav,zu,
dataset/rinry/ze/028.wav,ze,
dataset/rinry/cho/027.wav,cho,
dataset/rinry/myo/022.wav,myo,
dataset/rinry/a/029.wav,a,
dataset/rinry/go/027.wav,go,
dataset/rinry/ke/021.wav,ke,
dataset/rinry/jo/027.wav,jo,
dataset/rinry/hya/030.wav,hya,
dataset/rinry/mi/026.wav,mi,
dataset/rinry/sa/030.wav,sa,
dataset/rinry/za/028.wav,za,
dataset/rinry/ki/024.wav,ki,
dataset/rinry/pyu/025.wav,pyu,
dataset/rinry/ru/024.wav,ru,
dataset/rinry/sha/025.wav,sha,
dataset/rinry/fu/021.wav,fu,
dataset/rinry/o/022.wav,o,
dataset/rinry/mya/025.wav,mya,
dataset/rinry/kyu/027.wav,kyu,
dataset/rinry/hyo/023.wav,hyo,
dataset/rinry/kya/026.wav,kya,
dataset/rinry/se/022.wav,se,
dataset/rinry/da/028.wav,da,
dataset/rinry/zu/027.wav,zu,
dataset/rinry/no/023.wav,no,
dataset/rinry/za/030.wav,za,
dataset/rinry/kyu/028.wav,kyu,
dataset/rinry/so/022.wav,so,
dataset/rinry/kya/022.wav,kya,
dataset/rinry/kyo/023.wav,kyo,
dataset/rinry/shi/027.wav,shi,
dataset/rinry/to/028.wav,to,
dataset/rinry/gu/022.wav,gu,
dataset/rinry/ba/021.wav,ba,
dataset/rinry/gu/025.wav,gu,
dataset/rinry/tsu/026.wav,tsu,
dataset/rinry/ji/027.wav,ji,
dataset/rinry/ba/026.wav,ba,
dataset/rinry/yu/025.wav,yu,
dataset/rinry/wo/025.wav,wo,
dataset/rinry/ji/025.wav,ji,
dataset/rinry/pyu/027.wav,pyu,
dataset/rinry/fu/024.wav,fu,
dataset/rinry/rya/024.wav,rya,
dataset/rinry/kya/029.wav,kya,
dataset/rinry/tsu/023.wav,tsu,
dataset/rinry/chu/022.wav,chu,
dataset/rinry/a/024.wav,a,
dataset/rinry/ryo/028.wav,ryo,
dataset/rinry/ga/028.wav,ga,
dataset/rinry/do/021.wav,do,
dataset/rinry/ri/030.wav,ri,
dataset/rinry/hya/024.wav,hya,
dataset/rinry/zu/024.wav,zu,
dataset/rinry/ne/026.wav,ne,
dataset/rinry/kyo/025.wav,kyo,
dataset/rinry/to/025.wav,to,
dataset/rinry/ko/030.wav,ko,
dataset/rinry/gu/028.wav,gu,
dataset/rinry/nya/022.wav,nya,
dataset/rinry/bi/028.wav,bi,
dataset/rinry/n/028.wav,n,
dataset/rinry/zo/026.wav,zo,
dataset/rinry/gyu/028.wav,gyu,
dataset/rinry/nyo/026.wav,nyo,
dataset/rinry/sa/027.wav,sa,
dataset/rinry/pyo/027.wav,pyo,
dataset/rinry/shu/023.wav,shu,
dataset/rinry/do/023.wav,do,
