filepath,label,speaker
dataset/collected/pc_0c3b2b1f/1791099460_720115.wav,a,pc_0c3b2b1f
dataset/collected/pc_0c3b2b1f/1791099481_950204.wav,other,environment:1791099481_950204
dataset/collected/pc_0c3b2b1f/1791099488_050416.wav,other,environment:1791099488_050416
dataset/collected/pc_0c3b2b1f/1791099499_897918.wav,other,environment:1791099499_897918
dataset/collected/pc_0c3b2b1f/1791099513_091321.wav,other,environment:1791099513_091321
dataset/collected/pc_0c3b2b1f/1791099521_309075.wav,other,environment:1791099521_309075
dataset/collected/pc_0c3b2b1f/1791099535_907767.wav,ya,pc_0c3b2b1f
dataset/collected/pc_0c3b2b1f/1791099563_918721.wav,other,environment:1791099563_918721
dataset/collected/pc_0c3b2b1f/1791099574_242353.wav,other,environment:1791099574_242353
dataset/collected/pc_0c3b2b1f/1791099638_06716.wav,other,environment:1791099638_06716
dataset/collected/pc_0c3b2b1f/1791099701_143477.wav,other,environment:1791099701_143477
dataset/collected/pc_0c3b2b1f/1791099705_987157.wav,other,environment:1791099705_987157
dataset/collected/pc_0c3b2b1f/1791099709_445164.wav,other,environment:1791099709_445164
dataset/collected/pc_0c3b2b1f/1791099712_878231.wav,other,environment:1791099712_878231
dataset/collected/pc_0c3b2b1f/1791099729_578858.wav,other,environment:1791099729_578858
dataset/collected/pc_0c3b2b1f/1791099733_770222.wav,other,environment:1791099733_770222
dataset/collected/pc_0c3b2b1f/1791099743_816624.wav,other,environment:1791099743_816624
dataset/collected/pc_0c3b2b1f/1791099808_550802.wav,other,environment:1791099808_550802
dataset/collected/pc_0c3b2b1f/1791099901_810911.wav,other,environment:1791099901_810911
dataset/collected/pc_0c3b2b1f/1791099911_643674.wav,other,environment:1791099911_643674
dataset/collected/pc_0c3b2b1f/1791099965_523289.wav,other,environment:1791099965_523289
dataset/collected/pc_0c3b2b1f/1791099983_275106.wav,other,environment:1791099983_275106
dataset/collected/pc_0c3b2b1f/1791100016_583178.wav,other,environment:1791100016_583178
dataset/collected/pc_0c3b2b1f/1791100042_558035.wav,other,environment:1791100042_558035
dataset/collected/pc_0c3b2b1f/1791100070_953814.wav,ha,pc_0c3b2b1f
dataset/collected/pc_0c3b2b1f/1791100080_230978.wav,other,environment:1791100080_230978
dataset/collected/pc_0c3b2b1f/1791100091_973635.wav,pa,pc_0c3b2b1f
dataset/collected/pc_0c3b2b1f/1791100138_141078.wav,other,environment:1791100138_141078
dataset/collected/pc_0c3b2b1f/1791100142_814477.wav,other,environment:1791100142_814477
dataset/collected/pc_0c3b2b1f/1791100155_643857.wav,other,environment:1791100155_643857
dataset/collected/pc_0c3b2b1f/1791100174_354772.wav,other,environment:1791100174_354772
dataset/collected/pc_0c3b2b1f/1791100178_03187.wav,other,environment:1791100178_03187
dataset/collected/pc_0c3b2b1f/1791100210_137435.wav,other,environment:1791100210_137435
dataset/collected/pc_0c3b2b1f/1791100217_936613.wav,other,environment:1791100217_936613
dataset/collected/pc_0c3b2b1f/1791100226_555475.wav,other,environment:1791100226_555475
dataset/collected/pc_0c3b2b1f/1791100237_578691.wav,other,environment:1791100237_578691
dataset/collected/pc_0c3b2b1f/1791100253_1979.wav,other,environment:1791100253_1979
dataset/collected/pc_0c3b2b1f/1791100258_141332.wav,other,environment:1791100258_141332
dataset/collected/pc_0c3b2b1f/1791100261_779535.wav,other,environment:1791100261_779535
dataset/collected/pc_0c3b2b1f/1791100269_568772.wav,u,pc_0c3b2b1f
dataset/collected/pc_0c3b2b1f/1791100299_088831.wav,other,environment:1791100299_088831
dataset/collected/pc_0c3b2b1f/1791100305_833144.wav,other,environment:1791100305_833144
dataset/collected/pc_0c3b2b1f/1791100309_637848.wav,other,environment:1791100309_637848
dataset/collected/pc_0c3b2b1f/1791100336_67647.wav,other,environment:1791100336_67647
dataset/collected/pc_0c3b2b1f/1791100365_286607.wav,other,environment:1791100365_286607
dataset/collected/pc_0c3b2b1f/1791100406_775083.wav,other,environment:1791100406_775083
dataset/collected/pc_0c3b2b1f/1791100411_827262.wav,other,environment:1791100411_827262
dataset/collected/pc_0c3b2b1f/1791100423_433305.wav,other,environment:1791100423_433305
dataset/collected/pc_0c3b2b1f/1791100435_987309.wav,other,environment:1791100435_987309
dataset/haruyamike/a/001.wav,a,haruyamike
dataset/haruyamike/a/002.wav,a,haruyamike
dataset/haruyamike/a/003.wav,a,haruyamike
dataset/haruyamike/a/004.wav,a,haruyamike
dataset/haruyamike/a/005.wav,a,haruyamike
dataset/haruyamike/a/006.wav,a,haruyamike
dataset/haruyamike/a/007.wav,a,haruyamike
dataset/haruyamike/a/008.wav,a,haruyamike
dataset/haruyamike/a/009.wav,a,haruyamike
dataset/haruyamike/a/010.wav,a,haruyamike
dataset/haruyamike/ba/001.wav,ba,haruyamike
dataset/haruyamike/ba/002.wav,ba,haruyamike
dataset/haruyamike/ba/003.wav,ba,haruyamike
dataset/haruyamike/ba/004.wav,ba,haruyamike
dataset/haruyamike/ba/005.wav,ba,haruyamike
dataset/haruyamike/ba/006.wav,ba,haruyamike
dataset/haruyamike/ba/007.wav,ba,haruyamike
dataset/haruyamike/ba/009.wav,ba,haruyamike
dataset/haruyamike/ba/010.wav,ba,haruyamike
dataset/haruyamike/be/001.wav,be,haruyamike
dataset/haruyamike/be/002.wav,be,haruyamike
dataset/haruyamike/be/003.wav,be,haruyamike
dataset/haruyamike/be/005.wav,be,haruyamike
dataset/haruyamike/be/006.wav,be,haruyamike
dataset/haruyamike/be/007.wav,be,haruyamike
dataset/haruyamike/be/008.wav,be,haruyamike
dataset/haruyamike/bi/001.wav,bi,haruyamike
dataset/haruyamike/bi/002.wav,bi,haruyamike
dataset/haruyamike/bi/003.wav,bi,haruyamike
dataset/haruyamike/bi/004.wav,bi,haruyamike
dataset/haruyamike/bi/005.wav,bi,haruyamike
dataset/haruyamike/bi/006.wav,bi,haruyamike
dataset/haruyamike/bi/007.wav,bi,haruyamike
dataset/haruyamike/bi/008.wav,bi,haruyamike
dataset/haruyamike/bi/009.wav,bi,haruyamike
dataset/haruyamike/bi/010.wav,bi,haruyamike
dataset/haruyamike/bo/001.wav,bo,haruyamike
dataset/haruyamike/bo/002.wav,bo,haruyamike
dataset/haruyamike/bo/003.wav,bo,haruyamike
dataset/haruyamike/bo/005.wav,bo,haruyamike
dataset/haruyamike/bo/006.wav,bo,haruyamike
dataset/haruyamike/bo/007.wav,bo,haruyamike
dataset/haruyamike/bo/008.wav,bo,haruyamike
dataset/haruyamike/bo/009.wav,bo,haruyamike
dataset/haruyamike/bo/010.wav,bo,haruyamike
dataset/haruyamike/bu/001.wav,bu,haruyamike
dataset/haruyamike/bu/002.wav,bu,haruyamike
dataset/haruyamike/bu/004.wav,bu,haruyamike
dataset/haruyamike/bu/005.wav,bu,haruyamike
dataset/haruyamike/bu/006.wav,bu,haruyamike
dataset/haruyamike/bu/008.wav,bu,haruyamike
dataset/haruyamike/bu/009.wav,bu,haruyamike
dataset/haruyamike/bu/010.wav,bu,haruyamike
dataset/haruyamike/bya/001.wav,bya,haruyamike
dataset/haruyamike/bya/002.wav,bya,haruyamike
dataset/haruyamike/bya/003.wav,bya,haruyamike
dataset/haruyamike/bya/004.wav,bya,haruyamike
dataset/haruyamike/bya/005.wav,bya,haruyamike
dataset/haruyamike/bya/006.wav,bya,haruyamike
dataset/haruyamike/bya/007.wav,bya,haruyamike
dataset/haruyamike/bya/008.wav,bya,haruyamike
dataset/haruyamike/bya/009.wav,bya,haruyamike
dataset/haruyamike/bya/010.wav,bya,haruyamike
dataset/haruyamike/byo/001.wav,byo,haruyamike
dataset/haruyamike/byo/002.wav,byo,haruyamike
dataset/haruyamike/byo/003.wav,byo,haruyamike
dataset/haruyamike/byo/004.wav,byo,haruyamike
dataset/haruyamike/byo/005.wav,byo,haruyamike
dataset/haruyamike/byo/006.wav,byo,haruyamike
dataset/haruyamike/byo/007.wav,byo,haruyamike
dataset/haruyamike/byo/008.wav,byo,haruyamike
dataset/haruyamike/byo/009.wav,byo,haruyamike
dataset/haruyamike/byo/010.wav,byo,haruyamike
dataset/haruyamike/byu/001.wav,byu,haruyamike
dataset/haruyamike/byu/002.wav,byu,haruyamike
dataset/haruyamike/byu/003.wav,byu,haruyamike
dataset/haruyamike/byu/004.wav,byu,haruyamike
dataset/haruyamike/byu/005.wav,byu,haruyamike
dataset/haruyamike/byu/006.wav,byu,haruyamike
dataset/haruyamike/byu/007.wav,byu,haruyamike
dataset/haruyamike/byu/008.wav,byu,haruyamike
dataset/haruyamike/byu/009.wav,byu,haruyamike
dataset/haruyamike/byu/010.wav,byu,haruyamike
dataset/haruyamike/cha/001.wav,cha,haruyamike
dataset/haruyamike/cha/002.wav,cha,haruyamike
dataset/haruyamike/cha/003.wav,cha,haruyamike
dataset/haruyamike/cha/004.wav,cha,haruyamike
dataset/haruyamike/cha/005.wav,cha,haruyamike
dataset/haruyamike/cha/006.wav,cha,haruyamike
dataset/haruyamike/cha/007.wav,cha,haruyamike
dataset/haruyamike/cha/008.wav,cha,haruyamike
dataset/haruyamike/cha/009.wav,cha,haruyamike
dataset/haruyamike/cha/010.wav,cha,haruyamike
dataset/haruyamike/chi/001.wav,chi,haruyamike
dataset/haruyamike/chi/002.wav,chi,haruyamike
dataset/haruyamike/chi/003.wav,chi,haruyamike
dataset/haruyamike/chi/004.wav,chi,haruyamike
dataset/haruyamike/chi/005.wav,chi,haruyamike
dataset/haruyamike/chi/006.wav,chi,haruyamike
dataset/haruyamike/chi/007.wav,chi,haruyamike
dataset/haruyamike/chi/008.wav,chi,haruyamike
dataset/haruyamike/chi/009.wav,chi,haruyamike
dataset/haruyamike/chi/010.wav,chi,haruyamike
dataset/haruyamike/cho/001.wav,cho,haruyamike
dataset/haruyamike/cho/002.wav,cho,haruyamike
dataset/haruyamike/cho/003.wav,cho,haruyamike
dataset/haruyamike/cho/004.wav,cho,haruyamike
dataset/haruyamike/cho/005.wav,cho,haruyamike
dataset/haruyamike/cho/006.wav,cho,haruyamike
dataset/haruyamike/cho/007.wav,cho,haruyamike
dataset/haruyamike/cho/008.wav,cho,haruyamike
dataset/haruyamike/cho/009.wav,cho,haruyamike
dataset/haruyamike/cho/010.wav,cho,haruyamike
dataset/haruyamike/chu/001.wav,chu,haruyamike
dataset/haruyamike/chu/002.wav,chu,haruyamike
dataset/haruyamike/chu/003.wav,chu,haruyamike
dataset/haruyamike/chu/004.wav,chu,haruyamike
dataset/haruyamike/chu/005.wav,chu,haruyamike
dataset/haruyamike/chu/006.wav,chu,haruyamike
dataset/haruyamike/chu/007.wav,chu,haruyamike
dataset/haruyamike/chu/008.wav,chu,haruyamike
dataset/haruyamike/chu/010.wav,chu,haruyamike
dataset/haruyamike/da/001.wav,da,haruyamike
dataset/haruyamike/da/002.wav,da,haruyamike
dataset/haruyamike/da/003.wav,da,haruyamike
dataset/haruyamike/da/004.wav,da,haruyamike
dataset/haruyamike/da/005.wav,da,haruyamike
dataset/haruyamike/da/006.wav,da,haruyamike
dataset/haruyamike/da/007.wav,da,haruyamike
dataset/haruyamike/da/008.wav,da,haruyamike
dataset/haruyamike/da/009.wav,da,haruyamike
dataset/haruyamike/da/010.wav,da,haruyamike
dataset/haruyamike/de/001.wav,de,haruyamike
dataset/haruyamike/de/002.wav,de,haruyamike
dataset/haruyamike/de/004.wav,de,haruyamike
dataset/haruyamike/de/005.wav,de,haruyamike
dataset/haruyamike/de/006.wav,de,haruyamike
dataset/haruyamike/de/007.wav,de,haruyamike
dataset/haruyamike/de/008.wav,de,haruyamike
dataset/haruyamike/de/010.wav,de,haruyamike
dataset/haruyamike/di/001.wav,di,haruyamike
dataset/haruyamike/di/002.wav,di,haruyamike
dataset/haruyamike/di/004.wav,di,haruyamike
dataset/haruyamike/di/005.wav,di,haruyamike
dataset/haruyamike/di/006.wav,di,haruyamike
dataset/haruyamike/di/007.wav,di,haruyamike
dataset/haruyamike/di/008.wav,di,haruyamike
dataset/haruyamike/di/009.wav,di,haruyamike
dataset/haruyamike/di/010.wav,di,haruyamike
dataset/haruyamike/do/003.wav,do,haruyamike
dataset/haruyamike/do/004.wav,do,haruyamike
dataset/haruyamike/do/005.wav,do,haruyamike
dataset/haruyamike/do/006.wav,do,haruyamike
dataset/haruyamike/do/007.wav,do,haruyamike
dataset/haruyamike/do/008.wav,do,haruyamike
dataset/haruyamike/do/009.wav,do,haruyamike
dataset/haruyamike/do/010.wav,do,haruyamike
dataset/haruyamike/du/001.wav,du,haruyamike
dataset/haruyamike/du/002.wav,du,haruyamike
dataset/haruyamike/du/003.wav,du,haruyamike
dataset/haruyamike/du/004.wav,du,haruyamike
dataset/haruyamike/du/006.wav,du,haruyamike
dataset/haruyamike/du/007.wav,du,haruyamike
dataset/haruyamike/du/008.wav,du,haruyamike
dataset/haruyamike/du/009.wav,du,haruyamike
dataset/haruyamike/du/010.wav,du,haruyamike
dataset/haruyamike/e/001.wav,e,haruyamike
dataset/haruyamike/e/002.wav,e,haruyamike
dataset/haruyamike/e/003.wav,e,haruyamike
dataset/haruyamike/e/004.wav,e,haruyamike
dataset/haruyamike/e/005.wav,e,haruyamike
dataset/haruyamike/e/006.wav,e,haruyamike
dataset/haruyamike/e/007.wav,e,haruyamike
dataset/haruyamike/e/008.wav,e,haruyamike
dataset/haruyamike/e/009.wav,e,haruyamike
dataset/haruyamike/e/010.wav,e,haruyamike
dataset/haruyamike/fu/001.wav,fu,haruyamike
dataset/haruyamike/fu/002.wav,fu,haruyamike
dataset/haruyamike/fu/003.wav,fu,haruyamike
dataset/haruyamike/fu/004.wav,fu,haruyamike
dataset/haruyamike/fu/005.wav,fu,haruyamike
dataset/haruyamike/fu/006.wav,fu,haruyamike
dataset/haruyamike/fu/007.wav,fu,haruyamike
dataset/haruyamike/fu/008.wav,fu,haruyamike
dataset/haruyamike/fu/009.wav,fu,haruyamike
dataset/haruyamike/fu/010.wav,fu,haruyamike
dataset/haruyamike/ga/001.wav,ga,haruyamike
dataset/haruyamike/ga/002.wav,ga,haruyamike
dataset/haruyamike/ga/003.wav,ga,haruyamike
dataset/haruyamike/ga/004.wav,ga,haruyamike
dataset/haruyamike/ga/005.wav,ga,haruyamike
dataset/haruyamike/ga/006.wav,ga,haruyamike
dataset/haruyamike/ga/007.wav,ga,haruyamike
dataset/haruyamike/ga/009.wav,ga,haruyamike
dataset/haruyamike/ga/010.wav,ga,haruyamike
dataset/haruyamike/ge/001.wav,ge,haruyamike
dataset/haruyamike/ge/002.wav,ge,haruyamike
dataset/haruyamike/ge/008.wav,ge,haruyamike
dataset/haruyamike/ge/009.wav,ge,haruyamike
dataset/haruyamike/ge/010.wav,ge,haruyamike
dataset/haruyamike/ge/012.wav,ge,haruyamike
dataset/haruyamike/ge/013.wav,ge,haruyamike
dataset/haruyamike/ge/014.wav,ge,haruyamike
dataset/haruyamike/ge/015.wav,ge,haruyamike
dataset/haruyamike/gi/001.wav,gi,haruyamike
dataset/haruyamike/gi/002.wav,gi,haruyamike
dataset/haruyamike/gi/003.wav,gi,haruyamike
dataset/haruyamike/gi/004.wav,gi,haruyamike
dataset/haruyamike/gi/005.wav,gi,haruyamike
dataset/haruyamike/gi/006.wav,gi,haruyamike
dataset/haruyamike/gi/007.wav,gi,haruyamike
dataset/haruyamike/gi/008.wav,gi,haruyamike
dataset/haruyamike/gi/009.wav,gi,haruyamike
dataset/haruyamike/gi/010.wav,gi,haruyamike
dataset/haruyamike/go/004.wav,go,haruyamike
dataset/haruyamike/go/005.wav,go,haruyamike
dataset/haruyamike/go/006.wav,go,haruyamike
dataset/haruyamike/go/007.wav,go,haruyamike
dataset/haruyamike/go/008.wav,go,haruyamike
dataset/haruyamike/go/009.wav,go,haruyamike
dataset/haruyamike/go/010.wav,go,haruyamike
dataset/haruyamike/gu/001.wav,gu,haruyamike
dataset/haruyamike/gu/002.wav,gu,haruyamike
dataset/haruyamike/gu/003.wav,gu,haruyamike
dataset/haruyamike/gu/004.wav,gu,haruyamike
dataset/haruyamike/gu/006.wav,gu,haruyamike
dataset/haruyamike/gu/007.wav,gu,haruyamike
dataset/haruyamike/gu/008.wav,gu,haruyamike
dataset/haruyamike/gu/009.wav,gu,haruyamike
dataset/haruyamike/gu/010.wav,gu,haruyamike
dataset/haruyamike/gya/001.wav,gya,haruyamike
dataset/haruyamike/gya/002.wav,gya,haruyamike
dataset/haruyamike/gya/003.wav,gya,haruyamike
dataset/haruyamike/gya/004.wav,gya,haruyamike
dataset/haruyamike/gya/005.wav,gya,haruyamike
dataset/haruyamike/gya/006.wav,gya,haruyamike
dataset/haruyamike/gya/007.wav,gya,haruyamike
dataset/haruyamike/gya/008.wav,gya,haruyamike
dataset/haruyamike/gya/009.wav,gya,haruyamike
dataset/haruyamike/gya/010.wav,gya,haruyamike
dataset/haruyamike/gyo/001.wav,gyo,haruyamike
dataset/haruyamike/gyo/002.wav,gyo,haruyamike
dataset/haruyamike/gyo/003.wav,gyo,haruyamike
dataset/haruyamike/gyo/004.wav,gyo,haruyamike
dataset/haruyamike/gyo/005.wav,gyo,haruyamike
dataset/haruyamike/gyo/006.wav,gyo,haruyamike
dataset/haruyamike/gyo/007.wav,gyo,haruyamike
dataset/haruyamike/gyo/008.wav,gyo,haruyamike
dataset/haruyamike/gyo/009.wav,gyo,haruyamike
dataset/haruyamike/gyo/010.wav,gyo,haruyamike
dataset/haruyamike/gyu/002.wav,gyu,haruyamike
dataset/haruyamike/gyu/003.wav,gyu,haruyamike
dataset/haruyamike/gyu/004.wav,gyu,haruyamike
dataset/haruyamike/gyu/005.wav,gyu,haruyamike
dataset/haruyamike/gyu/006.wav,gyu,haruyamike
dataset/haruyamike/gyu/007.wav,gyu,haruyamike
dataset/haruyamike/gyu/008.wav,gyu,haruyamike
dataset/haruyamike/gyu/009.wav,gyu,haruyamike
dataset/haruyamike/gyu/010.wav,gyu,haruyamike
dataset/haruyamike/ha/001.wav,ha,haruyamike
dataset/haruyamike/ha/002.wav,ha,haruyamike
dataset/haruyamike/ha/003.wav,ha,haruyamike
dataset/haruyamike/ha/004.wav,ha,haruyamike
dataset/haruyamike/ha/005.wav,ha,haruyamike
dataset/haruyamike/ha/006.wav,ha,haruyamike
dataset/haruyamike/ha/007.wav,ha,haruyamike
dataset/haruyamike/ha/008.wav,ha,haruyamike
dataset/haruyamike/ha/009.wav,ha,haruyamike
dataset/haruyamike/ha/010.wav,ha,haruyamike
dataset/haruyamike/he/001.wav,he,haruyamike
dataset/haruyamike/he/002.wav,he,haruyamike
dataset/haruyamike/he/003.wav,he,haruyamike
dataset/haruyamike/he/004.wav,he,haruyamike
dataset/haruyamike/he/005.wav,he,haruyamike
dataset/haruyamike/he/006.wav,he,haruyamike
dataset/haruyamike/he/007.wav,he,haruyamike
dataset/haruyamike/he/008.wav,he,haruyamike
dataset/haruyamike/he/009.wav,he,haruyamike
dataset/haruyamike/he/010.wav,he,haruyamike
dataset/haruyamike/hi/001.wav,hi,haruyamike
dataset/haruyamike/hi/002.wav,hi,haruyamike
dataset/haruyamike/hi/003.wav,hi,haruyamike
dataset/haruyamike/hi/004.wav,hi,haruyamike
dataset/haruyamike/hi/005.wav,hi,haruyamike
dataset/haruyamike/hi/006.wav,hi,haruyamike
dataset/haruyamike/hi/007.wav,hi,haruyamike
dataset/haruyamike/hi/008.wav,hi,haruyamike
dataset/haruyamike/hi/009.wav,hi,haruyamike
dataset/haruyamike/hi/010.wav,hi,haruyamike
dataset/haruyamike/ho/001.wav,ho,haruyamike
dataset/haruyamike/ho/002.wav,ho,haruyamike
dataset/haruyamike/ho/003.wav,ho,haruyamike
dataset/haruyamike/ho/004.wav,ho,haruyamike
dataset/haruyamike/ho/005.wav,ho,haruyamike
dataset/haruyamike/ho/006.wav,ho,haruyamike
dataset/haruyamike/ho/007.wav,ho,haruyamike
dataset/haruyamike/ho/008.wav,ho,haruyamike
dataset/haruyamike/ho/009.wav,ho,haruyamike
dataset/haruyamike/ho/010.wav,ho,haruyamike
dataset/haruyamike/hya/001.wav,hya,haruyamike
dataset/haruyamike/hya/002.wav,hya,haruyamike
dataset/haruyamike/hya/003.wav,hya,haruyamike
dataset/haruyamike/hya/004.wav,hya,haruyamike
dataset/haruyamike/hya/005.wav,hya,haruyamike
dataset/haruyamike/hya/006.wav,hya,haruyamike
dataset/haruyamike/hya/007.wav,hya,haruyamike
dataset/haruyamike/hya/008.wav,hya,haruyamike
dataset/haruyamike/hya/010.wav,hya,haruyamike
dataset/haruyamike/hyo/001.wav,hyo,haruyamike
dataset/haruyamike/hyo/002.wav,hyo,haruyamike
dataset/haruyamike/hyo/003.wav,hyo,haruyamike
dataset/haruyamike/hyo/004.wav,hyo,haruyamike
dataset/haruyamike/hyo/005.wav,hyo,haruyamike
dataset/haruyamike/hyo/006.wav,hyo,haruyamike
dataset/haruyamike/hyo/007.wav,hyo,haruyamike
dataset/haruyamike/hyo/008.wav,hyo,haruyamike
dataset/haruyamike/hyo/009.wav,hyo,haruyamike
dataset/haruyamike/hyo/010.wav,hyo,haruyamike
dataset/haruyamike/hyu/001.wav,hyu,haruyamike
dataset/haruyamike/hyu/002.wav,hyu,haruyamike
dataset/haruyamike/hyu/003.wav,hyu,haruyamike
dataset/haruyamike/hyu/004.wav,hyu,haruyamike
dataset/haruyamike/hyu/005.wav,hyu,haruyamike
dataset/haruyamike/hyu/006.wav,hyu,haruyamike
dataset/haruyamike/hyu/007.wav,hyu,haruyamike
dataset/haruyamike/hyu/008.wav,hyu,haruyamike
dataset/haruyamike/hyu/009.wav,hyu,haruyamike
dataset/haruyamike/hyu/010.wav,hyu,haruyamike
dataset/haruyamike/i/001.wav,i,haruyamike
dataset/haruyamike/i/002.wav,i,haruyamike
dataset/haruyamike/i/003.wav,i,haruyamike
dataset/haruyamike/i/004.wav,i,haruyamike
dataset/haruyamike/i/005.wav,i,haruyamike
dataset/haruyamike/i/006.wav,i,haruyamike
dataset/haruyamike/i/007.wav,i,haruyamike
dataset/haruyamike/i/008.wav,i,haruyamike
dataset/haruyamike/i/009.wav,i,haruyamike
dataset/haruyamike/i/010.wav,i,haruyamike
dataset/haruyamike/ja/001.wav,ja,haruyamike
dataset/haruyamike/ja/002.wav,ja,haruyamike
dataset/haruyamike/ja/003.wav,ja,haruyamike
dataset/haruyamike/ja/004.wav,ja,haruyamike
dataset/haruyamike/ja/005.wav,ja,haruyamike
dataset/haruyamike/ja/006.wav,ja,haruyamike
dataset/haruyamike/ja/007.wav,ja,haruyamike
dataset/haruyamike/ja/008.wav,ja,haruyamike
dataset/haruyamike/ja/009.wav,ja,haruyamike
dataset/haruyamike/ja/010.wav,ja,haruyamike
dataset/haruyamike/ji/011.wav,ji,haruyamike
dataset/haruyamike/ji/012.wav,ji,haruyamike
dataset/haruyamike/ji/013.wav,ji,haruyamike
dataset/haruyamike/ji/014.wav,ji,haruyamike
dataset/haruyamike/ji/015.wav,ji,haruyamike
dataset/haruyamike/ji/016.wav,ji,haruyamike
dataset/haruyamike/ji/017.wav,ji,haruyamike
dataset/haruyamike/ji/018.wav,ji,haruyamike
dataset/haruyamike/ji/019.wav,ji,haruyamike
dataset/haruyamike/ji/020.wav,ji,haruyamike
dataset/haruyamike/jo/001.wav,jo,haruyamike
dataset/haruyamike/jo/002.wav,jo,haruyamike
dataset/haruyamike/jo/003.wav,jo,haruyamike
dataset/haruyamike/jo/004.wav,jo,haruyamike
dataset/haruyamike/jo/005.wav,jo,haruyamike
dataset/haruyamike/jo/006.wav,jo,haruyamike
dataset/haruyamike/jo/007.wav,jo,haruyamike
dataset/haruyamike/jo/008.wav,jo,haruyamike
dataset/haruyamike/jo/009.wav,jo,haruyamike
dataset/haruyamike/jo/010.wav,jo,haruyamike
dataset/haruyamike/ju/001.wav,ju,haruyamike
dataset/haruyamike/ju/002.wav,ju,haruyamike
dataset/haruyamike/ju/003.wav,ju,haruyamike
dataset/haruyamike/ju/004.wav,ju,haruyamike
dataset/haruyamike/ju/005.wav,ju,haruyamike
dataset/haruyamike/ju/006.wav,ju,haruyamike
dataset/haruyamike/ju/007.wav,ju,haruyamike
dataset/haruyamike/ju/008.wav,ju,haruyamike
dataset/haruyamike/ju/009.wav,ju,haruyamike
dataset/haruyamike/ju/010.wav,ju,haruyamike
dataset/haruyamike/ka/001.wav,ka,haruyamike
dataset/haruyamike/ka/002.wav,ka,haruyamike
dataset/haruyamike/ka/003.wav,ka,haruyamike
dataset/haruyamike/ka/004.wav,ka,haruyamike
dataset/haruyamike/ka/005.wav,ka,haruyamike
dataset/haruyamike/ka/006.wav,ka,haruyamike
dataset/haruyamike/ka/007.wav,ka,haruyamike
dataset/haruyamike/ka/008.wav,ka,haruyamike
dataset/haruyamike/ka/009.wav,ka,haruyamike
dataset/haruyamike/ka/010.wav,ka,haruyamike
dataset/haruyamike/ke/001.wav,ke,haruyamike
dataset/haruyamike/ke/002.wav,ke,haruyamike
dataset/haruyamike/ke/004.wav,ke,haruyamike
dataset/haruyamike/ke/005.wav,ke,haruyamike
dataset/haruyamike/ke/006.wav,ke,haruyamike
dataset/haruyamike/ke/007.wav,ke,haruyamike
dataset/haruyamike/ke/008.wav,ke,haruyamike
dataset/haruyamike/ke/009.wav,ke,haruyamike
dataset/haruyamike/ke/010.wav,ke,haruyamike
dataset/haruyamike/ki/001.wav,ki,haruyamike
dataset/haruyamike/ki/002.wav,ki,haruyamike
dataset/haruyamike/ki/003.wav,ki,haruyamike
dataset/haruyamike/ki/004.wav,ki,haruyamike
dataset/haruyamike/ki/005.wav,ki,haruyamike
dataset/haruyamike/ki/007.wav,ki,haruyamike
dataset/haruyamike/ki/008.wav,ki,haruyamike
dataset/haruyamike/ki/009.wav,ki,haruyamike
dataset/haruyamike/ki/010.wav,ki,haruyamike
dataset/haruyamike/ko/001.wav,ko,haruyamike
dataset/haruyamike/ko/002.wav,ko,haruyamike
dataset/haruyamike/ko/003.wav,ko,haruyamike
dataset/haruyamike/ko/004.wav,ko,haruyamike
dataset/haruyamike/ko/005.wav,ko,haruyamike
dataset/haruyamike/ko/006.wav,ko,haruyamike
dataset/haruyamike/ko/007.wav,ko,haruyamike
dataset/haruyamike/ko/008.wav,ko,haruyamike
dataset/haruyamike/ko/009.wav,ko,haruyamike
dataset/haruyamike/ko/010.wav,ko,haruyamike
dataset/haruyamike/ku/001.wav,ku,haruyamike
dataset/haruyamike/ku/002.wav,ku,haruyamike
dataset/haruyamike/ku/003.wav,ku,haruyamike
dataset/haruyamike/ku/004.wav,ku,haruyamike
dataset/haruyamike/ku/005.wav,ku,haruyamike
dataset/haruyamike/ku/006.wav,ku,haruyamike
dataset/haruyamike/ku/007.wav,ku,haruyamike
dataset/haruyamike/ku/008.wav,ku,haruyamike
dataset/haruyamike/ku/009.wav,ku,haruyamike
dataset/haruyamike/ku/010.wav,ku,haruyamike
dataset/haruyamike/kya/001.wav,kya,haruyamike
dataset/haruyamike/kya/002.wav,kya,haruyamike
dataset/haruyamike/kya/004.wav,kya,haruyamike
dataset/haruyamike/kya/005.wav,kya,haruyamike
dataset/haruyamike/kya/006.wav,kya,haruyamike
dataset/haruyamike/kya/007.wav,kya,haruyamike
dataset/haruyamike/kya/008.wav,kya,haruyamike
dataset/haruyamike/kya/009.wav,kya,haruyamike
dataset/haruyamike/kya/010.wav,kya,haruyamike
dataset/haruyamike/kyo/001.wav,kyo,haruyamike
dataset/haruyamike/kyo/002.wav,kyo,haruyamike
dataset/haruyamike/kyo/003.wav,kyo,haruyamike
dataset/haruyamike/kyo/004.wav,kyo,haruyamike
dataset/haruyamike/kyo/005.wav,kyo,haruyamike
dataset/haruyamike/kyo/006.wav,kyo,haruyamike
dataset/haruyamike/kyo/007.wav,kyo,haruyamike
dataset/haruyamike/kyo/008.wav,kyo,haruyamike
dataset/haruyamike/kyo/009.wav,kyo,haruyamike
dataset/haruyamike/kyo/010.wav,kyo,haruyamike
dataset/haruyamike/kyu/001.wav,kyu,haruyamike
dataset/haruyamike/kyu/002.wav,kyu,haruyamike
dataset/haruyamike/kyu/003.wav,kyu,haruyamike
dataset/haruyamike/kyu/004.wav,kyu,haruyamike
dataset/haruyamike/kyu/005.wav,kyu,haruyamike
dataset/haruyamike/kyu/006.wav,kyu,haruyamike
dataset/haruyamike/kyu/007.wav,kyu,haruyamike
dataset/haruyamike/kyu/008.wav,kyu,haruyamike
dataset/haruyamike/kyu/009.wav,kyu,haruyamike
dataset/haruyamike/kyu/010.wav,kyu,haruyamike
dataset/haruyamike/ma/001.wav,ma,haruyamike
dataset/haruyamike/ma/002.wav,ma,haruyamike
dataset/haruyamike/ma/003.wav,ma,haruyamike
dataset/haruyamike/ma/004.wav,ma,haruyamike
dataset/haruyamike/ma/005.wav,ma,haruyamike
dataset/haruyamike/ma/006.wav,ma,haruyamike
dataset/haruyamike/ma/008.wav,ma,haruyamike
dataset/haruyamike/ma/009.wav,ma,haruyamike
dataset/haruyamike/ma/010.wav,ma,haruyamike
dataset/haruyamike/me/001.wav,me,haruyamike
dataset/haruyamike/me/002.wav,me,haruyamike
dataset/haruyamike/me/003.wav,me,haruyamike
dataset/haruyamike/me/004.wav,me,haruyamike
dataset/haruyamike/me/005.wav,me,haruyamike
dataset/haruyamike/me/006.wav,me,haruyamike
dataset/haruyamike/me/007.wav,me,haruyamike
dataset/haruyamike/me/008.wav,me,haruyamike
dataset/haruyamike/me/009.wav,me,haruyamike
dataset/haruyamike/me/010.wav,me,haruyamike
dataset/haruyamike/mi/001.wav,mi,haruyamike
dataset/haruyamike/mi/005.wav,mi,haruyamike
dataset/haruyamike/mi/006.wav,mi,haruyamike
dataset/haruyamike/mi/007.wav,mi,haruyamike
dataset/haruyamike/mi/008.wav,mi,haruyamike
dataset/haruyamike/mi/009.wav,mi,haruyamike
dataset/haruyamike/mi/010.wav,mi,haruyamike
dataset/haruyamike/mo/001.wav,mo,haruyamike
dataset/haruyamike/mo/002.wav,mo,haruyamike
dataset/haruyamike/mo/003.wav,mo,haruyamike
dataset/haruyamike/mo/004.wav,mo,haruyamike
dataset/haruyamike/mo/005.wav,mo,haruyamike
dataset/haruyamike/mo/006.wav,mo,haruyamike
dataset/haruyamike/mo/007.wav,mo,haruyamike
dataset/haruyamike/mo/008.wav,mo,haruyamike
dataset/haruyamike/mo/009.wav,mo,haruyamike
dataset/haruyamike/mo/010.wav,mo,haruyamike
dataset/haruyamike/mu/001.wav,mu,haruyamike
dataset/haruyamike/mu/002.wav,mu,haruyamike
dataset/haruyamike/mu/003.wav,mu,haruyamike
dataset/haruyamike/mu/004.wav,mu,haruyamike
dataset/haruyamike/mu/005.wav,mu,haruyamike
dataset/haruyamike/mu/006.wav,mu,haruyamike
dataset/haruyamike/mu/007.wav,mu,haruyamike
dataset/haruyamike/mu/008.wav,mu,haruyamike
dataset/haruyamike/mu/009.wav,mu,haruyamike
dataset/haruyamike/mu/010.wav,mu,haruyamike
dataset/haruyamike/mya/002.wav,mya,haruyamike
dataset/haruyamike/mya/003.wav,mya,haruyamike
dataset/haruyamike/mya/004.wav,mya,haruyamike
dataset/haruyamike/mya/005.wav,mya,haruyamike
dataset/haruyamike/mya/006.wav,mya,haruyamike
dataset/haruyamike/mya/007.wav,mya,haruyamike
dataset/haruyamike/mya/008.wav,mya,haruyamike
dataset/haruyamike/mya/009.wav,mya,haruyamike
dataset/haruyamike/mya/010.wav,mya,haruyamike
dataset/haruyamike/mya/011.wav,mya,haruyamike
dataset/haruyamike/myo/001.wav,myo,haruyamike
dataset/haruyamike/myo/002.wav,myo,haruyamike
dataset/haruyamike/myo/003.wav,myo,haruyamike
dataset/haruyamike/myo/004.wav,myo,haruyamike
dataset/haruyamike/myo/005.wav,myo,haruyamike
dataset/haruyamike/myo/006.wav,myo,haruyamike
dataset/haruyamike/myo/007.wav,myo,haruyamike
dataset/haruyamike/myo/008.wav,myo,haruyamike
dataset/haruyamike/myo/009.wav,myo,haruyamike
dataset/haruyamike/myo/010.wav,myo,haruyamike
dataset/haruyamike/myu/001.wav,myu,haruyamike
dataset/haruyamike/myu/002.wav,myu,haruyamike
dataset/haruyamike/myu/003.wav,myu,haruyamike
dataset/haruyamike/myu/004.wav,myu,haruyamike
dataset/haruyamike/myu/005.wav,myu,haruyamike
dataset/haruyamike/myu/006.wav,myu,haruyamike
dataset/haruyamike/myu/007.wav,myu,haruyamike
dataset/haruyamike/myu/008.wav,myu,haruyamike
dataset/haruyamike/myu/009.wav,myu,haruyamike
dataset/haruyamike/myu/010.wav,myu,haruyamike
dataset/haruyamike/n/001.wav,n,haruyamike
dataset/haruyamike/n/002.wav,n,haruyamike
dataset/haruyamike/n/003.wav,n,haruyamike
dataset/haruyamike/n/004.wav,n,haruyamike
dataset/haruyamike/n/005.wav,n,haruyamike
dataset/haruyamike/n/006.wav,n,haruyamike
dataset/haruyamike/n/007.wav,n,haruyamike
dataset/haruyamike/n/008.wav,n,haruyamike
dataset/haruyamike/n/009.wav,n,haruyamike
dataset/haruyamike/n/010.wav,n,haruyamike
dataset/haruyamike/na/001.wav,na,haruyamike
dataset/haruyamike/na/002.wav,na,haruyamike
dataset/haruyamike/na/003.wav,na,haruyamike
dataset/haruyamike/na/004.wav,na,haruyamike
dataset/haruyamike/na/005.wav,na,haruyamike
dataset/haruyamike/na/006.wav,na,haruyamike
dataset/haruyamike/na/007.wav,na,haruyamike
dataset/haruyamike/na/008.wav,na,haruyamike
dataset/haruyamike/na/009.wav,na,haruyamike
dataset/haruyamike/na/010.wav,na,haruyamike
dataset/haruyamike/ne/001.wav,ne,haruyamike
dataset/haruyamike/ne/002.wav,ne,haruyamike
dataset/haruyamike/ne/004.wav,ne,haruyamike
dataset/haruyamike/ne/005.wav,ne,haruyamike
dataset/haruyamike/ne/006.wav,ne,haruyamike
dataset/haruyamike/ne/007.wav,ne,haruyamike
dataset/haruyamike/ne/008.wav,ne,haruyamike
dataset/haruyamike/ne/009.wav,ne,haruyamike
dataset/haruyamike/ne/010.wav,ne,haruyamike
dataset/haruyamike/ni/001.wav,ni,haruyamike
dataset/haruyamike/ni/002.wav,ni,haruyamike
dataset/haruyamike/ni/003.wav,ni,haruyamike
dataset/haruyamike/ni/004.wav,ni,haruyamike
dataset/haruyamike/ni/005.wav,ni,haruyamike
dataset/haruyamike/ni/006.wav,ni,haruyamike
dataset/haruyamike/ni/007.wav,ni,haruyamike
dataset/haruyamike/ni/008.wav,ni,haruyamike
dataset/haruyamike/ni/009.wav,ni,haruyamike
dataset/haruyamike/ni/010.wav,ni,haruyamike
dataset/haruyamike/no/001.wav,no,haruyamike
dataset/haruyamike/no/002.wav,no,haruyamike
dataset/haruyamike/no/007.wav,no,haruyamike
dataset/haruyamike/nu/001.wav,nu,haruyamike
dataset/haruyamike/nu/002.wav,nu,haruyamike
dataset/haruyamike/nu/003.wav,nu,haruyamike
dataset/haruyamike/nu/004.wav,nu,haruyamike
dataset/haruyamike/nu/005.wav,nu,haruyamike
dataset/haruyamike/nu/006.wav,nu,haruyamike
dataset/haruyamike/nu/007.wav,nu,haruyamike
dataset/haruyamike/nu/008.wav,nu,haruyamike
dataset/haruyamike/nu/009.wav,nu,haruyamike
dataset/haruyamike/nu/010.wav,nu,haruyamike
dataset/haruyamike/nya/001.wav,nya,haruyamike
dataset/haruyamike/nya/002.wav,nya,haruyamike
dataset/haruyamike/nya/003.wav,nya,haruyamike
dataset/haruyamike/nya/004.wav,nya,haruyamike
dataset/haruyamike/nya/005.wav,nya,haruyamike
dataset/haruyamike/nya/006.wav,nya,haruyamike
dataset/haruyamike/nya/007.wav,nya,haruyamike
dataset/haruyamike/nya/008.wav,nya,haruyamike
dataset/haruyamike/nya/009.wav,nya,haruyamike
dataset/haruyamike/nya/010.wav,nya,haruyamike
dataset/haruyamike/nyo/006.wav,nyo,haruyamike
dataset/haruyamike/nyo/007.wav,nyo,haruyamike
dataset/haruyamike/nyo/009.wav,nyo,haruyamike
dataset/haruyamike/nyo/010.wav,nyo,haruyamike
dataset/haruyamike/nyo/011.wav,nyo,haruyamike
dataset/haruyamike/nyo/012.wav,nyo,haruyamike
dataset/haruyamike/nyo/013.wav,nyo,haruyamike
dataset/haruyamike/nyo/014.wav,nyo,haruyamike
dataset/haruyamike/nyo/015.wav,nyo,haruyamike
dataset/haruyamike/nyo/016.wav,nyo,haruyamike
dataset/haruyamike/nyu/001.wav,nyu,haruyamike
dataset/haruyamike/nyu/002.wav,nyu,haruyamike
dataset/haruyamike/nyu/003.wav,nyu,haruyamike
dataset/haruyamike/nyu/004.wav,nyu,haruyamike
dataset/haruyamike/nyu/005.wav,nyu,haruyamike
dataset/haruyamike/nyu/006.wav,nyu,haruyamike
dataset/haruyamike/nyu/007.wav,nyu,haruyamike
dataset/haruyamike/nyu/008.wav,nyu,haruyamike
dataset/haruyamike/nyu/009.wav,nyu,haruyamike
dataset/haruyamike/nyu/010.wav,nyu,haruyamike
dataset/haruyamike/o/001.wav,o,haruyamike
dataset/haruyamike/o/002.wav,o,haruyamike
dataset/haruyamike/o/003.wav,o,haruyamike
dataset/haruyamike/o/004.wav,o,haruyamike
dataset/haruyamike/o/005.wav,o,haruyamike
dataset/haruyamike/o/006.wav,o,haruyamike
dataset/haruyamike/o/007.wav,o,haruyamike
dataset/haruyamike/o/008.wav,o,haruyamike
dataset/haruyamike/o/009.wav,o,haruyamike
dataset/haruyamike/o/010.wav,o,haruyamike
dataset/haruyamike/pa/002.wav,pa,haruyamike
dataset/haruyamike/pa/003.wav,pa,haruyamike
dataset/haruyamike/pa/004.wav,pa,haruyamike
dataset/haruyamike/pa/005.wav,pa,haruyamike
dataset/haruyamike/pa/006.wav,pa,haruyamike
dataset/haruyamike/pa/007.wav,pa,haruyamike
dataset/haruyamike/pa/008.wav,pa,haruyamike
dataset/haruyamike/pa/009.wav,pa,haruyamike
dataset/haruyamike/pa/010.wav,pa,haruyamike
dataset/haruyamike/pe/001.wav,pe,haruyamike
dataset/haruyamike/pe/002.wav,pe,haruyamike
dataset/haruyamike/pe/003.wav,pe,haruyamike
dataset/haruyamike/pe/004.wav,pe,haruyamike
dataset/haruyamike/pe/005.wav,pe,haruyamike
dataset/haruyamike/pe/006.wav,pe,haruyamike
dataset/haruyamike/pe/008.wav,pe,haruyamike
dataset/haruyamike/pe/009.wav,pe,haruyamike
dataset/haruyamike/pe/010.wav,pe,haruyamike
dataset/haruyamike/pi/001.wav,pi,haruyamike
dataset/haruyamike/pi/002.wav,pi,haruyamike
dataset/haruyamike/pi/003.wav,pi,haruyamike
dataset/haruyamike/pi/004.wav,pi,haruyamike
dataset/haruyamike/pi/005.wav,pi,haruyamike
dataset/haruyamike/pi/006.wav,pi,haruyamike
dataset/haruyamike/pi/007.wav,pi,haruyamike
dataset/haruyamike/pi/008.wav,pi,haruyamike
dataset/haruyamike/pi/009.wav,pi,haruyamike
dataset/haruyamike/pi/010.wav,pi,haruyamike
dataset/haruyamike/po/008.wav,po,haruyamike
dataset/haruyamike/po/009.wav,po,haruyamike
dataset/haruyamike/po/010.wav,po,haruyamike
dataset/haruyamike/po/011.wav,po,haruyamike
dataset/haruyamike/po/012.wav,po,haruyamike
dataset/haruyamike/po/013.wav,po,haruyamike
dataset/haruyamike/po/014.wav,po,haruyamike
dataset/haruyamike/po/015.wav,po,haruyamike
dataset/haruyamike/po/016.wav,po,haruyamike
dataset/haruyamike/po/017.wav,po,haruyamike
dataset/haruyamike/pu/001.wav,pu,haruyamike
dataset/haruyamike/pu/002.wav,pu,haruyamike
dataset/haruyamike/pu/003.wav,pu,haruyamike
dataset/haruyamike/pu/004.wav,pu,haruyamike
dataset/haruyamike/pu/005.wav,pu,haruyamike
dataset/haruyamike/pu/006.wav,pu,haruyamike
dataset/haruyamike/pu/007.wav,pu,haruyamike
dataset/haruyamike/pu/008.wav,pu,haruyamike
dataset/haruyamike/pu/009.wav,pu,haruyamike
dataset/haruyamike/pu/010.wav,pu,haruyamike
dataset/haruyamike/pya/001.wav,pya,haruyamike
dataset/haruyamike/pya/003.wav,pya,haruyamike
dataset/haruyamike/pya/004.wav,pya,haruyamike
dataset/haruyamike/pya/005.wav,pya,haruyamike
dataset/haruyamike/pya/006.wav,pya,haruyamike
dataset/haruyamike/pya/007.wav,pya,haruyamike
dataset/haruyamike/pya/008.wav,pya,haruyamike
dataset/haruyamike/pya/009.wav,pya,haruyamike
dataset/haruyamike/pya/010.wav,pya,haruyamike
dataset/haruyamike/pyo/001.wav,pyo,haruyamike
dataset/haruyamike/pyo/002.wav,pyo,haruyamike
dataset/haruyamike/pyo/003.wav,pyo,haruyamike
dataset/haruyamike/pyo/004.wav,pyo,haruyamike
dataset/haruyamike/pyo/005.wav,pyo,haruyamike
dataset/haruyamike/pyo/006.wav,pyo,haruyamike
dataset/haruyamike/pyo/007.wav,pyo,haruyamike
dataset/haruyamike/pyo/008.wav,pyo,haruyamike
dataset/haruyamike/pyo/009.wav,pyo,haruyamike
dataset/haruyamike/pyo/010.wav,pyo,haruyamike
dataset/haruyamike/pyu/001.wav,pyu,haruyamike
dataset/haruyamike/pyu/002.wav,pyu,haruyamike
dataset/haruyamike/pyu/003.wav,pyu,haruyamike
dataset/haruyamike/pyu/004.wav,pyu,haruyamike
dataset/haruyamike/pyu/005.wav,pyu,haruyamike
dataset/haruyamike/pyu/006.wav,pyu,haruyamike
dataset/haruyamike/pyu/007.wav,pyu,haruyamike
dataset/haruyamike/pyu/008.wav,pyu,haruyamike
dataset/haruyamike/pyu/009.wav,pyu,haruyamike
dataset/haruyamike/pyu/010.wav,pyu,haruyamike
dataset/haruyamike/ra/001.wav,ra,haruyamike
dataset/haruyamike/ra/002.wav,ra,haruyamike
dataset/haruyamike/ra/003.wav,ra,haruyamike
dataset/haruyamike/ra/004.wav,ra,haruyamike
dataset/haruyamike/ra/005.wav,ra,haruyamike
dataset/haruyamike/ra/006.wav,ra,haruyamike
dataset/haruyamike/ra/007.wav,ra,haruyamike
dataset/haruyamike/ra/008.wav,ra,haruyamike
dataset/haruyamike/ra/009.wav,ra,haruyamike
dataset/haruyamike/ra/010.wav,ra,haruyamike
dataset/haruyamike/re/001.wav,re,haruyamike
dataset/haruyamike/re/003.wav,re,haruyamike
dataset/haruyamike/re/004.wav,re,haruyamike
dataset/haruyamike/re/005.wav,re,haruyamike
dataset/haruyamike/re/006.wav,re,haruyamike
dataset/haruyamike/re/007.wav,re,haruyamike
dataset/haruyamike/re/008.wav,re,haruyamike
dataset/haruyamike/re/009.wav,re,haruyamike
dataset/haruyamike/re/010.wav,re,haruyamike
dataset/haruyamike/ri/001.wav,ri,haruyamike
dataset/haruyamike/ri/002.wav,ri,haruyamike
dataset/haruyamike/ri/003.wav,ri,haruyamike
dataset/haruyamike/ri/004.wav,ri,haruyamike
dataset/haruyamike/ri/005.wav,ri,haruyamike
dataset/haruyamike/ri/006.wav,ri,haruyamike
dataset/haruyamike/ri/007.wav,ri,haruyamike
dataset/haruyamike/ri/008.wav,ri,haruyamike
dataset/haruyamike/ri/009.wav,ri,haruyamike
dataset/haruyamike/ri/010.wav,ri,haruyamike
dataset/haruyamike/ro/001.wav,ro,haruyamike
dataset/haruyamike/ro/002.wav,ro,haruyamike
dataset/haruyamike/ro/003.wav,ro,haruyamike
dataset/haruyamike/ro/004.wav,ro,haruyamike
dataset/haruyamike/ro/005.wav,ro,haruyamike
dataset/haruyamike/ro/006.wav,ro,haruyamike
dataset/haruyamike/ro/007.wav,ro,haruyamike
dataset/haruyamike/ro/008.wav,ro,haruyamike
dataset/haruyamike/ro/009.wav,ro,haruyamike
dataset/haruyamike/ro/010.wav,ro,haruyamike
dataset/haruyamike/ru/001.wav,ru,haruyamike
dataset/haruyamike/ru/002.wav,ru,haruyamike
dataset/haruyamike/ru/003.wav,ru,haruyamike
dataset/haruyamike/ru/004.wav,ru,haruyamike
dataset/haruyamike/ru/005.wav,ru,haruyamike
dataset/haruyamike/ru/006.wav,ru,haruyamike
dataset/haruyamike/ru/007.wav,ru,haruyamike
dataset/haruyamike/ru/008.wav,ru,haruyamike
dataset/haruyamike/ru/009.wav,ru,haruyamike
dataset/haruyamike/ru/010.wav,ru,haruyamike
dataset/haruyamike/rya/001.wav,rya,haruyamike
dataset/haruyamike/rya/002.wav,rya,haruyamike
dataset/haruyamike/rya/003.wav,rya,haruyamike
dataset/haruyamike/rya/004.wav,rya,haruyamike
dataset/haruyamike/rya/005.wav,rya,haruyamike
dataset/haruyamike/rya/006.wav,rya,haruyamike
dataset/haruyamike/rya/007.wav,rya,haruyamike
dataset/haruyamike/rya/008.wav,rya,haruyamike
dataset/haruyamike/rya/009.wav,rya,haruyamike
dataset/haruyamike/rya/010.wav,rya,haruyamike
dataset/haruyamike/ryo/001.wav,ryo,haruyamike
dataset/haruyamike/ryo/002.wav,ryo,haruyamike
dataset/haruyamike/ryo/003.wav,ryo,haruyamike
dataset/haruyamike/ryo/004.wav,ryo,haruyamike
dataset/haruyamike/ryo/005.wav,ryo,haruyamike
dataset/haruyamike/ryo/006.wav,ryo,haruyamike
dataset/haruyamike/ryo/007.wav,ryo,haruyamike
dataset/haruyamike/ryo/008.wav,ryo,haruyamike
dataset/haruyamike/ryo/009.wav,ryo,haruyamike
dataset/haruyamike/ryo/010.wav,ryo,haruyamike
dataset/haruyamike/ryu/001.wav,ryu,haruyamike
dataset/haruyamike/ryu/003.wav,ryu,haruyamike
dataset/haruyamike/ryu/004.wav,ryu,haruyamike
dataset/haruyamike/ryu/005.wav,ryu,haruyamike
dataset/haruyamike/ryu/006.wav,ryu,haruyamike
dataset/haruyamike/ryu/007.wav,ryu,haruyamike
dataset/haruyamike/ryu/008.wav,ryu,haruyamike
dataset/haruyamike/ryu/009.wav,ryu,haruyamike
dataset/haruyamike/ryu/010.wav,ryu,haruyamike
dataset/haruyamike/sa/001.wav,sa,haruyamike
dataset/haruyamike/sa/002.wav,sa,haruyamike
dataset/haruyamike/sa/003.wav,sa,haruyamike
dataset/haruyamike/sa/004.wav,sa,haruyamike
dataset/haruyamike/sa/005.wav,sa,haruyamike
dataset/haruyamike/sa/006.wav,sa,haruyamike
dataset/haruyamike/sa/007.wav,sa,haruyamike
dataset/haruyamike/sa/008.wav,sa,haruyamike
dataset/haruyamike/sa/009.wav,sa,haruyamike
dataset/haruyamike/sa/010.wav,sa,haruyamike
dataset/haruyamike/se/001.wav,se,haruyamike
dataset/haruyamike/se/002.wav,se,haruyamike
dataset/haruyamike/se/003.wav,se,haruyamike
dataset/haruyamike/se/004.wav,se,haruyamike
dataset/haruyamike/se/005.wav,se,haruyamike
dataset/haruyamike/se/006.wav,se,haruyamike
dataset/haruyamike/se/007.wav,se,haruyamike
dataset/haruyamike/se/008.wav,se,haruyamike
dataset/haruyamike/se/009.wav,se,haruyamike
dataset/haruyamike/se/010.wav,se,haruyamike
dataset/haruyamike/sha/001.wav,sha,haruyamike
dataset/haruyamike/sha/002.wav,sha,haruyamike
dataset/haruyamike/sha/003.wav,sha,haruyamike
dataset/haruyamike/sha/004.wav,sha,haruyamike
dataset/haruyamike/sha/005.wav,sha,haruyamike
dataset/haruyamike/sha/006.wav,sha,haruyamike
dataset/haruyamike/sha/007.wav,sha,haruyamike
dataset/haruyamike/sha/008.wav,sha,haruyamike
dataset/haruyamike/sha/009.wav,sha,haruyamike
dataset/haruyamike/sha/010.wav,sha,haruyamike
dataset/haruyamike/shi/001.wav,shi,haruyamike
dataset/haruyamike/shi/002.wav,shi,haruyamike
dataset/haruyamike/shi/003.wav,shi,haruyamike
dataset/haruyamike/shi/004.wav,shi,haruyamike
dataset/haruyamike/shi/005.wav,shi,haruyamike
dataset/haruyamike/shi/006.wav,shi,haruyamike
dataset/haruyamike/shi/007.wav,shi,haruyamike
dataset/haruyamike/shi/008.wav,shi,haruyamike
dataset/haruyamike/shi/009.wav,shi,haruyamike
dataset/haruyamike/shi/010.wav,shi,haruyamike
dataset/haruyamike/sho/001.wav,sho,haruyamike
dataset/haruyamike/sho/002.wav,sho,haruyamike
dataset/haruyamike/sho/003.wav,sho,haruyamike
dataset/haruyamike/sho/004.wav,sho,haruyamike
dataset/haruyamike/sho/005.wav,sho,haruyamike
dataset/haruyamike/sho/006.wav,sho,haruyamike
dataset/haruyamike/sho/007.wav,sho,haruyamike
dataset/haruyamike/sho/008.wav,sho,haruyamike
dataset/haruyamike/sho/009.wav,sho,haruyamike
dataset/haruyamike/sho/010.wav,sho,haruyamike
dataset/haruyamike/shu/001.wav,shu,haruyamike
dataset/haruyamike/shu/002.wav,shu,haruyamike
dataset/haruyamike/shu/003.wav,shu,haruyamike
dataset/haruyamike/shu/004.wav,shu,haruyamike
dataset/haruyamike/shu/005.wav,shu,haruyamike
dataset/haruyamike/shu/006.wav,shu,haruyamike
dataset/haruyamike/shu/007.wav,shu,haruyamike
dataset/haruyamike/shu/008.wav,shu,haruyamike
dataset/haruyamike/shu/009.wav,shu,haruyamike
dataset/haruyamike/shu/010.wav,shu,haruyamike
dataset/haruyamike/so/001.wav,so,haruyamike
dataset/haruyamike/so/002.wav,so,haruyamike
dataset/haruyamike/so/003.wav,so,haruyamike
dataset/haruyamike/so/004.wav,so,haruyamike
dataset/haruyamike/so/005.wav,so,haruyamike
dataset/haruyamike/so/006.wav,so,haruyamike
dataset/haruyamike/so/007.wav,so,haruyamike
dataset/haruyamike/so/008.wav,so,haruyamike
dataset/haruyamike/so/009.wav,so,haruyamike
dataset/haruyamike/so/010.wav,so,haruyamike
dataset/haruyamike/su/001.wav,su,haruyamike
dataset/haruyamike/su/003.wav,su,haruyamike
dataset/haruyamike/su/004.wav,su,haruyamike
dataset/haruyamike/su/005.wav,su,haruyamike
dataset/haruyamike/su/006.wav,su,haruyamike
dataset/haruyamike/su/007.wav,su,haruyamike
dataset/haruyamike/su/008.wav,su,haruyamike
dataset/haruyamike/su/009.wav,su,haruyamike
dataset/haruyamike/su/010.wav,su,haruyamike
dataset/haruyamike/ta/001.wav,ta,haruyamike
dataset/haruyamike/ta/002.wav,ta,haruyamike
dataset/haruyamike/ta/003.wav,ta,haruyamike
dataset/haruyamike/ta/004.wav,ta,haruyamike
dataset/haruyamike/ta/005.wav,ta,haruyamike
dataset/haruyamike/ta/006.wav,ta,haruyamike
dataset/haruyamike/ta/007.wav,ta,haruyamike
dataset/haruyamike/ta/008.wav,ta,haruyamike
dataset/haruyamike/ta/009.wav,ta,haruyamike
dataset/haruyamike/ta/010.wav,ta,haruyamike
dataset/haruyamike/te/001.wav,te,haruyamike
dataset/haruyamike/te/002.wav,te,haruyamike
dataset/haruyamike/te/003.wav,te,haruyamike
dataset/haruyamike/te/004.wav,te,haruyamike
dataset/haruyamike/te/005.wav,te,haruyamike
dataset/haruyamike/te/006.wav,te,haruyamike
dataset/haruyamike/te/007.wav,te,haruyamike
dataset/haruyamike/te/008.wav,te,haruyamike
dataset/haruyamike/te/009.wav,te,haruyamike
dataset/haruyamike/te/010.wav,te,haruyamike
dataset/haruyamike/to/002.wav,to,haruyamike
dataset/haruyamike/to/003.wav,to,haruyamike
dataset/haruyamike/to/004.wav,to,haruyamike
dataset/haruyamike/to/005.wav,to,haruyamike
dataset/haruyamike/to/006.wav,to,haruyamike
dataset/haruyamike/to/007.wav,to,haruyamike
dataset/haruyamike/to/008.wav,to,haruyamike
dataset/haruyamike/to/009.wav,to,haruyamike
dataset/haruyamike/to/010.wav,to,haruyamike
dataset/haruyamike/tsu/001.wav,tsu,haruyamike
dataset/haruyamike/tsu/002.wav,tsu,haruyamike
dataset/haruyamike/tsu/003.wav,tsu,haruyamike
dataset/haruyamike/tsu/004.wav,tsu,haruyamike
dataset/haruyamike/tsu/005.wav,tsu,haruyamike
dataset/haruyamike/tsu/006.wav,tsu,haruyamike
dataset/haruyamike/tsu/007.wav,tsu,haruyamike
dataset/haruyamike/tsu/008.wav,tsu,haruyamike
dataset/haruyamike/tsu/009.wav,tsu,haruyamike
dataset/haruyamike/tsu/010.wav,tsu,haruyamike
dataset/haruyamike/u/001.wav,u,haruyamike
dataset/haruyamike/u/002.wav,u,haruyamike
dataset/haruyamike/u/003.wav,u,haruyamike
dataset/haruyamike/u/004.wav,u,haruyamike
dataset/haruyamike/u/005.wav,u,haruyamike
dataset/haruyamike/u/006.wav,u,haruyamike
dataset/haruyamike/u/007.wav,u,haruyamike
dataset/haruyamike/u/008.wav,u,haruyamike
dataset/haruyamike/u/009.wav,u,haruyamike
dataset/haruyamike/u/010.wav,u,haruyamike
dataset/haruyamike/wa/001.wav,wa,haruyamike
dataset/haruyamike/wa/002.wav,wa,haruyamike
dataset/haruyamike/wa/003.wav,wa,haruyamike
dataset/haruyamike/wa/004.wav,wa,haruyamike
dataset/haruyamike/wa/005.wav,wa,haruyamike
dataset/haruyamike/wa/006.wav,wa,haruyamike
dataset/haruyamike/wa/007.wav,wa,haruyamike
dataset/haruyamike/wa/008.wav,wa,haruyamike
dataset/haruyamike/wa/009.wav,wa,haruyamike
dataset/haruyamike/wa/010.wav,wa,haruyamike
dataset/haruyamike/wo/001.wav,wo,haruyamike
dataset/haruyamike/wo/002.wav,wo,haruyamike
dataset/haruyamike/wo/003.wav,wo,haruyamike
dataset/haruyamike/wo/004.wav,wo,haruyamike
dataset/haruyamike/wo/005.wav,wo,haruyamike
dataset/haruyamike/wo/006.wav,wo,haruyamike
dataset/haruyamike/wo/007.wav,wo,haruyamike
dataset/haruyamike/wo/008.wav,wo,haruyamike
dataset/haruyamike/wo/009.wav,wo,haruyamike
dataset/haruyamike/wo/010.wav,wo,haruyamike
dataset/haruyamike/ya/001.wav,ya,haruyamike
dataset/haruyamike/ya/002.wav,ya,haruyamike
dataset/haruyamike/ya/004.wav,ya,haruyamike
dataset/haruyamike/ya/005.wav,ya,haruyamike
dataset/haruyamike/ya/006.wav,ya,haruyamike
dataset/haruyamike/ya/007.wav,ya,haruyamike
dataset/haruyamike/ya/008.wav,ya,haruyamike
dataset/haruyamike/ya/009.wav,ya,haruyamike
dataset/haruyamike/ya/010.wav,ya,haruyamike
dataset/haruyamike/yo/001.wav,yo,haruyamike
dataset/haruyamike/yo/002.wav,yo,haruyamike
dataset/haruyamike/yo/003.wav,yo,haruyamike
dataset/haruyamike/yo/004.wav,yo,haruyamike
dataset/haruyamike/yo/005.wav,yo,haruyamike
dataset/haruyamike/yo/006.wav,yo,haruyamike
dataset/haruyamike/yo/007.wav,yo,haruyamike
dataset/haruyamike/yo/008.wav,yo,haruyamike
dataset/haruyamike/yo/010.wav,yo,haruyamike
dataset/haruyamike/yu/001.wav,yu,haruyamike
dataset/haruyamike/yu/002.wav,yu,haruyamike
dataset/haruyamike/yu/003.wav,yu,haruyamike
dataset/haruyamike/yu/004.wav,yu,haruyamike
dataset/haruyamike/yu/005.wav,yu,haruyamike
dataset/haruyamike/yu/006.wav,yu,haruyamike
dataset/haruyamike/yu/007.wav,yu,haruyamike
dataset/haruyamike/yu/008.wav,yu,haruyamike
dataset/haruyamike/yu/009.wav,yu,haruyamike
dataset/haruyamike/yu/010.wav,yu,haruyamike
dataset/haruyamike/za/001.wav,za,haruyamike
dataset/haruyamike/za/002.wav,za,haruyamike
dataset/haruyamike/za/003.wav,za,haruyamike
dataset/haruyamike/za/004.wav,za,haruyamike
dataset/haruyamike/za/005.wav,za,haruyamike
dataset/haruyamike/za/006.wav,za,haruyamike
dataset/haruyamike/za/007.wav,za,haruyamike
dataset/haruyamike/za/009.wav,za,haruyamike
dataset/haruyamike/za/010.wav,za,haruyamike
dataset/haruyamike/ze/001.wav,ze,haruyamike
dataset/haruyamike/ze/002.wav,ze,haruyamike
dataset/haruyamike/ze/003.wav,ze,haruyamike
dataset/haruyamike/ze/004.wav,ze,haruyamike
dataset/haruyamike/ze/005.wav,ze,haruyamike
dataset/haruyamike/ze/006.wav,ze,haruyamike
dataset/haruyamike/ze/007.wav,ze,haruyamike
dataset/haruyamike/ze/008.wav,ze,haruyamike
dataset/haruyamike/ze/009.wav,ze,haruyamike
dataset/haruyamike/ze/010.wav,ze,haruyamike
dataset/haruyamike/zo/001.wav,zo,haruyamike
dataset/haruyamike/zo/002.wav,zo,haruyamike
dataset/haruyamike/zo/003.wav,zo,haruyamike
dataset/haruyamike/zo/004.wav,zo,haruyamike
dataset/haruyamike/zo/005.wav,zo,haruyamike
dataset/haruyamike/zo/006.wav,zo,haruyamike
dataset/haruyamike/zo/007.wav,zo,haruyamike
dataset/haruyamike/zo/008.wav,zo,haruyamike
dataset/haruyamike/zo/009.wav,zo,haruyamike
dataset/haruyamike/zo/010.wav,zo,haruyamike
dataset/haruyamike/zu/001.wav,zu,haruyamike
dataset/haruyamike/zu/005.wav,zu,haruyamike
dataset/haruyamike/zu/006.wav,zu,haruyamike
dataset/haruyamike/zu/007.wav,zu,haruyamike
dataset/haruyamike/zu/008.wav,zu,haruyamike
dataset/haruyamike/zu/009.wav,zu,haruyamike
dataset/haruyamike/zu/010.wav,zu,haruyamike
dataset/r1/a/001.wav,a,r1
dataset/r1/a/002.wav,a,r1
dataset/r1/ba/001.wav,ba,r1
dataset/r1/ba/002.wav,ba,r1
dataset/r1/be/001.wav,be,r1
dataset/r1/be/002.wav,be,r1
dataset/r1/bi/001.wav,bi,r1
dataset/r1/bi/002.wav,bi,r1
dataset/r1/bo/001.wav,bo,r1
dataset/r1/bo/002.wav,bo,r1
dataset/r1/bu/001.wav,bu,r1
dataset/r1/bu/002.wav,bu,r1
dataset/r1/bya/001.wav,bya,r1
dataset/r1/bya/002.wav,bya,r1
dataset/r1/byo/001.wav,byo,r1
dataset/r1/byo/002.wav,byo,r1
dataset/r1/byu/001.wav,byu,r1
dataset/r1/cha/001.wav,cha,r1
dataset/r1/cha/002.wav,cha,r1
dataset/r1/chi/002.wav,chi,r1
dataset/r1/cho/001.wav,cho,r1
dataset/r1/cho/002.wav,cho,r1
dataset/r1/chu/001.wav,chu,r1
dataset/r1/chu/002.wav,chu,r1
dataset/r1/da/001.wav,da,r1
dataset/r1/da/002.wav,da,r1
dataset/r1/de/001.wav,de,r1
dataset/r1/de/002.wav,de,r1
dataset/r1/di/001.wav,di,r1
dataset/r1/di/002.wav,di,r1
dataset/r1/do/001.wav,do,r1
dataset/r1/do/002.wav,do,r1
dataset/r1/du/001.wav,du,r1
dataset/r1/du/002.wav,du,r1
dataset/r1/e/001.wav,e,r1
dataset/r1/e/002.wav,e,r1
dataset/r1/fu/001.wav,other,r1
dataset/r1/fu/002.wav,fu,r1
dataset/r1/ga/001.wav,ga,r1
dataset/r1/ga/002.wav,ga,r1
dataset/r1/ge/001.wav,ge,r1
dataset/r1/ge/002.wav,ge,r1
dataset/r1/gi/002.wav,gi,r1
dataset/r1/go/001.wav,go,r1
dataset/r1/go/002.wav,go,r1
dataset/r1/gu/001.wav,gu,r1
dataset/r1/gu/002.wav,gu,r1
dataset/r1/gya/001.wav,gya,r1
dataset/r1/gya/002.wav,gya,r1
dataset/r1/gyo/001.wav,gyo,r1
dataset/r1/gyo/002.wav,gyo,r1
dataset/r1/gyu/001.wav,gyu,r1
dataset/r1/gyu/002.wav,gyu,r1
dataset/r1/ha/001.wav,ha,r1
dataset/r1/ha/002.wav,ha,r1
dataset/r1/he/001.wav,he,r1
dataset/r1/he/002.wav,he,r1
dataset/r1/hi/001.wav,hi,r1
dataset/r1/hi/002.wav,hi,r1
dataset/r1/ho/001.wav,ho,r1
dataset/r1/ho/002.wav,ho,r1
dataset/r1/hya/001.wav,hya,r1
dataset/r1/hya/002.wav,hya,r1
dataset/r1/hyo/001.wav,hyo,r1
dataset/r1/hyo/002.wav,hyo,r1
dataset/r1/hyu/001.wav,hyu,r1
dataset/r1/hyu/002.wav,hyu,r1
dataset/r1/i/001.wav,other,r1
dataset/r1/i/002.wav,other,r1
dataset/r1/ja/001.wav,ja,r1
dataset/r1/ja/002.wav,ja,r1
dataset/r1/ji/001.wav,ji,r1
dataset/r1/ji/002.wav,ji,r1
dataset/r1/jo/001.wav,jo,r1
dataset/r1/jo/002.wav,jo,r1
dataset/r1/ju/001.wav,ju,r1
dataset/r1/ju/002.wav,ju,r1
dataset/r1/ka/001.wav,ka,r1
dataset/r1/ka/002.wav,ka,r1
dataset/r1/ke/001.wav,ke,r1
dataset/r1/ke/002.wav,ke,r1
dataset/r1/ki/001.wav,ki,r1
dataset/r1/ki/002.wav,ki,r1
dataset/r1/ko/001.wav,ko,r1
dataset/r1/ko/002.wav,ko,r1
dataset/r1/ku/001.wav,ku,r1
dataset/r1/ku/002.wav,ku,r1
dataset/r1/kya/001.wav,kya,r1
dataset/r1/kya/002.wav,kya,r1
dataset/r1/kyo/001.wav,kyo,r1
dataset/r1/kyo/002.wav,kyo,r1
dataset/r1/kyu/002.wav,kyu,r1
dataset/r1/ma/001.wav,ma,r1
dataset/r1/ma/002.wav,ma,r1
dataset/r1/me/001.wav,other,r1
dataset/r1/me/002.wav,me,r1
dataset/r1/mi/001.wav,mi,r1
dataset/r1/mi/002.wav,mi,r1
dataset/r1/mo/001.wav,mo,r1
dataset/r1/mo/002.wav,mo,r1
dataset/r1/mu/001.wav,mu,r1
dataset/r1/mu/002.wav,mu,r1
dataset/r1/mya/002.wav,mya,r1
dataset/r1/myo/001.wav,myo,r1
dataset/r1/myo/002.wav,myo,r1
dataset/r1/myu/001.wav,myu,r1
dataset/r1/myu/002.wav,myu,r1
dataset/r1/n/002.wav,n,r1
dataset/r1/na/001.wav,na,r1
dataset/r1/na/002.wav,na,r1
dataset/r1/ne/001.wav,ne,r1
dataset/r1/ne/002.wav,ne,r1
dataset/r1/ni/001.wav,ni,r1
dataset/r1/ni/002.wav,ni,r1
dataset/r1/no/001.wav,no,r1
dataset/r1/no/002.wav,no,r1
dataset/r1/nu/001.wav,nu,r1
dataset/r1/nu/002.wav,nu,r1
dataset/r1/nya/001.wav,nya,r1
dataset/r1/nya/002.wav,nya,r1
dataset/r1/nyo/001.wav,nyo,r1
dataset/r1/nyo/002.wav,nyo,r1
dataset/r1/nyu/002.wav,nyu,r1
dataset/r1/o/001.wav,o,r1
dataset/r1/o/002.wav,o,r1
dataset/r1/pa/001.wav,pa,r1
dataset/r1/pe/001.wav,pe,r1
dataset/r1/pe/002.wav,pe,r1
dataset/r1/pi/001.wav,pi,r1
dataset/r1/po/001.wav,po,r1
dataset/r1/po/002.wav,po,r1
dataset/r1/pu/001.wav,pu,r1
dataset/r1/pu/002.wav,pu,r1
dataset/r1/pya/001.wav,pya,r1
dataset/r1/pya/002.wav,pya,r1
dataset/r1/pyo/001.wav,pyo,r1
dataset/r1/pyo/002.wav,pyo,r1
dataset/r1/pyu/001.wav,pyu,r1
dataset/r1/pyu/002.wav,pyu,r1
dataset/r1/ra/001.wav,ra,r1
dataset/r1/ra/002.wav,ra,r1
dataset/r1/re/001.wav,de,r1
dataset/r1/re/002.wav,re,r1
dataset/r1/ri/001.wav,ri,r1
dataset/r1/ri/002.wav,ri,r1
dataset/r1/ro/001.wav,ro,r1
dataset/r1/ro/002.wav,ro,r1
dataset/r1/ru/001.wav,ru,r1
dataset/r1/ru/002.wav,ru,r1
dataset/r1/rya/001.wav,rya,r1
dataset/r1/rya/002.wav,rya,r1
dataset/r1/ryo/001.wav,ryo,r1
dataset/r1/ryo/002.wav,ryo,r1
dataset/r1/ryu/001.wav,ryu,r1
dataset/r1/ryu/002.wav,ryu,r1
dataset/r1/sa/002.wav,sa,r1
dataset/r1/se/001.wav,se,r1
dataset/r1/se/002.wav,se,r1
dataset/r1/sha/001.wav,sha,r1
dataset/r1/sha/002.wav,sha,r1
dataset/r1/shi/001.wav,shi,r1
dataset/r1/shi/002.wav,shi,r1
dataset/r1/sho/001.wav,sho,r1
dataset/r1/sho/002.wav,sho,r1
dataset/r1/shu/001.wav,shu,r1
dataset/r1/shu/002.wav,shu,r1
dataset/r1/so/001.wav,so,r1
dataset/r1/so/002.wav,so,r1
dataset/r1/su/001.wav,su,r1
dataset/r1/su/002.wav,su,r1
dataset/r1/ta/001.wav,ta,r1
dataset/r1/ta/002.wav,ta,r1
dataset/r1/te/001.wav,te,r1
dataset/r1/te/002.wav,te,r1
dataset/r1/to/001.wav,other,r1
dataset/r1/to/002.wav,to,r1
dataset/r1/tsu/001.wav,tsu,r1
dataset/r1/tsu/002.wav,tsu,r1
dataset/r1/u/001.wav,other,r1
dataset/r1/wa/001.wav,wa,r1
dataset/r1/wa/002.wav,wa,r1
dataset/r1/wo/001.wav,wo,r1
dataset/r1/wo/002.wav,wo,r1
dataset/r1/ya/001.wav,ya,r1
dataset/r1/ya/002.wav,ya,r1
dataset/r1/yo/001.wav,yo,r1
dataset/r1/yo/002.wav,yo,r1
dataset/r1/yu/001.wav,yu,r1
dataset/r1/yu/002.wav,yu,r1
dataset/r1/za/001.wav,za,r1
dataset/r1/za/002.wav,za,r1
dataset/r1/ze/001.wav,ze,r1
dataset/r1/ze/002.wav,ze,r1
dataset/r1/zo/001.wav,zo,r1
dataset/r1/zo/002.wav,zo,r1
dataset/r1/zu/001.wav,zu,r1
dataset/r1/zu/002.wav,zu,r1
dataset/r10/a/001.wav,a,r10
dataset/r10/a/002.wav,a,r10
dataset/r10/ba/001.wav,ba,r10
dataset/r10/ba/002.wav,ba,r10
dataset/r10/ba/003.wav,ba,r10
dataset/r10/be/001.wav,be,r10
dataset/r10/be/002.wav,be,r10
dataset/r10/be/003.wav,be,r10
dataset/r10/bi/001.wav,bi,r10
dataset/r10/bi/002.wav,bi,r10
dataset/r10/bi/003.wav,bi,r10
dataset/r10/bo/001.wav,bo,r10
dataset/r10/bo/002.wav,bo,r10
dataset/r10/bo/003.wav,bo,r10
dataset/r10/bu/001.wav,bu,r10
dataset/r10/bu/002.wav,bu,r10
dataset/r10/bu/003.wav,bu,r10
dataset/r10/bya/001.wav,bya,r10
dataset/r10/bya/002.wav,bya,r10
dataset/r10/bya/003.wav,bya,r10
dataset/r10/byo/001.wav,byo,r10
dataset/r10/byo/002.wav,byo,r10
dataset/r10/byu/001.wav,byu,r10
dataset/r10/byu/002.wav,byu,r10
dataset/r10/byu/003.wav,byu,r10
dataset/r10/cha/001.wav,cha,r10
dataset/r10/cha/002.wav,cha,r10
dataset/r10/cha/003.wav,cha,r10
dataset/r10/chi/001.wav,chi,r10
dataset/r10/chi/002.wav,chi,r10
dataset/r10/cho/001.wav,cho,r10
dataset/r10/cho/002.wav,cho,r10
dataset/r10/cho/003.wav,cho,r10
dataset/r10/chu/001.wav,chu,r10
dataset/r10/chu/002.wav,chu,r10
dataset/r10/chu/003.wav,chu,r10
dataset/r10/da/001.wav,da,r10
dataset/r10/da/002.wav,da,r10
dataset/r10/da/003.wav,da,r10
dataset/r10/de/001.wav,de,r10
dataset/r10/de/002.wav,de,r10
dataset/r10/de/003.wav,de,r10
dataset/r10/di/001.wav,di,r10
dataset/r10/di/002.wav,di,r10
dataset/r10/di/003.wav,di,r10
dataset/r10/do/001.wav,do,r10
dataset/r10/do/002.wav,do,r10
dataset/r10/do/003.wav,do,r10
dataset/r10/du/001.wav,du,r10
dataset/r10/du/002.wav,du,r10
dataset/r10/du/003.wav,du,r10
dataset/r10/e/001.wav,e,r10
dataset/r10/e/002.wav,e,r10
dataset/r10/e/003.wav,e,r10
dataset/r10/fu/001.wav,fu,r10
dataset/r10/fu/002.wav,fu,r10
dataset/r10/fu/003.wav,fu,r10
dataset/r10/ga/001.wav,ga,r10
dataset/r10/ga/002.wav,ga,r10
dataset/r10/ga/003.wav,ga,r10
dataset/r10/ge/001.wav,ge,r10
dataset/r10/ge/002.wav,ge,r10
dataset/r10/ge/003.wav,ge,r10
dataset/r10/gi/001.wav,gi,r10
dataset/r10/gi/002.wav,gi,r10
dataset/r10/gi/003.wav,gi,r10
dataset/r10/go/001.wav,go,r10
dataset/r10/go/002.wav,go,r10
dataset/r10/go/003.wav,go,r10
dataset/r10/gu/001.wav,gu,r10
dataset/r10/gu/002.wav,gu,r10
dataset/r10/gu/003.wav,gu,r10
dataset/r10/gya/001.wav,gya,r10
dataset/r10/gya/002.wav,gya,r10
dataset/r10/gya/003.wav,gya,r10
dataset/r10/gyo/001.wav,gyo,r10
dataset/r10/gyo/002.wav,gyo,r10
dataset/r10/gyo/003.wav,gyo,r10
dataset/r10/gyu/001.wav,gyu,r10
dataset/r10/gyu/002.wav,gyu,r10
dataset/r10/gyu/003.wav,gyu,r10
dataset/r10/ha/001.wav,ha,r10
dataset/r10/ha/002.wav,ha,r10
dataset/r10/ha/003.wav,ha,r10
dataset/r10/he/001.wav,he,r10
dataset/r10/he/002.wav,he,r10
dataset/r10/he/003.wav,he,r10
dataset/r10/hi/001.wav,hi,r10
dataset/r10/hi/002.wav,hi,r10
dataset/r10/hi/003.wav,hi,r10
dataset/r10/ho/001.wav,ho,r10
dataset/r10/ho/002.wav,ho,r10
dataset/r10/ho/003.wav,ho,r10
dataset/r10/hya/001.wav,hya,r10
dataset/r10/hya/002.wav,other,r10
dataset/r10/hya/003.wav,hya,r10
dataset/r10/hyo/002.wav,hyo,r10
dataset/r10/hyo/003.wav,hyo,r10
dataset/r10/hyu/001.wav,hyu,r10
dataset/r10/hyu/002.wav,hyu,r10
dataset/r10/hyu/003.wav,hyu,r10
dataset/r10/i/001.wav,i,r10
dataset/r10/i/002.wav,i,r10
dataset/r10/i/003.wav,i,r10
dataset/r10/ja/001.wav,ja,r10
dataset/r10/ja/002.wav,ja,r10
dataset/r10/ja/003.wav,ja,r10
dataset/r10/ji/001.wav,ji,r10
dataset/r10/ji/002.wav,ji,r10
dataset/r10/ji/003.wav,ji,r10
dataset/r10/jo/001.wav,jo,r10
dataset/r10/jo/003.wav,jo,r10
dataset/r10/ju/001.wav,ju,r10
dataset/r10/ju/002.wav,ju,r10
dataset/r10/ju/003.wav,ju,r10
dataset/r10/ka/001.wav,ka,r10
dataset/r10/ka/002.wav,ka,r10
dataset/r10/ka/003.wav,ka,r10
dataset/r10/ke/001.wav,ke,r10
dataset/r10/ke/002.wav,ke,r10
dataset/r10/ki/001.wav,ki,r10
dataset/r10/ki/002.wav,ki,r10
dataset/r10/ki/003.wav,ki,r10
dataset/r10/ko/001.wav,ko,r10
dataset/r10/ko/002.wav,ko,r10
dataset/r10/ko/003.wav,ko,r10
dataset/r10/ku/001.wav,ku,r10
dataset/r10/ku/002.wav,ku,r10
dataset/r10/ku/003.wav,ku,r10
dataset/r10/kya/001.wav,kya,r10
dataset/r10/kya/002.wav,kya,r10
dataset/r10/kya/003.wav,kya,r10
dataset/r10/kyo/001.wav,kyo,r10
dataset/r10/kyo/002.wav,kyo,r10
dataset/r10/kyo/003.wav,kyo,r10
dataset/r10/kyu/001.wav,kyu,r10
dataset/r10/kyu/002.wav,kyu,r10
dataset/r10/kyu/003.wav,kyu,r10
dataset/r10/ma/001.wav,ma,r10
dataset/r10/ma/002.wav,ma,r10
dataset/r10/ma/003.wav,ma,r10
dataset/r10/me/001.wav,me,r10
dataset/r10/me/002.wav,me,r10
dataset/r10/mi/001.wav,mi,r10
dataset/r10/mi/002.wav,mi,r10
dataset/r10/mi/003.wav,mi,r10
dataset/r10/mo/001.wav,mo,r10
dataset/r10/mo/002.wav,mo,r10
dataset/r10/mo/003.wav,mo,r10
dataset/r10/mu/001.wav,mu,r10
dataset/r10/mu/002.wav,mu,r10
dataset/r10/mu/003.wav,mu,r10
dataset/r10/mya/001.wav,mya,r10
dataset/r10/mya/002.wav,mya,r10
dataset/r10/mya/003.wav,mya,r10
dataset/r10/myo/001.wav,myo,r10
dataset/r10/myo/002.wav,myo,r10
dataset/r10/myu/001.wav,myu,r10
dataset/r10/myu/002.wav,myu,r10
dataset/r10/myu/003.wav,myu,r10
dataset/r10/n/001.wav,n,r10
dataset/r10/n/002.wav,n,r10
dataset/r10/na/001.wav,na,r10
dataset/r10/na/002.wav,na,r10
dataset/r10/na/003.wav,na,r10
dataset/r10/ne/001.wav,ne,r10
dataset/r10/ne/002.wav,ne,r10
dataset/r10/ne/003.wav,ne,r10
dataset/r10/ni/001.wav,ni,r10
dataset/r10/ni/002.wav,ni,r10
dataset/r10/ni/003.wav,ni,r10
dataset/r10/no/001.wav,no,r10
dataset/r10/no/002.wav,no,r10
dataset/r10/no/003.wav,no,r10
dataset/r10/nu/001.wav,nu,r10
dataset/r10/nu/002.wav,nu,r10
dataset/r10/nu/003.wav,nu,r10
dataset/r10/nya/001.wav,nya,r10
dataset/r10/nya/002.wav,nya,r10
dataset/r10/nya/003.wav,nya,r10
dataset/r10/nyo/001.wav,nyo,r10
dataset/r10/nyo/002.wav,nyo,r10
dataset/r10/nyo/003.wav,nyo,r10
dataset/r10/nyu/001.wav,nyu,r10
dataset/r10/nyu/002.wav,nyu,r10
dataset/r10/nyu/003.wav,nyu,r10
dataset/r10/o/001.wav,o,r10
dataset/r10/o/002.wav,o,r10
dataset/r10/o/003.wav,o,r10
dataset/r10/pa/001.wav,pa,r10
dataset/r10/pa/002.wav,pa,r10
dataset/r10/pa/003.wav,pa,r10
dataset/r10/pe/002.wav,pe,r10
dataset/r10/pe/003.wav,pe,r10
dataset/r10/pi/001.wav,pi,r10
dataset/r10/pi/002.wav,pi,r10
dataset/r10/pi/003.wav,pi,r10
dataset/r10/po/001.wav,o,r10
dataset/r10/po/002.wav,po,r10
dataset/r10/po/003.wav,po,r10
dataset/r10/pu/001.wav,u,r10
dataset/r10/pu/002.wav,pu,r10
dataset/r10/pu/003.wav,pu,r10
dataset/r10/pya/001.wav,pya,r10
dataset/r10/pya/002.wav,pya,r10
dataset/r10/pya/003.wav,pya,r10
dataset/r10/pyo/001.wav,pyo,r10
dataset/r10/pyo/002.wav,pyo,r10
dataset/r10/pyo/003.wav,pyo,r10
dataset/r10/pyu/001.wav,pyu,r10
dataset/r10/pyu/002.wav,pyu,r10
dataset/r10/ra/001.wav,ra,r10
dataset/r10/ra/002.wav,ra,r10
dataset/r10/ra/003.wav,ra,r10
dataset/r10/re/001.wav,re,r10
dataset/r10/re/003.wav,re,r10
dataset/r10/ri/001.wav,ri,r10
dataset/r10/ri/002.wav,ri,r10
dataset/r10/ri/003.wav,ri,r10
dataset/r10/ro/001.wav,ro,r10
dataset/r10/ro/002.wav,ro,r10
dataset/r10/ro/003.wav,ro,r10
dataset/r10/ru/001.wav,ru,r10
dataset/r10/ru/002.wav,ru,r10
dataset/r10/ru/003.wav,ru,r10
dataset/r10/rya/001.wav,rya,r10
dataset/r10/rya/002.wav,rya,r10
dataset/r10/rya/003.wav,rya,r10
dataset/r10/ryo/001.wav,ryo,r10
dataset/r10/ryo/002.wav,ryo,r10
dataset/r10/ryo/003.wav,ryo,r10
dataset/r10/ryu/001.wav,ryu,r10
dataset/r10/ryu/002.wav,ryu,r10
dataset/r10/ryu/003.wav,ryu,r10
dataset/r10/sa/001.wav,sa,r10
dataset/r10/sa/002.wav,sa,r10
dataset/r10/sa/003.wav,sa,r10
dataset/r10/se/001.wav,se,r10
dataset/r10/se/002.wav,se,r10
dataset/r10/se/003.wav,se,r10
dataset/r10/sha/001.wav,sha,r10
dataset/r10/sha/002.wav,sha,r10
dataset/r10/sha/003.wav,sha,r10
dataset/r10/shi/001.wav,shi,r10
dataset/r10/shi/002.wav,shi,r10
dataset/r10/shi/003.wav,shi,r10
dataset/r10/sho/001.wav,sho,r10
dataset/r10/sho/002.wav,sho,r10
dataset/r10/shu/001.wav,shu,r10
dataset/r10/shu/002.wav,shu,r10
dataset/r10/shu/003.wav,shu,r10
dataset/r10/so/001.wav,so,r10
dataset/r10/so/002.wav,so,r10
dataset/r10/so/003.wav,so,r10
dataset/r10/su/001.wav,su,r10
dataset/r10/su/003.wav,su,r10
dataset/r10/ta/001.wav,ta,r10
dataset/r10/ta/002.wav,ta,r10
dataset/r10/ta/003.wav,ta,r10
dataset/r10/te/001.wav,te,r10
dataset/r10/te/002.wav,te,r10
dataset/r10/te/003.wav,te,r10
dataset/r10/to/001.wav,to,r10
dataset/r10/to/002.wav,to,r10
dataset/r10/to/003.wav,to,r10
dataset/r10/tsu/001.wav,tsu,r10
dataset/r10/tsu/002.wav,tsu,r10
dataset/r10/tsu/003.wav,tsu,r10
dataset/r10/u/001.wav,u,r10
dataset/r10/u/002.wav,u,r10
dataset/r10/u/003.wav,u,r10
dataset/r10/wa/001.wav,wa,r10
dataset/r10/wa/002.wav,wa,r10
dataset/r10/wa/003.wav,wa,r10
dataset/r10/wo/001.wav,wo,r10
dataset/r10/wo/002.wav,wo,r10
dataset/r10/wo/003.wav,wo,r10
dataset/r10/ya/001.wav,ya,r10
dataset/r10/ya/002.wav,ya,r10
dataset/r10/ya/003.wav,ya,r10
dataset/r10/yo/001.wav,yo,r10
dataset/r10/yo/002.wav,yo,r10
dataset/r10/yo/003.wav,yo,r10
dataset/r10/yu/001.wav,yu,r10
dataset/r10/yu/002.wav,yu,r10
dataset/r10/yu/003.wav,yu,r10
dataset/r10/za/001.wav,za,r10
dataset/r10/za/002.wav,za,r10
dataset/r10/za/003.wav,za,r10
dataset/r10/ze/001.wav,ze,r10
dataset/r10/ze/002.wav,ze,r10
dataset/r10/ze/003.wav,ze,r10
dataset/r10/zo/001.wav,zo,r10
dataset/r10/zo/002.wav,zo,r10
dataset/r10/zo/003.wav,zo,r10
dataset/r10/zu/001.wav,zu,r10
dataset/r10/zu/002.wav,zu,r10
dataset/r10/zu/003.wav,zu,r10
dataset/r6/a/001.wav,a,r6
dataset/r6/a/002.wav,a,r6
dataset/r6/ba/001.wav,ba,r6
dataset/r6/ba/002.wav,ba,r6
dataset/r6/be/001.wav,be,r6
dataset/r6/be/002.wav,be,r6
dataset/r6/bi/002.wav,bi,r6
dataset/r6/bo/001.wav,bo,r6
dataset/r6/bo/002.wav,bo,r6
dataset/r6/bu/001.wav,bu,r6
dataset/r6/bu/002.wav,bu,r6
dataset/r6/bya/001.wav,bya,r6
dataset/r6/bya/002.wav,bya,r6
dataset/r6/byo/001.wav,byo,r6
dataset/r6/byo/002.wav,byo,r6
dataset/r6/byu/001.wav,byu,r6
dataset/r6/byu/002.wav,byu,r6
dataset/r6/cha/001.wav,cha,r6
dataset/r6/cha/002.wav,cha,r6
dataset/r6/chi/001.wav,chi,r6
dataset/r6/chi/002.wav,chi,r6
dataset/r6/cho/001.wav,cho,r6
dataset/r6/cho/002.wav,cho,r6
dataset/r6/chu/001.wav,chu,r6
dataset/r6/chu/002.wav,chu,r6
dataset/r6/da/001.wav,da,r6
dataset/r6/da/002.wav,da,r6
dataset/r6/de/001.wav,de,r6
dataset/r6/de/002.wav,de,r6
dataset/r6/di/001.wav,di,r6
dataset/r6/di/002.wav,di,r6
dataset/r6/do/001.wav,do,r6
dataset/r6/do/002.wav,zo,r6
dataset/r6/du/001.wav,du,r6
dataset/r6/du/002.wav,du,r6
dataset/r6/e/001.wav,e,r6
dataset/r6/e/002.wav,e,r6
dataset/r6/fu/001.wav,fu,r6
dataset/r6/fu/002.wav,fu,r6
dataset/r6/ga/001.wav,ga,r6
dataset/r6/ga/002.wav,ga,r6
dataset/r6/ge/001.wav,ge,r6
dataset/r6/ge/002.wav,ge,r6
dataset/r6/gi/001.wav,gi,r6
dataset/r6/gi/002.wav,gi,r6
dataset/r6/go/001.wav,go,r6
dataset/r6/go/002.wav,go,r6
dataset/r6/gu/001.wav,gu,r6
dataset/r6/gu/002.wav,gu,r6
dataset/r6/gya/001.wav,gya,r6
dataset/r6/gya/002.wav,gya,r6
dataset/r6/gyo/001.wav,gyo,r6
dataset/r6/gyo/002.wav,gyo,r6
dataset/r6/gyu/001.wav,gyu,r6
dataset/r6/gyu/002.wav,gyu,r6
dataset/r6/ha/001.wav,ha,r6
dataset/r6/ha/002.wav,ha,r6
dataset/r6/he/001.wav,he,r6
dataset/r6/he/002.wav,he,r6
dataset/r6/hi/001.wav,hi,r6
dataset/r6/hi/002.wav,hi,r6
dataset/r6/ho/002.wav,ho,r6
dataset/r6/hya/001.wav,hya,r6
dataset/r6/hya/002.wav,hya,r6
dataset/r6/hyo/001.wav,hyo,r6
dataset/r6/hyo/002.wav,hyo,r6
dataset/r6/hyu/001.wav,hyu,r6
dataset/r6/hyu/002.wav,hyu,r6
dataset/r6/i/001.wav,i,r6
dataset/r6/i/002.wav,i,r6
dataset/r6/ja/001.wav,ja,r6
dataset/r6/ja/002.wav,ja,r6
dataset/r6/ji/001.wav,ji,r6
dataset/r6/ji/002.wav,ji,r6
dataset/r6/jo/002.wav,jo,r6
dataset/r6/ju/001.wav,ju,r6
dataset/r6/ju/002.wav,ju,r6
dataset/r6/ka/001.wav,ka,r6
dataset/r6/ka/002.wav,ka,r6
dataset/r6/ke/001.wav,ke,r6
dataset/r6/ke/002.wav,ke,r6
dataset/r6/ki/002.wav,ki,r6
dataset/r6/ko/001.wav,ko,r6
dataset/r6/ko/002.wav,ko,r6
dataset/r6/ku/001.wav,other,r6
dataset/r6/ku/002.wav,ku,r6
dataset/r6/kya/001.wav,other,r6
dataset/r6/kya/002.wav,kya,r6
dataset/r6/kyo/001.wav,kyo,r6
dataset/r6/kyo/002.wav,kyo,r6
dataset/r6/kyu/001.wav,kyu,r6
dataset/r6/kyu/002.wav,kyu,r6
dataset/r6/ma/001.wav,ma,r6
dataset/r6/ma/002.wav,ma,r6
dataset/r6/me/001.wav,me,r6
dataset/r6/me/002.wav,me,r6
dataset/r6/mi/001.wav,mi,r6
dataset/r6/mi/002.wav,mi,r6
dataset/r6/mo/001.wav,mo,r6
dataset/r6/mo/002.wav,mo,r6
dataset/r6/mu/001.wav,mu,r6
dataset/r6/mu/002.wav,mu,r6
dataset/r6/mya/001.wav,mya,r6
dataset/r6/mya/002.wav,mya,r6
dataset/r6/myo/001.wav,myo,r6
dataset/r6/myo/002.wav,myo,r6
dataset/r6/myu/001.wav,myu,r6
dataset/r6/myu/002.wav,myu,r6
dataset/r6/n/001.wav,n,r6
dataset/r6/n/002.wav,n,r6
dataset/r6/na/001.wav,na,r6
dataset/r6/na/002.wav,na,r6
dataset/r6/ne/001.wav,ne,r6
dataset/r6/ni/001.wav,ni,r6
dataset/r6/no/001.wav,no,r6
dataset/r6/no/002.wav,no,r6
dataset/r6/nu/001.wav,other,r6
dataset/r6/nu/002.wav,nya,r6
dataset/r6/nya/001.wav,nya,r6
dataset/r6/nya/002.wav,nya,r6
dataset/r6/nyo/001.wav,nyo,r6
dataset/r6/nyo/002.wav,nyo,r6
dataset/r6/nyu/001.wav,nyu,r6
dataset/r6/nyu/002.wav,nyu,r6
dataset/r6/o/001.wav,o,r6
dataset/r6/o/002.wav,o,r6
dataset/r6/pa/001.wav,pa,r6
dataset/r6/pa/002.wav,pa,r6
dataset/r6/pe/001.wav,pe,r6
dataset/r6/pe/002.wav,pe,r6
dataset/r6/pi/001.wav,pi,r6
dataset/r6/po/001.wav,po,r6
dataset/r6/po/002.wav,po,r6
dataset/r6/pu/001.wav,pu,r6
dataset/r6/pu/002.wav,pu,r6
dataset/r6/pya/001.wav,pya,r6
dataset/r6/pya/002.wav,pya,r6
dataset/r6/pyo/001.wav,pyo,r6
dataset/r6/pyo/002.wav,ryo,r6
dataset/r6/pyu/001.wav,pyu,r6
dataset/r6/pyu/002.wav,pyu,r6
dataset/r6/ra/001.wav,ra,r6
dataset/r6/ra/002.wav,ra,r6
dataset/r6/re/001.wav,re,r6
dataset/r6/re/002.wav,re,r6
dataset/r6/ri/001.wav,ri,r6
dataset/r6/ri/002.wav,ri,r6
dataset/r6/ro/001.wav,ro,r6
dataset/r6/ro/002.wav,ro,r6
dataset/r6/ru/001.wav,ru,r6
dataset/r6/rya/001.wav,rya,r6
dataset/r6/rya/002.wav,rya,r6
dataset/r6/ryo/001.wav,ryo,r6
dataset/r6/ryo/002.wav,ryo,r6
dataset/r6/ryu/001.wav,ryu,r6
dataset/r6/ryu/002.wav,ryu,r6
dataset/r6/sa/001.wav,sa,r6
dataset/r6/sa/002.wav,sa,r6
dataset/r6/se/001.wav,za,r6
dataset/r6/se/002.wav,za,r6
dataset/r6/sha/001.wav,sha,r6
dataset/r6/sha/002.wav,sha,r6
dataset/r6/shi/001.wav,shi,r6
dataset/r6/shi/002.wav,shi,r6
dataset/r6/sho/001.wav,sho,r6
dataset/r6/sho/002.wav,sho,r6
dataset/r6/shu/001.wav,shu,r6
dataset/r6/shu/002.wav,shu,r6
dataset/r6/so/001.wav,so,r6
dataset/r6/so/002.wav,so,r6
dataset/r6/su/001.wav,su,r6
dataset/r6/su/002.wav,su,r6
dataset/r6/ta/001.wav,ta,r6
dataset/r6/ta/002.wav,ta,r6
dataset/r6/te/001.wav,te,r6
dataset/r6/te/002.wav,te,r6
dataset/r6/to/001.wav,to,r6
dataset/r6/to/002.wav,to,r6
dataset/r6/tsu/001.wav,tsu,r6
dataset/r6/tsu/002.wav,tsu,r6
dataset/r6/u/001.wav,u,r6
dataset/r6/u/002.wav,u,r6
dataset/r6/wa/001.wav,wa,r6
dataset/r6/wa/002.wav,wa,r6
dataset/r6/wo/001.wav,wo,r6
dataset/r6/wo/002.wav,wo,r6
dataset/r6/ya/001.wav,ya,r6
dataset/r6/ya/002.wav,ya,r6
dataset/r6/yo/001.wav,yo,r6
dataset/r6/yo/002.wav,yo,r6
dataset/r6/yu/001.wav,yu,r6
dataset/r6/yu/002.wav,yu,r6
dataset/r6/za/001.wav,za,r6
dataset/r6/za/002.wav,za,r6
dataset/r6/ze/001.wav,ze,r6
dataset/r6/ze/002.wav,ze,r6
dataset/r6/zo/001.wav,zo,r6
dataset/r6/zo/002.wav,zo,r6
dataset/r6/zu/001.wav,zu,r6
dataset/r6/zu/002.wav,zu,r6
dataset/r7/a/001.wav,a,r7
dataset/r7/a/002.wav,a,r7
dataset/r7/ba/001.wav,ba,r7
dataset/r7/ba/002.wav,ba,r7
dataset/r7/be/001.wav,be,r7
dataset/r7/be/002.wav,be,r7
dataset/r7/bi/001.wav,bi,r7
dataset/r7/bi/002.wav,bi,r7
dataset/r7/bo/001.wav,bo,r7
dataset/r7/bo/002.wav,bo,r7
dataset/r7/bu/001.wav,bu,r7
dataset/r7/bu/002.wav,bu,r7
dataset/r7/bya/001.wav,bya,r7
dataset/r7/bya/002.wav,bya,r7
dataset/r7/byo/001.wav,byo,r7
dataset/r7/byo/002.wav,byo,r7
dataset/r7/byu/001.wav,byu,r7
dataset/r7/byu/002.wav,byu,r7
dataset/r7/cha/001.wav,cha,r7
dataset/r7/cha/002.wav,cha,r7
dataset/r7/chi/001.wav,chi,r7
dataset/r7/cho/001.wav,cho,r7
dataset/r7/cho/002.wav,cho,r7
dataset/r7/chu/001.wav,chu,r7
dataset/r7/chu/002.wav,chu,r7
dataset/r7/da/001.wav,da,r7
dataset/r7/da/002.wav,da,r7
dataset/r7/de/001.wav,de,r7
dataset/r7/de/002.wav,de,r7
dataset/r7/di/001.wav,di,r7
dataset/r7/di/002.wav,di,r7
dataset/r7/do/001.wav,do,r7
dataset/r7/do/002.wav,do,r7
dataset/r7/du/001.wav,du,r7
dataset/r7/du/002.wav,du,r7
dataset/r7/e/001.wav,e,r7
dataset/r7/e/002.wav,e,r7
dataset/r7/fu/001.wav,fu,r7
dataset/r7/fu/002.wav,fu,r7
dataset/r7/ga/001.wav,ga,r7
dataset/r7/ga/002.wav,ga,r7
dataset/r7/ge/001.wav,ge,r7
dataset/r7/ge/002.wav,ge,r7
dataset/r7/gi/001.wav,gi,r7
dataset/r7/gi/002.wav,gi,r7
dataset/r7/go/001.wav,o,r7
dataset/r7/gu/001.wav,gu,r7
dataset/r7/gu/002.wav,gu,r7
dataset/r7/gya/001.wav,gya,r7
dataset/r7/gya/002.wav,gya,r7
dataset/r7/gyo/001.wav,gyo,r7
dataset/r7/gyo/002.wav,gyo,r7
dataset/r7/gyu/001.wav,gyu,r7
dataset/r7/gyu/002.wav,gyu,r7
dataset/r7/ha/001.wav,ha,r7
dataset/r7/ha/002.wav,ha,r7
dataset/r7/he/001.wav,he,r7
dataset/r7/he/002.wav,he,r7
dataset/r7/hi/002.wav,hi,r7
dataset/r7/ho/001.wav,ho,r7
dataset/r7/ho/002.wav,ho,r7
dataset/r7/hya/001.wav,hya,r7
dataset/r7/hya/002.wav,hya,r7
dataset/r7/hyo/001.wav,hyo,r7
dataset/r7/hyo/002.wav,hyo,r7
dataset/r7/hyu/001.wav,hyu,r7
dataset/r7/hyu/002.wav,hyu,r7
dataset/r7/i/001.wav,i,r7
dataset/r7/i/002.wav,i,r7
dataset/r7/ja/001.wav,ja,r7
dataset/r7/ja/002.wav,ja,r7
dataset/r7/ji/002.wav,ji,r7
dataset/r7/jo/001.wav,jo,r7
dataset/r7/jo/002.wav,jo,r7
dataset/r7/ju/001.wav,ju,r7
dataset/r7/ju/002.wav,ju,r7
dataset/r7/ka/001.wav,ka,r7
dataset/r7/ka/002.wav,ka,r7
dataset/r7/ke/001.wav,ke,r7
dataset/r7/ke/002.wav,ke,r7
dataset/r7/ki/001.wav,ki,r7
dataset/r7/ki/002.wav,ki,r7
dataset/r7/ko/001.wav,ko,r7
dataset/r7/ko/002.wav,ko,r7
dataset/r7/ku/001.wav,ku,r7
dataset/r7/ku/002.wav,ku,r7
dataset/r7/kya/001.wav,kya,r7
dataset/r7/kyo/001.wav,kyo,r7
dataset/r7/kyo/002.wav,kyo,r7
dataset/r7/kyu/001.wav,kyu,r7
dataset/r7/ma/001.wav,ma,r7
dataset/r7/ma/002.wav,ma,r7
dataset/r7/me/001.wav,me,r7
dataset/r7/me/002.wav,me,r7
dataset/r7/mi/001.wav,mi,r7
dataset/r7/mi/002.wav,mi,r7
dataset/r7/mo/001.wav,mo,r7
dataset/r7/mo/002.wav,mo,r7
dataset/r7/mu/001.wav,mu,r7
dataset/r7/mu/002.wav,mu,r7
dataset/r7/mya/001.wav,mya,r7
dataset/r7/mya/002.wav,mya,r7
dataset/r7/myo/001.wav,myo,r7
dataset/r7/myo/002.wav,myo,r7
dataset/r7/myu/001.wav,myu,r7
dataset/r7/myu/002.wav,myu,r7
dataset/r7/n/001.wav,u,r7
dataset/r7/n/002.wav,n,r7
dataset/r7/na/001.wav,na,r7
dataset/r7/na/002.wav,na,r7
dataset/r7/ne/001.wav,ne,r7
dataset/r7/ne/002.wav,ne,r7
dataset/r7/ni/001.wav,ni,r7
dataset/r7/ni/002.wav,ni,r7
dataset/r7/no/001.wav,no,r7
dataset/r7/no/002.wav,no,r7
dataset/r7/nu/001.wav,nu,r7
dataset/r7/nu/002.wav,nu,r7
dataset/r7/nya/001.wav,nya,r7
dataset/r7/nya/002.wav,nya,r7
dataset/r7/nyo/001.wav,nyo,r7
dataset/r7/nyo/002.wav,nyo,r7
dataset/r7/nyu/001.wav,nyu,r7
dataset/r7/nyu/002.wav,nyu,r7
dataset/r7/o/001.wav,other,r7
dataset/r7/o/002.wav,o,r7
dataset/r7/pa/001.wav,pa,r7
dataset/r7/pa/002.wav,pa,r7
dataset/r7/pe/001.wav,pe,r7
dataset/r7/pe/002.wav,pe,r7
dataset/r7/pi/001.wav,pi,r7
dataset/r7/pi/002.wav,pi,r7
dataset/r7/po/001.wav,po,r7
dataset/r7/po/002.wav,po,r7
dataset/r7/pu/002.wav,pu,r7
dataset/r7/pya/002.wav,pya,r7
dataset/r7/pyo/001.wav,pyo,r7
dataset/r7/pyo/002.wav,sho,r7
dataset/r7/pyu/002.wav,pyu,r7
dataset/r7/ra/001.wav,ra,r7
dataset/r7/ra/002.wav,ra,r7
dataset/r7/re/001.wav,re,r7
dataset/r7/re/002.wav,re,r7
dataset/r7/ri/001.wav,ri,r7
dataset/r7/ri/002.wav,ri,r7
dataset/r7/ro/001.wav,ro,r7
dataset/r7/ro/002.wav,ro,r7
dataset/r7/ru/001.wav,ru,r7
dataset/r7/ru/002.wav,ru,r7
dataset/r7/rya/001.wav,rya,r7
dataset/r7/ryo/001.wav,ryo,r7
dataset/r7/ryo/002.wav,ryo,r7
dataset/r7/ryu/001.wav,ryu,r7
dataset/r7/ryu/002.wav,ryu,r7
dataset/r7/sa/001.wav,sa,r7
dataset/r7/sa/002.wav,sa,r7
dataset/r7/se/001.wav,se,r7
dataset/r7/se/002.wav,se,r7
dataset/r7/sha/001.wav,sha,r7
dataset/r7/sha/002.wav,sha,r7
dataset/r7/shi/001.wav,shi,r7
dataset/r7/shi/002.wav,shi,r7
dataset/r7/sho/001.wav,sho,r7
dataset/r7/sho/002.wav,sho,r7
dataset/r7/shu/001.wav,shu,r7
dataset/r7/shu/002.wav,shu,r7
dataset/r7/so/001.wav,so,r7
dataset/r7/so/002.wav,so,r7
dataset/r7/su/001.wav,su,r7
dataset/r7/su/002.wav,su,r7
dataset/r7/ta/001.wav,ta,r7
dataset/r7/ta/002.wav,ta,r7
dataset/r7/te/001.wav,te,r7
dataset/r7/te/002.wav,te,r7
dataset/r7/to/001.wav,to,r7
dataset/r7/to/002.wav,to,r7
dataset/r7/tsu/001.wav,tsu,r7
dataset/r7/tsu/002.wav,tsu,r7
dataset/r7/u/001.wav,u,r7
dataset/r7/u/002.wav,u,r7
dataset/r7/wa/001.wav,wa,r7
dataset/r7/wa/002.wav,wa,r7
dataset/r7/wo/001.wav,wo,r7
dataset/r7/wo/002.wav,wo,r7
dataset/r7/ya/001.wav,ya,r7
dataset/r7/ya/002.wav,ya,r7
dataset/r7/yo/001.wav,yo,r7
dataset/r7/yo/002.wav,yo,r7
dataset/r7/yu/001.wav,yu,r7
dataset/r7/yu/002.wav,yu,r7
dataset/r7/za/001.wav,za,r7
dataset/r7/za/002.wav,za,r7
dataset/r7/ze/001.wav,ze,r7
dataset/r7/ze/002.wav,ze,r7
dataset/r7/zo/001.wav,zo,r7
dataset/r7/zo/002.wav,zo,r7
dataset/r7/zu/001.wav,zu,r7
dataset/r7/zu/002.wav,zu,r7
dataset/r8/a/001.wav,a,r8
dataset/r8/a/002.wav,a,r8
dataset/r8/a/003.wav,a,r8
dataset/r8/ba/001.wav,ba,r8
dataset/r8/ba/002.wav,ba,r8
dataset/r8/ba/003.wav,ba,r8
dataset/r8/be/001.wav,be,r8
dataset/r8/be/002.wav,be,r8
dataset/r8/be/003.wav,be,r8
dataset/r8/bi/001.wav,bi,r8
dataset/r8/bi/002.wav,bi,r8
dataset/r8/bi/003.wav,bi,r8
dataset/r8/bo/001.wav,bo,r8
dataset/r8/bo/002.wav,bo,r8
dataset/r8/bo/003.wav,bo,r8
dataset/r8/bu/001.wav,bu,r8
dataset/r8/bu/003.wav,bu,r8
dataset/r8/bya/001.wav,bya,r8
dataset/r8/bya/002.wav,bya,r8
dataset/r8/bya/003.wav,bya,r8
dataset/r8/byo/001.wav,byo,r8
dataset/r8/byo/002.wav,byo,r8
dataset/r8/byo/003.wav,byo,r8
dataset/r8/byu/001.wav,byu,r8
dataset/r8/byu/002.wav,byu,r8
dataset/r8/byu/003.wav,byu,r8
dataset/r8/cha/001.wav,cha,r8
dataset/r8/cha/002.wav,cha,r8
dataset/r8/cha/003.wav,cha,r8
dataset/r8/chi/001.wav,chi,r8
dataset/r8/chi/002.wav,chi,r8
dataset/r8/chi/003.wav,chi,r8
dataset/r8/cho/001.wav,cho,r8
dataset/r8/cho/002.wav,cho,r8
dataset/r8/cho/003.wav,cho,r8
dataset/r8/chu/001.wav,chu,r8
dataset/r8/chu/002.wav,chu,r8
dataset/r8/chu/003.wav,chu,r8
dataset/r8/da/001.wav,da,r8
dataset/r8/da/002.wav,da,r8
dataset/r8/da/003.wav,da,r8
dataset/r8/de/001.wav,ze,r8
dataset/r8/de/002.wav,ze,r8
dataset/r8/de/003.wav,de,r8
dataset/r8/di/001.wav,di,r8
dataset/r8/du/001.wav,du,r8
dataset/r8/du/002.wav,du,r8
dataset/r8/du/003.wav,du,r8
dataset/r8/e/001.wav,e,r8
dataset/r8/e/002.wav,e,r8
dataset/r8/e/003.wav,e,r8
dataset/r8/fu/001.wav,fu,r8
dataset/r8/fu/002.wav,fu,r8
dataset/r8/fu/003.wav,fu,r8
dataset/r8/ga/001.wav,ga,r8
dataset/r8/ga/002.wav,ga,r8
dataset/r8/ga/003.wav,ga,r8
dataset/r8/ge/001.wav,ge,r8
dataset/r8/ge/002.wav,ge,r8
dataset/r8/ge/003.wav,ge,r8
dataset/r8/gi/001.wav,gi,r8
dataset/r8/gi/002.wav,gi,r8
dataset/r8/gi/003.wav,gi,r8
dataset/r8/go/001.wav,go,r8
dataset/r8/go/002.wav,go,r8
dataset/r8/go/003.wav,go,r8
dataset/r8/gu/001.wav,gu,r8
dataset/r8/gu/002.wav,gu,r8
dataset/r8/gu/003.wav,gu,r8
dataset/r8/gya/001.wav,gya,r8
dataset/r8/gya/002.wav,gya,r8
dataset/r8/gya/003.wav,gya,r8
dataset/r8/gyo/001.wav,gyo,r8
dataset/r8/gyo/002.wav,gyo,r8
dataset/r8/gyo/003.wav,gyo,r8
dataset/r8/gyu/001.wav,gyu,r8
dataset/r8/gyu/002.wav,gyu,r8
dataset/r8/gyu/003.wav,gyu,r8
dataset/r8/ha/001.wav,ha,r8
dataset/r8/ha/002.wav,ha,r8
dataset/r8/ha/003.wav,ha,r8
dataset/r8/he/001.wav,he,r8
dataset/r8/he/002.wav,he,r8
dataset/r8/he/003.wav,he,r8
dataset/r8/hi/001.wav,hi,r8
dataset/r8/hi/003.wav,hi,r8
dataset/r8/ho/001.wav,ho,r8
dataset/r8/ho/002.wav,ho,r8
dataset/r8/ho/003.wav,ho,r8
dataset/r8/hya/001.wav,hya,r8
dataset/r8/hya/002.wav,hya,r8
dataset/r8/hya/003.wav,hya,r8
dataset/r8/hyo/001.wav,hyo,r8
dataset/r8/hyo/002.wav,hyo,r8
dataset/r8/hyo/003.wav,hyo,r8
dataset/r8/hyu/001.wav,hyu,r8
dataset/r8/hyu/002.wav,hyu,r8
dataset/r8/hyu/003.wav,hyu,r8
dataset/r8/i/003.wav,i,r8
dataset/r8/ja/001.wav,ja,r8
dataset/r8/ja/002.wav,ja,r8
dataset/r8/ja/003.wav,ja,r8
dataset/r8/ji/001.wav,ji,r8
dataset/r8/ji/002.wav,ji,r8
dataset/r8/ji/003.wav,ji,r8
dataset/r8/jo/001.wav,jo,r8
dataset/r8/jo/002.wav,jo,r8
dataset/r8/jo/003.wav,jo,r8
dataset/r8/ju/001.wav,ju,r8
dataset/r8/ju/002.wav,ju,r8
dataset/r8/ju/003.wav,ju,r8
dataset/r8/ka/001.wav,other,r8
dataset/r8/ka/002.wav,ta,r8
dataset/r8/ka/003.wav,ka,r8
dataset/r8/ke/001.wav,ke,r8
dataset/r8/ke/002.wav,ke,r8
dataset/r8/ke/003.wav,ke,r8
dataset/r8/ki/001.wav,ki,r8
dataset/r8/ki/002.wav,ki,r8
dataset/r8/ki/003.wav,ki,r8
dataset/r8/ko/001.wav,ko,r8
dataset/r8/ko/003.wav,ko,r8
dataset/r8/ku/001.wav,ku,r8
dataset/r8/ku/002.wav,ku,r8
dataset/r8/ku/003.wav,ku,r8
dataset/r8/kya/001.wav,kya,r8
dataset/r8/kya/002.wav,kya,r8
dataset/r8/kya/003.wav,kya,r8
dataset/r8/kyo/001.wav,kyo,r8
dataset/r8/kyo/002.wav,kyo,r8
dataset/r8/kyo/003.wav,kyo,r8
dataset/r8/kyu/001.wav,kyu,r8
dataset/r8/kyu/002.wav,kyu,r8
dataset/r8/kyu/003.wav,kyu,r8
dataset/r8/ma/001.wav,ma,r8
dataset/r8/ma/002.wav,ma,r8
dataset/r8/ma/003.wav,ma,r8
dataset/r8/me/001.wav,me,r8
dataset/r8/me/002.wav,me,r8
dataset/r8/me/003.wav,me,r8
dataset/r8/mi/001.wav,mi,r8
dataset/r8/mi/002.wav,mi,r8
dataset/r8/mi/003.wav,mi,r8
dataset/r8/mo/001.wav,mo,r8
dataset/r8/mo/002.wav,mo,r8
dataset/r8/mo/003.wav,mo,r8
dataset/r8/mu/001.wav,mu,r8
dataset/r8/mu/002.wav,mu,r8
dataset/r8/mu/003.wav,mu,r8
dataset/r8/mya/001.wav,mya,r8
dataset/r8/mya/002.wav,mya,r8
dataset/r8/mya/003.wav,mya,r8
dataset/r8/myo/001.wav,myo,r8
dataset/r8/myo/002.wav,myo,r8
dataset/r8/myo/003.wav,myo,r8
dataset/r8/myu/001.wav,myu,r8
dataset/r8/myu/002.wav,myu,r8
dataset/r8/myu/003.wav,myu,r8
dataset/r8/n/001.wav,n,r8
dataset/r8/n/002.wav,n,r8
dataset/r8/n/003.wav,n,r8
dataset/r8/na/001.wav,na,r8
dataset/r8/na/002.wav,na,r8
dataset/r8/na/003.wav,na,r8
dataset/r8/ne/001.wav,ne,r8
dataset/r8/ne/002.wav,ne,r8
dataset/r8/ne/003.wav,ne,r8
dataset/r8/ni/001.wav,ni,r8
dataset/r8/ni/002.wav,ni,r8
dataset/r8/ni/003.wav,ni,r8
dataset/r8/no/001.wav,no,r8
dataset/r8/no/002.wav,no,r8
dataset/r8/no/003.wav,no,r8
dataset/r8/nu/001.wav,nu,r8
dataset/r8/nu/002.wav,nu,r8
dataset/r8/nu/003.wav,nu,r8
dataset/r8/nya/001.wav,nya,r8
dataset/r8/nya/002.wav,nya,r8
dataset/r8/nya/003.wav,nya,r8
dataset/r8/nyo/001.wav,nyo,r8
dataset/r8/nyo/002.wav,nyo,r8
dataset/r8/nyo/003.wav,nyo,r8
dataset/r8/nyu/001.wav,nyu,r8
dataset/r8/nyu/002.wav,nyu,r8
dataset/r8/nyu/003.wav,nyu,r8
dataset/r8/o/001.wav,o,r8
dataset/r8/o/002.wav,o,r8
dataset/r8/o/003.wav,o,r8
dataset/r8/pa/001.wav,a,r8
dataset/r8/pa/002.wav,pa,r8
dataset/r8/pa/003.wav,pa,r8
dataset/r8/pe/001.wav,pe,r8
dataset/r8/pe/002.wav,pe,r8
dataset/r8/pe/003.wav,pe,r8
dataset/r8/pi/001.wav,pi,r8
dataset/r8/pi/002.wav,pi,r8
dataset/r8/pi/003.wav,pi,r8
dataset/r8/po/001.wav,po,r8
dataset/r8/po/002.wav,po,r8
dataset/r8/po/003.wav,po,r8
dataset/r8/pu/001.wav,pu,r8
dataset/r8/pu/002.wav,pu,r8
dataset/r8/pu/003.wav,pu,r8
dataset/r8/pya/001.wav,pya,r8
dataset/r8/pya/002.wav,pya,r8
dataset/r8/pya/003.wav,pya,r8
dataset/r8/pyo/001.wav,pyo,r8
dataset/r8/pyo/003.wav,pyo,r8
dataset/r8/pyu/001.wav,pyu,r8
dataset/r8/pyu/002.wav,pyu,r8
dataset/r8/pyu/003.wav,pyu,r8
dataset/r8/ra/001.wav,ra,r8
dataset/r8/ra/002.wav,ra,r8
dataset/r8/ra/003.wav,ra,r8
dataset/r8/re/001.wav,re,r8
dataset/r8/re/002.wav,re,r8
dataset/r8/re/003.wav,re,r8
dataset/r8/ri/001.wav,ri,r8
dataset/r8/ri/002.wav,ri,r8
dataset/r8/ri/003.wav,ri,r8
dataset/r8/ro/001.wav,ro,r8
dataset/r8/ro/002.wav,ro,r8
dataset/r8/ro/003.wav,ro,r8
dataset/r8/ru/001.wav,ru,r8
dataset/r8/ru/003.wav,ru,r8
dataset/r8/rya/001.wav,rya,r8
dataset/r8/rya/002.wav,rya,r8
dataset/r8/rya/003.wav,rya,r8
dataset/r8/ryo/001.wav,ryo,r8
dataset/r8/ryo/002.wav,ryo,r8
dataset/r8/ryo/003.wav,ryo,r8
dataset/r8/ryu/001.wav,ryu,r8
dataset/r8/ryu/002.wav,ryu,r8
dataset/r8/ryu/003.wav,ryu,r8
dataset/r8/sa/001.wav,sa,r8
dataset/r8/sa/002.wav,sa,r8
dataset/r8/sa/003.wav,ta,r8
dataset/r8/se/001.wav,se,r8
dataset/r8/se/003.wav,se,r8
dataset/r8/sha/001.wav,sha,r8
dataset/r8/sha/002.wav,sha,r8
dataset/r8/sha/003.wav,sha,r8
dataset/r8/shi/001.wav,shi,r8
dataset/r8/shi/002.wav,shi,r8
dataset/r8/shi/003.wav,shi,r8
dataset/r8/sho/001.wav,sho,r8
dataset/r8/sho/002.wav,sho,r8
dataset/r8/sho/003.wav,sho,r8
dataset/r8/shu/001.wav,shu,r8
dataset/r8/shu/002.wav,shu,r8
dataset/r8/shu/003.wav,shu,r8
dataset/r8/so/001.wav,so,r8
dataset/r8/so/002.wav,so,r8
dataset/r8/so/003.wav,so,r8
dataset/r8/su/001.wav,su,r8
dataset/r8/su/002.wav,su,r8
dataset/r8/su/003.wav,su,r8
dataset/r8/ta/001.wav,ta,r8
dataset/r8/ta/002.wav,ta,r8
dataset/r8/ta/003.wav,ta,r8
dataset/r8/te/001.wav,te,r8
dataset/r8/te/002.wav,te,r8
dataset/r8/to/001.wav,to,r8
dataset/r8/to/002.wav,to,r8
dataset/r8/to/003.wav,to,r8
dataset/r8/tsu/001.wav,tsu,r8
dataset/r8/tsu/002.wav,tsu,r8
dataset/r8/tsu/003.wav,tsu,r8
dataset/r8/u/001.wav,u,r8
dataset/r8/u/002.wav,u,r8
dataset/r8/u/003.wav,u,r8
dataset/r8/wa/001.wav,wa,r8
dataset/r8/wa/002.wav,wa,r8
dataset/r8/wa/003.wav,wa,r8
dataset/r8/wo/001.wav,wo,r8
dataset/r8/wo/002.wav,wo,r8
dataset/r8/wo/003.wav,wo,r8
dataset/r8/ya/001.wav,ya,r8
dataset/r8/ya/002.wav,ya,r8
dataset/r8/ya/003.wav,ya,r8
dataset/r8/yo/001.wav,yo,r8
dataset/r8/yo/002.wav,yo,r8
dataset/r8/yo/003.wav,yo,r8
dataset/r8/yu/001.wav,yu,r8
dataset/r8/yu/002.wav,yu,r8
dataset/r8/yu/003.wav,yu,r8
dataset/r8/za/001.wav,za,r8
dataset/r8/za/002.wav,za,r8
dataset/r8/za/003.wav,za,r8
dataset/r8/ze/001.wav,ze,r8
dataset/r8/ze/002.wav,ze,r8
dataset/r8/ze/003.wav,ze,r8
dataset/r8/zo/001.wav,zo,r8
dataset/r8/zo/002.wav,zo,r8
dataset/r8/zo/003.wav,zo,r8
dataset/r8/zu/001.wav,zu,r8
dataset/r8/zu/002.wav,zu,r8
dataset/r8/zu/003.wav,zu,r8
dataset/r9/a/001.wav,a,r9
dataset/r9/a/002.wav,a,r9
dataset/r9/a/003.wav,a,r9
dataset/r9/ba/001.wav,ba,r9
dataset/r9/ba/002.wav,ba,r9
dataset/r9/ba/003.wav,ba,r9
dataset/r9/be/001.wav,be,r9
dataset/r9/be/002.wav,be,r9
dataset/r9/be/003.wav,be,r9
dataset/r9/bi/001.wav,bi,r9
dataset/r9/bi/002.wav,i,r9
dataset/r9/bi/003.wav,bi,r9
dataset/r9/bo/001.wav,bo,r9
dataset/r9/bo/002.wav,bo,r9
dataset/r9/bo/003.wav,bo,r9
dataset/r9/bu/001.wav,bu,r9
dataset/r9/bu/002.wav,bu,r9
dataset/r9/bya/001.wav,bya,r9
dataset/r9/bya/002.wav,bya,r9
dataset/r9/bya/003.wav,bya,r9
dataset/r9/byo/001.wav,byo,r9
dataset/r9/byo/002.wav,byo,r9
dataset/r9/byo/003.wav,byo,r9
dataset/r9/byu/001.wav,byu,r9
dataset/r9/byu/002.wav,byu,r9
dataset/r9/byu/003.wav,byu,r9
dataset/r9/cha/001.wav,cha,r9
dataset/r9/cha/002.wav,cha,r9
dataset/r9/cha/003.wav,cha,r9
dataset/r9/chi/002.wav,chi,r9
dataset/r9/chi/003.wav,chi,r9
dataset/r9/cho/001.wav,cho,r9
dataset/r9/cho/002.wav,cho,r9
dataset/r9/cho/003.wav,cho,r9
dataset/r9/chu/001.wav,chu,r9
dataset/r9/chu/002.wav,chu,r9
dataset/r9/chu/003.wav,chu,r9
dataset/r9/da/001.wav,da,r9
dataset/r9/da/002.wav,da,r9
dataset/r9/da/003.wav,da,r9
dataset/r9/de/001.wav,de,r9
dataset/r9/de/002.wav,de,r9
dataset/r9/de/003.wav,de,r9
dataset/r9/di/001.wav,di,r9
dataset/r9/di/002.wav,di,r9
dataset/r9/di/003.wav,di,r9
dataset/r9/do/001.wav,do,r9
dataset/r9/do/002.wav,do,r9
dataset/r9/do/003.wav,do,r9
dataset/r9/du/001.wav,du,r9
dataset/r9/du/002.wav,du,r9
dataset/r9/du/003.wav,du,r9
dataset/r9/e/001.wav,e,r9
dataset/r9/e/002.wav,e,r9
dataset/r9/e/003.wav,e,r9
dataset/r9/fu/001.wav,fu,r9
dataset/r9/fu/002.wav,fu,r9
dataset/r9/fu/003.wav,fu,r9
dataset/r9/ga/001.wav,ga,r9
dataset/r9/ga/002.wav,ga,r9
dataset/r9/ga/003.wav,ga,r9
dataset/r9/ge/001.wav,ge,r9
dataset/r9/ge/002.wav,ge,r9
dataset/r9/ge/003.wav,ge,r9
dataset/r9/gi/001.wav,gi,r9
dataset/r9/gi/002.wav,i,r9
dataset/r9/gi/003.wav,gi,r9
dataset/r9/go/001.wav,go,r9
dataset/r9/go/002.wav,go,r9
dataset/r9/go/003.wav,go,r9
dataset/r9/gu/001.wav,gu,r9
dataset/r9/gu/002.wav,gu,r9
dataset/r9/gu/003.wav,gu,r9
dataset/r9/gya/001.wav,gya,r9
dataset/r9/gya/002.wav,gya,r9
dataset/r9/gya/003.wav,gya,r9
dataset/r9/gyo/001.wav,gyo,r9
dataset/r9/gyo/002.wav,gyo,r9
dataset/r9/gyo/003.wav,gyo,r9
dataset/r9/gyu/001.wav,gyu,r9
dataset/r9/gyu/002.wav,gyu,r9
dataset/r9/gyu/003.wav,gyu,r9
dataset/r9/ha/001.wav,ha,r9
dataset/r9/ha/002.wav,ha,r9
dataset/r9/ha/003.wav,ha,r9
dataset/r9/he/001.wav,he,r9
dataset/r9/he/002.wav,he,r9
dataset/r9/he/003.wav,he,r9
dataset/r9/hi/001.wav,hi,r9
dataset/r9/hi/002.wav,hi,r9
dataset/r9/hi/003.wav,hi,r9
dataset/r9/ho/001.wav,ho,r9
dataset/r9/ho/002.wav,ho,r9
dataset/r9/ho/003.wav,ho,r9
dataset/r9/hya/001.wav,hya,r9
dataset/r9/hya/002.wav,hya,r9
dataset/r9/hya/003.wav,hya,r9
dataset/r9/hyo/001.wav,hyo,r9
dataset/r9/hyo/002.wav,hyo,r9
dataset/r9/hyo/003.wav,hyo,r9
dataset/r9/hyu/001.wav,hyu,r9
dataset/r9/hyu/002.wav,hyu,r9
dataset/r9/hyu/003.wav,hyu,r9
dataset/r9/i/001.wav,i,r9
dataset/r9/i/002.wav,i,r9
dataset/r9/i/003.wav,i,r9
dataset/r9/ja/001.wav,ja,r9
dataset/r9/ja/002.wav,ja,r9
dataset/r9/ja/003.wav,ja,r9
dataset/r9/ji/001.wav,ji,r9
dataset/r9/ji/002.wav,ji,r9
dataset/r9/ji/003.wav,ji,r9
dataset/r9/jo/001.wav,jo,r9
dataset/r9/jo/002.wav,jo,r9
dataset/r9/jo/003.wav,jo,r9
dataset/r9/ju/001.wav,ju,r9
dataset/r9/ju/002.wav,ju,r9
dataset/r9/ju/003.wav,ju,r9
dataset/r9/ka/001.wav,ka,r9
dataset/r9/ka/002.wav,ka,r9
dataset/r9/ka/003.wav,ka,r9
dataset/r9/ke/001.wav,ke,r9
dataset/r9/ke/002.wav,ke,r9
dataset/r9/ke/003.wav,ke,r9
dataset/r9/ki/001.wav,ki,r9
dataset/r9/ki/002.wav,ki,r9
dataset/r9/ki/003.wav,ki,r9
dataset/r9/ko/001.wav,ko,r9
dataset/r9/ko/002.wav,ko,r9
dataset/r9/ko/003.wav,ko,r9
dataset/r9/ku/001.wav,ku,r9
dataset/r9/ku/002.wav,ku,r9
dataset/r9/ku/003.wav,ku,r9
dataset/r9/kya/001.wav,kya,r9
dataset/r9/kya/002.wav,kya,r9
dataset/r9/kyo/001.wav,kyo,r9
dataset/r9/kyo/002.wav,kyo,r9
dataset/r9/kyo/003.wav,kyo,r9
dataset/r9/kyu/001.wav,kyu,r9
dataset/r9/kyu/002.wav,kyu,r9
dataset/r9/kyu/003.wav,kyu,r9
dataset/r9/ma/001.wav,ma,r9
dataset/r9/ma/002.wav,ma,r9
dataset/r9/ma/003.wav,ma,r9
dataset/r9/me/001.wav,me,r9
dataset/r9/me/002.wav,me,r9
dataset/r9/me/003.wav,me,r9
dataset/r9/mi/001.wav,mi,r9
dataset/r9/mi/002.wav,mi,r9
dataset/r9/mi/003.wav,mi,r9
dataset/r9/mo/001.wav,mo,r9
dataset/r9/mo/002.wav,mo,r9
dataset/r9/mo/003.wav,mo,r9
dataset/r9/mu/001.wav,mu,r9
dataset/r9/mu/003.wav,mu,r9
dataset/r9/mya/001.wav,mya,r9
dataset/r9/mya/002.wav,mya,r9
dataset/r9/mya/003.wav,mya,r9
dataset/r9/myo/001.wav,myo,r9
dataset/r9/myo/002.wav,myo,r9
dataset/r9/myo/003.wav,myo,r9
dataset/r9/myu/001.wav,myu,r9
dataset/r9/myu/002.wav,myu,r9
dataset/r9/n/001.wav,n,r9
dataset/r9/n/002.wav,n,r9
dataset/r9/na/001.wav,na,r9
dataset/r9/na/002.wav,na,r9
dataset/r9/na/003.wav,na,r9
dataset/r9/ne/001.wav,ne,r9
dataset/r9/ne/002.wav,ne,r9
dataset/r9/ne/003.wav,ne,r9
dataset/r9/ni/001.wav,ni,r9
dataset/r9/ni/002.wav,ni,r9
dataset/r9/ni/003.wav,ni,r9
dataset/r9/no/001.wav,no,r9
dataset/r9/no/002.wav,no,r9
dataset/r9/no/003.wav,no,r9
dataset/r9/nu/001.wav,nu,r9
dataset/r9/nu/002.wav,nu,r9
dataset/r9/nu/003.wav,nu,r9
dataset/r9/nya/001.wav,nya,r9
dataset/r9/nya/002.wav,nya,r9
dataset/r9/nya/003.wav,nya,r9
dataset/r9/nyo/001.wav,nyo,r9
dataset/r9/nyo/002.wav,nyo,r9
dataset/r9/nyo/003.wav,nyo,r9
dataset/r9/nyu/001.wav,nyu,r9
dataset/r9/nyu/002.wav,nyu,r9
dataset/r9/nyu/003.wav,nyu,r9
dataset/r9/o/001.wav,o,r9
dataset/r9/o/002.wav,o,r9
dataset/r9/o/003.wav,o,r9
dataset/r9/pe/001.wav,pe,r9
dataset/r9/pe/002.wav,e,r9
dataset/r9/pe/003.wav,pe,r9
dataset/r9/pi/001.wav,pi,r9
dataset/r9/pi/002.wav,ri,r9
dataset/r9/pi/003.wav,pi,r9
dataset/r9/po/003.wav,po,r9
dataset/r9/pu/001.wav,pu,r9
dataset/r9/pu/002.wav,pu,r9
dataset/r9/pya/001.wav,pya,r9
dataset/r9/pya/002.wav,pya,r9
dataset/r9/pyo/001.wav,pyo,r9
dataset/r9/pyo/002.wav,pyo,r9
dataset/r9/pyo/003.wav,pyo,r9
dataset/r9/pyu/001.wav,pyu,r9
dataset/r9/pyu/002.wav,pyu,r9
dataset/r9/pyu/003.wav,pyu,r9
dataset/r9/ra/001.wav,ra,r9
dataset/r9/ra/002.wav,ra,r9
dataset/r9/ra/003.wav,ra,r9
dataset/r9/re/001.wav,re,r9
dataset/r9/re/002.wav,re,r9
dataset/r9/re/003.wav,re,r9
dataset/r9/ri/002.wav,ri,r9
dataset/r9/ri/003.wav,ri,r9
dataset/r9/ro/001.wav,ro,r9
dataset/r9/ro/003.wav,ro,r9
dataset/r9/ru/001.wav,ru,r9
dataset/r9/ru/002.wav,ru,r9
dataset/r9/ru/003.wav,ru,r9
dataset/r9/rya/001.wav,rya,r9
dataset/r9/rya/002.wav,rya,r9
dataset/r9/rya/003.wav,rya,r9
dataset/r9/ryo/001.wav,ryo,r9
dataset/r9/ryo/002.wav,ryo,r9
dataset/r9/ryo/003.wav,ryo,r9
dataset/r9/ryu/001.wav,ryu,r9
dataset/r9/ryu/002.wav,ryu,r9
dataset/r9/ryu/003.wav,ryu,r9
dataset/r9/sa/001.wav,a,r9
dataset/r9/sa/002.wav,sa,r9
dataset/r9/sa/003.wav,sa,r9
dataset/r9/se/001.wav,se,r9
dataset/r9/se/002.wav,se,r9
dataset/r9/se/003.wav,se,r9
dataset/r9/sha/001.wav,sha,r9
dataset/r9/sha/002.wav,sha,r9
dataset/r9/sha/003.wav,sha,r9
dataset/r9/shi/001.wav,shi,r9
dataset/r9/shi/002.wav,shi,r9
dataset/r9/shi/003.wav,shi,r9
dataset/r9/sho/001.wav,sho,r9
dataset/r9/sho/002.wav,sho,r9
dataset/r9/sho/003.wav,sho,r9
dataset/r9/shu/001.wav,shu,r9
dataset/r9/shu/002.wav,shu,r9
dataset/r9/shu/003.wav,shu,r9
dataset/r9/so/001.wav,so,r9
dataset/r9/so/002.wav,so,r9
dataset/r9/so/003.wav,so,r9
dataset/r9/su/001.wav,su,r9
dataset/r9/su/002.wav,su,r9
dataset/r9/su/003.wav,su,r9
dataset/r9/ta/001.wav,ta,r9
dataset/r9/ta/002.wav,ta,r9
dataset/r9/ta/003.wav,ta,r9
dataset/r9/te/001.wav,te,r9
dataset/r9/te/002.wav,te,r9
dataset/r9/te/003.wav,te,r9
dataset/r9/to/001.wav,o,r9
dataset/r9/to/002.wav,to,r9
dataset/r9/to/003.wav,to,r9
dataset/r9/tsu/002.wav,tsu,r9
dataset/r9/tsu/003.wav,tsu,r9
dataset/r9/u/001.wav,u,r9
dataset/r9/u/002.wav,u,r9
dataset/r9/u/003.wav,u,r9
dataset/r9/wa/001.wav,wa,r9
dataset/r9/wa/002.wav,wa,r9
dataset/r9/wa/003.wav,wa,r9
dataset/r9/wo/001.wav,wo,r9
dataset/r9/wo/002.wav,wo,r9
dataset/r9/wo/003.wav,wo,r9
dataset/r9/ya/001.wav,ya,r9
dataset/r9/ya/002.wav,ya,r9
dataset/r9/ya/003.wav,ya,r9
dataset/r9/yo/001.wav,yo,r9
dataset/r9/yo/002.wav,yo,r9
dataset/r9/yo/003.wav,yo,r9
dataset/r9/yu/001.wav,yu,r9
dataset/r9/yu/002.wav,yu,r9
dataset/r9/yu/003.wav,yu,r9
dataset/r9/za/001.wav,za,r9
dataset/r9/za/002.wav,za,r9
dataset/r9/za/003.wav,za,r9
dataset/r9/ze/001.wav,ze,r9
dataset/r9/ze/002.wav,ze,r9
dataset/r9/ze/003.wav,ze,r9
dataset/r9/zo/001.wav,zo,r9
dataset/r9/zo/002.wav,zo,r9
dataset/r9/zo/003.wav,zo,r9
dataset/r9/zu/002.wav,zu,r9
dataset/r9/zu/003.wav,zu,r9
dataset/rikuto/a/001.wav,a,rikuto
dataset/rikuto/a/002.wav,a,rikuto
dataset/rikuto/a/003.wav,a,rikuto
dataset/rikuto/a/004.wav,a,rikuto
dataset/rikuto/a/005.wav,a,rikuto
dataset/rikuto/a/006.wav,a,rikuto
dataset/rikuto/a/007.wav,a,rikuto
dataset/rikuto/a/008.wav,a,rikuto
dataset/rikuto/a/009.wav,a,rikuto
dataset/rikuto/a/010.wav,a,rikuto
dataset/rikuto/e/001.wav,e,rikuto
dataset/rikuto/e/002.wav,e,rikuto
dataset/rikuto/e/003.wav,e,rikuto
dataset/rikuto/e/004.wav,e,rikuto
dataset/rikuto/e/005.wav,e,rikuto
dataset/rikuto/e/006.wav,e,rikuto
dataset/rikuto/e/007.wav,e,rikuto
dataset/rikuto/e/008.wav,e,rikuto
dataset/rikuto/e/009.wav,e,rikuto
dataset/rikuto/e/010.wav,e,rikuto
dataset/rikuto/i/001.wav,i,rikuto
dataset/rikuto/i/002.wav,i,rikuto
dataset/rikuto/i/003.wav,i,rikuto
dataset/rikuto/i/004.wav,i,rikuto
dataset/rikuto/i/005.wav,i,rikuto
dataset/rikuto/i/006.wav,i,rikuto
dataset/rikuto/i/007.wav,i,rikuto
dataset/rikuto/i/008.wav,i,rikuto
dataset/rikuto/i/009.wav,i,rikuto
dataset/rikuto/i/010.wav,i,rikuto
dataset/rikuto/o/001.wav,o,rikuto
dataset/rikuto/o/002.wav,o,rikuto
dataset/rikuto/o/003.wav,o,rikuto
dataset/rikuto/o/004.wav,o,rikuto
dataset/rikuto/o/005.wav,o,rikuto
dataset/rikuto/o/006.wav,o,rikuto
dataset/rikuto/o/007.wav,o,rikuto
dataset/rikuto/o/008.wav,o,rikuto
dataset/rikuto/o/009.wav,o,rikuto
dataset/rikuto/o/010.wav,o,rikuto
dataset/rikuto/u/001.wav,u,rikuto
dataset/rikuto/u/002.wav,u,rikuto
dataset/rikuto/u/003.wav,u,rikuto
dataset/rikuto/u/004.wav,u,rikuto
dataset/rikuto/u/005.wav,u,rikuto
dataset/rikuto/u/006.wav,u,rikuto
dataset/rikuto/u/007.wav,u,rikuto
dataset/rikuto/u/008.wav,u,rikuto
dataset/rikuto/u/009.wav,u,rikuto
dataset/rikuto/u/010.wav,u,rikuto
dataset/rikutomike/a/001.wav,a,rikutomike
dataset/rikutomike/a/002.wav,a,rikutomike
dataset/rikutomike/a/003.wav,a,rikutomike
dataset/rikutomike/a/004.wav,a,rikutomike
dataset/rikutomike/a/005.wav,a,rikutomike
dataset/rikutomike/a/006.wav,a,rikutomike
dataset/rikutomike/a/007.wav,a,rikutomike
dataset/rikutomike/a/008.wav,a,rikutomike
dataset/rikutomike/a/009.wav,a,rikutomike
dataset/rikutomike/a/010.wav,a,rikutomike
dataset/rikutomike/ba/001.wav,ba,rikutomike
dataset/rikutomike/ba/002.wav,ba,rikutomike
dataset/rikutomike/ba/003.wav,ba,rikutomike
dataset/rikutomike/ba/004.wav,ba,rikutomike
dataset/rikutomike/ba/005.wav,ba,rikutomike
dataset/rikutomike/ba/006.wav,ba,rikutomike
dataset/rikutomike/ba/007.wav,ba,rikutomike
dataset/rikutomike/ba/008.wav,ba,rikutomike
dataset/rikutomike/ba/009.wav,ba,rikutomike
dataset/rikutomike/ba/010.wav,ba,rikutomike
dataset/rikutomike/be/001.wav,be,rikutomike
dataset/rikutomike/be/002.wav,be,rikutomike
dataset/rikutomike/be/003.wav,be,rikutomike
dataset/rikutomike/be/004.wav,be,rikutomike
dataset/rikutomike/be/005.wav,be,rikutomike
dataset/rikutomike/be/006.wav,be,rikutomike
dataset/rikutomike/be/007.wav,be,rikutomike
dataset/rikutomike/be/008.wav,be,rikutomike
dataset/rikutomike/be/009.wav,be,rikutomike
dataset/rikutomike/be/010.wav,be,rikutomike
dataset/rikutomike/bi/001.wav,bi,rikutomike
dataset/rikutomike/bi/002.wav,bi,rikutomike
dataset/rikutomike/bi/003.wav,bi,rikutomike
dataset/rikutomike/bi/004.wav,bi,rikutomike
dataset/rikutomike/bi/005.wav,bi,rikutomike
dataset/rikutomike/bi/006.wav,bi,rikutomike
dataset/rikutomike/bi/007.wav,bi,rikutomike
dataset/rikutomike/bi/008.wav,bi,rikutomike
dataset/rikutomike/bi/009.wav,bi,rikutomike
dataset/rikutomike/bo/001.wav,bo,rikutomike
dataset/rikutomike/bo/002.wav,bo,rikutomike
dataset/rikutomike/bo/003.wav,bo,rikutomike
dataset/rikutomike/bo/004.wav,bo,rikutomike
dataset/rikutomike/bo/005.wav,bo,rikutomike
dataset/rikutomike/bo/006.wav,bo,rikutomike
dataset/rikutomike/bo/007.wav,bo,rikutomike
dataset/rikutomike/bo/008.wav,bo,rikutomike
dataset/rikutomike/bo/009.wav,bo,rikutomike
dataset/rikutomike/bo/010.wav,bo,rikutomike
dataset/rikutomike/bu/001.wav,bu,rikutomike
dataset/rikutomike/bu/002.wav,bu,rikutomike
dataset/rikutomike/bu/003.wav,bu,rikutomike
dataset/rikutomike/bu/004.wav,bu,rikutomike
dataset/rikutomike/bu/005.wav,bu,rikutomike
dataset/rikutomike/bu/006.wav,bu,rikutomike
dataset/rikutomike/bu/007.wav,bu,rikutomike
dataset/rikutomike/bu/008.wav,bu,rikutomike
dataset/rikutomike/bu/009.wav,bu,rikutomike
dataset/rikutomike/bu/010.wav,bu,rikutomike
dataset/rikutomike/bya/001.wav,bya,rikutomike
dataset/rikutomike/bya/002.wav,bya,rikutomike
dataset/rikutomike/bya/003.wav,bya,rikutomike
dataset/rikutomike/bya/004.wav,bya,rikutomike
dataset/rikutomike/bya/005.wav,bya,rikutomike
dataset/rikutomike/bya/006.wav,bya,rikutomike
dataset/rikutomike/bya/007.wav,bya,rikutomike
dataset/rikutomike/bya/008.wav,bya,rikutomike
dataset/rikutomike/bya/009.wav,bya,rikutomike
dataset/rikutomike/bya/010.wav,bya,rikutomike
dataset/rikutomike/byo/001.wav,byo,rikutomike
dataset/rikutomike/byo/002.wav,byo,rikutomike
dataset/rikutomike/byo/003.wav,byo,rikutomike
dataset/rikutomike/byo/004.wav,byo,rikutomike
dataset/rikutomike/byo/005.wav,byo,rikutomike
dataset/rikutomike/byo/006.wav,byo,rikutomike
dataset/rikutomike/byo/007.wav,byo,rikutomike
dataset/rikutomike/byo/008.wav,byo,rikutomike
dataset/rikutomike/byo/009.wav,byo,rikutomike
dataset/rikutomike/byo/010.wav,byo,rikutomike
dataset/rikutomike/byu/001.wav,byu,rikutomike
dataset/rikutomike/byu/002.wav,byu,rikutomike
dataset/rikutomike/byu/003.wav,byu,rikutomike
dataset/rikutomike/byu/004.wav,byu,rikutomike
dataset/rikutomike/byu/005.wav,byu,rikutomike
dataset/rikutomike/byu/006.wav,byu,rikutomike
dataset/rikutomike/byu/007.wav,byu,rikutomike
dataset/rikutomike/byu/008.wav,byu,rikutomike
dataset/rikutomike/byu/009.wav,byu,rikutomike
dataset/rikutomike/byu/010.wav,byu,rikutomike
dataset/rikutomike/cha/001.wav,cha,rikutomike
dataset/rikutomike/cha/002.wav,cha,rikutomike
dataset/rikutomike/cha/003.wav,cha,rikutomike
dataset/rikutomike/cha/004.wav,cha,rikutomike
dataset/rikutomike/cha/005.wav,cha,rikutomike
dataset/rikutomike/cha/006.wav,cha,rikutomike
dataset/rikutomike/cha/007.wav,cha,rikutomike
dataset/rikutomike/cha/008.wav,cha,rikutomike
dataset/rikutomike/cha/009.wav,cha,rikutomike
dataset/rikutomike/cha/010.wav,cha,rikutomike
dataset/rikutomike/chi/001.wav,chi,rikutomike
dataset/rikutomike/chi/002.wav,chi,rikutomike
dataset/rikutomike/chi/003.wav,chi,rikutomike
dataset/rikutomike/chi/004.wav,chi,rikutomike
dataset/rikutomike/chi/005.wav,chi,rikutomike
dataset/rikutomike/chi/006.wav,chi,rikutomike
dataset/rikutomike/chi/007.wav,chi,rikutomike
dataset/rikutomike/chi/008.wav,chi,rikutomike
dataset/rikutomike/chi/009.wav,chi,rikutomike
dataset/rikutomike/chi/010.wav,chi,rikutomike
dataset/rikutomike/cho/001.wav,cho,rikutomike
dataset/rikutomike/cho/002.wav,cho,rikutomike
dataset/rikutomike/cho/003.wav,cho,rikutomike
dataset/rikutomike/cho/004.wav,cho,rikutomike
dataset/rikutomike/cho/005.wav,cho,rikutomike
dataset/rikutomike/cho/006.wav,cho,rikutomike
dataset/rikutomike/cho/007.wav,cho,rikutomike
dataset/rikutomike/cho/009.wav,cho,rikutomike
dataset/rikutomike/cho/010.wav,cho,rikutomike
dataset/rikutomike/chu/001.wav,chu,rikutomike
dataset/rikutomike/chu/002.wav,chu,rikutomike
dataset/rikutomike/chu/003.wav,chu,rikutomike
dataset/rikutomike/chu/004.wav,chu,rikutomike
dataset/rikutomike/chu/005.wav,chu,rikutomike
dataset/rikutomike/chu/006.wav,chu,rikutomike
dataset/rikutomike/chu/007.wav,chu,rikutomike
dataset/rikutomike/chu/008.wav,chu,rikutomike
dataset/rikutomike/chu/009.wav,chu,rikutomike
dataset/rikutomike/chu/010.wav,chu,rikutomike
dataset/rikutomike/da/001.wav,da,rikutomike
dataset/rikutomike/da/002.wav,da,rikutomike
dataset/rikutomike/da/003.wav,da,rikutomike
dataset/rikutomike/da/004.wav,da,rikutomike
dataset/rikutomike/da/005.wav,da,rikutomike
dataset/rikutomike/da/006.wav,da,rikutomike
dataset/rikutomike/da/007.wav,da,rikutomike
dataset/rikutomike/da/008.wav,da,rikutomike
dataset/rikutomike/da/009.wav,da,rikutomike
dataset/rikutomike/da/010.wav,da,rikutomike
dataset/rikutomike/de/001.wav,de,rikutomike
dataset/rikutomike/de/002.wav,de,rikutomike
dataset/rikutomike/de/003.wav,de,rikutomike
dataset/rikutomike/de/004.wav,de,rikutomike
dataset/rikutomike/de/005.wav,de,rikutomike
dataset/rikutomike/de/006.wav,de,rikutomike
dataset/rikutomike/de/007.wav,de,rikutomike
dataset/rikutomike/de/008.wav,de,rikutomike
dataset/rikutomike/de/009.wav,de,rikutomike
dataset/rikutomike/de/010.wav,de,rikutomike
dataset/rikutomike/di/001.wav,di,rikutomike
dataset/rikutomike/di/002.wav,di,rikutomike
dataset/rikutomike/di/003.wav,di,rikutomike
dataset/rikutomike/di/004.wav,di,rikutomike
dataset/rikutomike/di/005.wav,di,rikutomike
dataset/rikutomike/di/006.wav,di,rikutomike
dataset/rikutomike/di/007.wav,di,rikutomike
dataset/rikutomike/di/008.wav,di,rikutomike
dataset/rikutomike/di/009.wav,di,rikutomike
dataset/rikutomike/di/010.wav,di,rikutomike
dataset/rikutomike/do/002.wav,do,rikutomike
dataset/rikutomike/do/003.wav,do,rikutomike
dataset/rikutomike/do/004.wav,do,rikutomike
dataset/rikutomike/do/005.wav,do,rikutomike
dataset/rikutomike/do/006.wav,do,rikutomike
dataset/rikutomike/do/007.wav,do,rikutomike
dataset/rikutomike/do/008.wav,do,rikutomike
dataset/rikutomike/do/009.wav,do,rikutomike
dataset/rikutomike/do/010.wav,do,rikutomike
dataset/rikutomike/du/001.wav,du,rikutomike
dataset/rikutomike/du/002.wav,du,rikutomike
dataset/rikutomike/du/003.wav,du,rikutomike
dataset/rikutomike/du/004.wav,du,rikutomike
dataset/rikutomike/du/005.wav,du,rikutomike
dataset/rikutomike/du/006.wav,du,rikutomike
dataset/rikutomike/du/007.wav,du,rikutomike
dataset/rikutomike/du/008.wav,du,rikutomike
dataset/rikutomike/du/009.wav,du,rikutomike
dataset/rikutomike/du/010.wav,du,rikutomike
dataset/rikutomike/e/001.wav,e,rikutomike
dataset/rikutomike/e/002.wav,e,rikutomike
dataset/rikutomike/e/003.wav,e,rikutomike
dataset/rikutomike/e/004.wav,e,rikutomike
dataset/rikutomike/e/005.wav,e,rikutomike
dataset/rikutomike/e/006.wav,e,rikutomike
dataset/rikutomike/e/007.wav,e,rikutomike
dataset/rikutomike/e/008.wav,e,rikutomike
dataset/rikutomike/e/009.wav,e,rikutomike
dataset/rikutomike/e/010.wav,e,rikutomike
dataset/rikutomike/fu/001.wav,fu,rikutomike
dataset/rikutomike/fu/002.wav,fu,rikutomike
dataset/rikutomike/fu/003.wav,fu,rikutomike
dataset/rikutomike/fu/004.wav,fu,rikutomike
dataset/rikutomike/fu/005.wav,fu,rikutomike
dataset/rikutomike/fu/006.wav,fu,rikutomike
dataset/rikutomike/fu/007.wav,fu,rikutomike
dataset/rikutomike/fu/008.wav,fu,rikutomike
dataset/rikutomike/fu/009.wav,fu,rikutomike
dataset/rikutomike/fu/010.wav,fu,rikutomike
dataset/rikutomike/ga/001.wav,ga,rikutomike
dataset/rikutomike/ga/002.wav,ga,rikutomike
dataset/rikutomike/ga/003.wav,ga,rikutomike
dataset/rikutomike/ga/004.wav,ga,rikutomike
dataset/rikutomike/ga/005.wav,ga,rikutomike
dataset/rikutomike/ga/006.wav,ga,rikutomike
dataset/rikutomike/ga/007.wav,ga,rikutomike
dataset/rikutomike/ga/008.wav,ga,rikutomike
dataset/rikutomike/ga/009.wav,ga,rikutomike
dataset/rikutomike/ga/010.wav,ga,rikutomike
dataset/rikutomike/ge/001.wav,ge,rikutomike
dataset/rikutomike/ge/002.wav,ge,rikutomike
dataset/rikutomike/ge/003.wav,ge,rikutomike
dataset/rikutomike/ge/004.wav,ge,rikutomike
dataset/rikutomike/ge/005.wav,ge,rikutomike
dataset/rikutomike/ge/006.wav,ge,rikutomike
dataset/rikutomike/ge/007.wav,ge,rikutomike
dataset/rikutomike/ge/008.wav,ge,rikutomike
dataset/rikutomike/ge/009.wav,ge,rikutomike
dataset/rikutomike/ge/010.wav,ge,rikutomike
dataset/rikutomike/gi/001.wav,gi,rikutomike
dataset/rikutomike/gi/002.wav,gi,rikutomike
dataset/rikutomike/gi/003.wav,gi,rikutomike
dataset/rikutomike/gi/004.wav,gi,rikutomike
dataset/rikutomike/gi/005.wav,gi,rikutomike
dataset/rikutomike/gi/006.wav,gi,rikutomike
dataset/rikutomike/gi/007.wav,gi,rikutomike
dataset/rikutomike/gi/008.wav,gi,rikutomike
dataset/rikutomike/gi/009.wav,gi,rikutomike
dataset/rikutomike/gi/010.wav,gi,rikutomike
dataset/rikutomike/go/001.wav,go,rikutomike
dataset/rikutomike/go/002.wav,go,rikutomike
dataset/rikutomike/go/003.wav,go,rikutomike
dataset/rikutomike/go/004.wav,go,rikutomike
dataset/rikutomike/go/005.wav,go,rikutomike
dataset/rikutomike/go/006.wav,go,rikutomike
dataset/rikutomike/go/009.wav,go,rikutomike
dataset/rikutomike/go/010.wav,go,rikutomike
dataset/rikutomike/gu/001.wav,gu,rikutomike
dataset/rikutomike/gu/002.wav,gu,rikutomike
dataset/rikutomike/gu/003.wav,gu,rikutomike
dataset/rikutomike/gu/004.wav,gu,rikutomike
dataset/rikutomike/gu/006.wav,gu,rikutomike
dataset/rikutomike/gu/007.wav,gu,rikutomike
dataset/rikutomike/gu/008.wav,gu,rikutomike
dataset/rikutomike/gu/009.wav,gu,rikutomike
dataset/rikutomike/gu/010.wav,gu,rikutomike
dataset/rikutomike/gya/001.wav,gya,rikutomike
dataset/rikutomike/gya/002.wav,gya,rikutomike
dataset/rikutomike/gya/003.wav,gya,rikutomike
dataset/rikutomike/gya/004.wav,gya,rikutomike
dataset/rikutomike/gya/005.wav,gya,rikutomike
dataset/rikutomike/gya/006.wav,gya,rikutomike
dataset/rikutomike/gya/007.wav,gya,rikutomike
dataset/rikutomike/gya/008.wav,gya,rikutomike
dataset/rikutomike/gya/009.wav,gya,rikutomike
dataset/rikutomike/gya/010.wav,gya,rikutomike
dataset/rikutomike/gyo/001.wav,gyo,rikutomike
dataset/rikutomike/gyo/002.wav,gyo,rikutomike
dataset/rikutomike/gyo/003.wav,gyo,rikutomike
dataset/rikutomike/gyo/004.wav,gyo,rikutomike
dataset/rikutomike/gyo/005.wav,gyo,rikutomike
dataset/rikutomike/gyo/006.wav,gyo,rikutomike
dataset/rikutomike/gyo/007.wav,gyo,rikutomike
dataset/rikutomike/gyo/008.wav,gyo,rikutomike
dataset/rikutomike/gyo/009.wav,gyo,rikutomike
dataset/rikutomike/gyo/010.wav,gyo,rikutomike
dataset/rikutomike/gyu/001.wav,gyu,rikutomike
dataset/rikutomike/gyu/002.wav,gyu,rikutomike
dataset/rikutomike/gyu/003.wav,gyu,rikutomike
dataset/rikutomike/gyu/004.wav,gyu,rikutomike
dataset/rikutomike/gyu/005.wav,gyu,rikutomike
dataset/rikutomike/gyu/006.wav,gyu,rikutomike
dataset/rikutomike/gyu/007.wav,gyu,rikutomike
dataset/rikutomike/gyu/008.wav,gyu,rikutomike
dataset/rikutomike/gyu/009.wav,gyu,rikutomike
dataset/rikutomike/gyu/010.wav,gyu,rikutomike
dataset/rikutomike/ha/001.wav,ha,rikutomike
dataset/rikutomike/ha/002.wav,ha,rikutomike
dataset/rikutomike/ha/003.wav,ha,rikutomike
dataset/rikutomike/ha/004.wav,ha,rikutomike
dataset/rikutomike/ha/005.wav,ha,rikutomike
dataset/rikutomike/ha/006.wav,ha,rikutomike
dataset/rikutomike/ha/007.wav,ha,rikutomike
dataset/rikutomike/ha/008.wav,ha,rikutomike
dataset/rikutomike/ha/009.wav,ha,rikutomike
dataset/rikutomike/ha/010.wav,ha,rikutomike
dataset/rikutomike/he/001.wav,he,rikutomike
dataset/rikutomike/he/002.wav,he,rikutomike
dataset/rikutomike/he/003.wav,he,rikutomike
dataset/rikutomike/he/004.wav,he,rikutomike
dataset/rikutomike/he/005.wav,he,rikutomike
dataset/rikutomike/he/006.wav,he,rikutomike
dataset/rikutomike/he/007.wav,he,rikutomike
dataset/rikutomike/he/008.wav,he,rikutomike
dataset/rikutomike/he/009.wav,he,rikutomike
dataset/rikutomike/he/010.wav,he,rikutomike
dataset/rikutomike/hi/001.wav,hi,rikutomike
dataset/rikutomike/hi/002.wav,hi,rikutomike
dataset/rikutomike/hi/003.wav,hi,rikutomike
dataset/rikutomike/hi/004.wav,hi,rikutomike
dataset/rikutomike/hi/005.wav,hi,rikutomike
dataset/rikutomike/hi/006.wav,hi,rikutomike
dataset/rikutomike/hi/007.wav,hi,rikutomike
dataset/rikutomike/hi/008.wav,hi,rikutomike
dataset/rikutomike/hi/009.wav,hi,rikutomike
dataset/rikutomike/hi/010.wav,hi,rikutomike
dataset/rikutomike/ho/001.wav,ho,rikutomike
dataset/rikutomike/ho/002.wav,ho,rikutomike
dataset/rikutomike/ho/003.wav,ho,rikutomike
dataset/rikutomike/ho/004.wav,ho,rikutomike
dataset/rikutomike/ho/005.wav,ho,rikutomike
dataset/rikutomike/ho/006.wav,ho,rikutomike
dataset/rikutomike/ho/007.wav,ho,rikutomike
dataset/rikutomike/ho/008.wav,ho,rikutomike
dataset/rikutomike/ho/009.wav,ho,rikutomike
dataset/rikutomike/ho/010.wav,ho,rikutomike
dataset/rikutomike/hya/001.wav,hya,rikutomike
dataset/rikutomike/hya/002.wav,hya,rikutomike
dataset/rikutomike/hya/003.wav,hya,rikutomike
dataset/rikutomike/hya/004.wav,hya,rikutomike
dataset/rikutomike/hya/005.wav,hya,rikutomike
dataset/rikutomike/hya/006.wav,hya,rikutomike
dataset/rikutomike/hya/007.wav,hya,rikutomike
dataset/rikutomike/hya/008.wav,hya,rikutomike
dataset/rikutomike/hya/009.wav,hya,rikutomike
dataset/rikutomike/hya/010.wav,hya,rikutomike
dataset/rikutomike/hyo/001.wav,hyo,rikutomike
dataset/rikutomike/hyo/002.wav,hyo,rikutomike
dataset/rikutomike/hyo/003.wav,hyo,rikutomike
dataset/rikutomike/hyo/004.wav,hyo,rikutomike
dataset/rikutomike/hyo/005.wav,hyo,rikutomike
dataset/rikutomike/hyo/006.wav,hyo,rikutomike
dataset/rikutomike/hyo/007.wav,hyo,rikutomike
dataset/rikutomike/hyo/008.wav,hyo,rikutomike
dataset/rikutomike/hyo/009.wav,hyo,rikutomike
dataset/rikutomike/hyo/010.wav,hyo,rikutomike
dataset/rikutomike/hyu/001.wav,hyu,rikutomike
dataset/rikutomike/hyu/002.wav,hyu,rikutomike
dataset/rikutomike/hyu/003.wav,hyu,rikutomike
dataset/rikutomike/hyu/004.wav,hyu,rikutomike
dataset/rikutomike/hyu/005.wav,hyu,rikutomike
dataset/rikutomike/hyu/006.wav,hyu,rikutomike
dataset/rikutomike/hyu/007.wav,hyu,rikutomike
dataset/rikutomike/hyu/008.wav,hyu,rikutomike
dataset/rikutomike/hyu/009.wav,hyu,rikutomike
dataset/rikutomike/hyu/010.wav,hyu,rikutomike
dataset/rikutomike/i/001.wav,i,rikutomike
dataset/rikutomike/i/002.wav,i,rikutomike
dataset/rikutomike/i/003.wav,i,rikutomike
dataset/rikutomike/i/004.wav,i,rikutomike
dataset/rikutomike/i/005.wav,i,rikutomike
dataset/rikutomike/i/006.wav,i,rikutomike
dataset/rikutomike/i/007.wav,i,rikutomike
dataset/rikutomike/i/008.wav,i,rikutomike
dataset/rikutomike/i/009.wav,i,rikutomike
dataset/rikutomike/i/010.wav,i,rikutomike
dataset/rikutomike/ja/001.wav,ja,rikutomike
dataset/rikutomike/ja/002.wav,ja,rikutomike
dataset/rikutomike/ja/003.wav,ja,rikutomike
dataset/rikutomike/ja/004.wav,ja,rikutomike
dataset/rikutomike/ja/005.wav,ja,rikutomike
dataset/rikutomike/ja/006.wav,ja,rikutomike
dataset/rikutomike/ja/007.wav,ja,rikutomike
dataset/rikutomike/ja/008.wav,ja,rikutomike
dataset/rikutomike/ja/009.wav,ja,rikutomike
dataset/rikutomike/ja/010.wav,ja,rikutomike
dataset/rikutomike/ji/002.wav,ji,rikutomike
dataset/rikutomike/ji/003.wav,ji,rikutomike
dataset/rikutomike/ji/004.wav,ji,rikutomike
dataset/rikutomike/ji/005.wav,ji,rikutomike
dataset/rikutomike/ji/006.wav,ji,rikutomike
dataset/rikutomike/ji/007.wav,ji,rikutomike
dataset/rikutomike/ji/008.wav,ji,rikutomike
dataset/rikutomike/ji/009.wav,ji,rikutomike
dataset/rikutomike/ji/010.wav,ji,rikutomike
dataset/rikutomike/jo/001.wav,jo,rikutomike
dataset/rikutomike/jo/002.wav,jo,rikutomike
dataset/rikutomike/jo/003.wav,jo,rikutomike
dataset/rikutomike/jo/004.wav,jo,rikutomike
dataset/rikutomike/jo/005.wav,jo,rikutomike
dataset/rikutomike/jo/006.wav,jo,rikutomike
dataset/rikutomike/jo/007.wav,jo,rikutomike
dataset/rikutomike/jo/008.wav,jo,rikutomike
dataset/rikutomike/jo/009.wav,jo,rikutomike
dataset/rikutomike/jo/010.wav,jo,rikutomike
dataset/rikutomike/ju/001.wav,ju,rikutomike
dataset/rikutomike/ju/002.wav,ju,rikutomike
dataset/rikutomike/ju/003.wav,ju,rikutomike
dataset/rikutomike/ju/004.wav,ju,rikutomike
dataset/rikutomike/ju/005.wav,ju,rikutomike
dataset/rikutomike/ju/006.wav,ju,rikutomike
dataset/rikutomike/ju/007.wav,ju,rikutomike
dataset/rikutomike/ju/008.wav,ju,rikutomike
dataset/rikutomike/ju/009.wav,ju,rikutomike
dataset/rikutomike/ju/010.wav,ju,rikutomike
dataset/rikutomike/ka/001.wav,ka,rikutomike
dataset/rikutomike/ka/002.wav,ka,rikutomike
dataset/rikutomike/ka/003.wav,ka,rikutomike
dataset/rikutomike/ka/004.wav,ka,rikutomike
dataset/rikutomike/ka/005.wav,ka,rikutomike
dataset/rikutomike/ka/006.wav,ka,rikutomike
dataset/rikutomike/ka/007.wav,ka,rikutomike
dataset/rikutomike/ka/008.wav,ka,rikutomike
dataset/rikutomike/ka/009.wav,ka,rikutomike
dataset/rikutomike/ka/010.wav,ka,rikutomike
dataset/rikutomike/ke/001.wav,ke,rikutomike
dataset/rikutomike/ke/002.wav,ke,rikutomike
dataset/rikutomike/ke/003.wav,ke,rikutomike
dataset/rikutomike/ke/004.wav,ke,rikutomike
dataset/rikutomike/ke/005.wav,ke,rikutomike
dataset/rikutomike/ke/006.wav,ke,rikutomike
dataset/rikutomike/ke/007.wav,ke,rikutomike
dataset/rikutomike/ke/008.wav,ke,rikutomike
dataset/rikutomike/ke/009.wav,ke,rikutomike
dataset/rikutomike/ke/010.wav,ke,rikutomike
dataset/rikutomike/ki/001.wav,ki,rikutomike
dataset/rikutomike/ki/002.wav,ki,rikutomike
dataset/rikutomike/ki/003.wav,ki,rikutomike
dataset/rikutomike/ki/004.wav,ki,rikutomike
dataset/rikutomike/ki/005.wav,ki,rikutomike
dataset/rikutomike/ki/006.wav,ki,rikutomike
dataset/rikutomike/ki/007.wav,ki,rikutomike
dataset/rikutomike/ki/008.wav,ki,rikutomike
dataset/rikutomike/ki/009.wav,ki,rikutomike
dataset/rikutomike/ki/010.wav,ki,rikutomike
dataset/rikutomike/ko/001.wav,ko,rikutomike
dataset/rikutomike/ko/002.wav,ko,rikutomike
dataset/rikutomike/ko/003.wav,ko,rikutomike
dataset/rikutomike/ko/004.wav,ko,rikutomike
dataset/rikutomike/ko/005.wav,ko,rikutomike
dataset/rikutomike/ko/006.wav,ko,rikutomike
dataset/rikutomike/ko/007.wav,ko,rikutomike
dataset/rikutomike/ko/008.wav,ko,rikutomike
dataset/rikutomike/ko/009.wav,ko,rikutomike
dataset/rikutomike/ko/010.wav,ko,rikutomike
dataset/rikutomike/ku/001.wav,ku,rikutomike
dataset/rikutomike/ku/002.wav,ku,rikutomike
dataset/rikutomike/ku/003.wav,ku,rikutomike
dataset/rikutomike/ku/004.wav,ku,rikutomike
dataset/rikutomike/ku/005.wav,ku,rikutomike
dataset/rikutomike/ku/006.wav,ku,rikutomike
dataset/rikutomike/ku/007.wav,ku,rikutomike
dataset/rikutomike/ku/008.wav,ku,rikutomike
dataset/rikutomike/ku/009.wav,ku,rikutomike
dataset/rikutomike/ku/010.wav,ku,rikutomike
dataset/rikutomike/kya/001.wav,kya,rikutomike
dataset/rikutomike/kya/002.wav,kya,rikutomike
dataset/rikutomike/kya/003.wav,kya,rikutomike
dataset/rikutomike/kya/004.wav,kya,rikutomike
dataset/rikutomike/kya/005.wav,kya,rikutomike
dataset/rikutomike/kya/006.wav,kya,rikutomike
dataset/rikutomike/kya/007.wav,kya,rikutomike
dataset/rikutomike/kya/008.wav,kya,rikutomike
dataset/rikutomike/kya/009.wav,kya,rikutomike
dataset/rikutomike/kya/010.wav,kya,rikutomike
dataset/rikutomike/kyo/001.wav,kyo,rikutomike
dataset/rikutomike/kyo/002.wav,kyo,rikutomike
dataset/rikutomike/kyo/003.wav,kyo,rikutomike
dataset/rikutomike/kyo/004.wav,kyo,rikutomike
dataset/rikutomike/kyo/005.wav,kyo,rikutomike
dataset/rikutomike/kyo/006.wav,kyo,rikutomike
dataset/rikutomike/kyo/007.wav,kyo,rikutomike
dataset/rikutomike/kyo/008.wav,kyo,rikutomike
dataset/rikutomike/kyo/009.wav,kyo,rikutomike
dataset/rikutomike/kyo/010.wav,kyo,rikutomike
dataset/rikutomike/kyu/001.wav,kyu,rikutomike
dataset/rikutomike/kyu/002.wav,kyu,rikutomike
dataset/rikutomike/kyu/003.wav,kyu,rikutomike
dataset/rikutomike/kyu/004.wav,kyu,rikutomike
dataset/rikutomike/kyu/005.wav,kyu,rikutomike
dataset/rikutomike/kyu/006.wav,kyu,rikutomike
dataset/rikutomike/kyu/007.wav,kyu,rikutomike
dataset/rikutomike/kyu/008.wav,kyu,rikutomike
dataset/rikutomike/kyu/009.wav,kyu,rikutomike
dataset/rikutomike/kyu/010.wav,kyu,rikutomike
dataset/rikutomike/ma/001.wav,ma,rikutomike
dataset/rikutomike/ma/003.wav,ma,rikutomike
dataset/rikutomike/ma/004.wav,ma,rikutomike
dataset/rikutomike/ma/006.wav,ma,rikutomike
dataset/rikutomike/ma/007.wav,ma,rikutomike
dataset/rikutomike/ma/008.wav,ma,rikutomike
dataset/rikutomike/ma/009.wav,ma,rikutomike
dataset/rikutomike/ma/010.wav,ma,rikutomike
dataset/rikutomike/me/001.wav,me,rikutomike
dataset/rikutomike/me/002.wav,me,rikutomike
dataset/rikutomike/me/003.wav,me,rikutomike
dataset/rikutomike/me/004.wav,me,rikutomike
dataset/rikutomike/me/005.wav,me,rikutomike
dataset/rikutomike/me/006.wav,me,rikutomike
dataset/rikutomike/me/007.wav,me,rikutomike
dataset/rikutomike/me/008.wav,me,rikutomike
dataset/rikutomike/me/009.wav,me,rikutomike
dataset/rikutomike/me/010.wav,me,rikutomike
dataset/rikutomike/mi/001.wav,mi,rikutomike
dataset/rikutomike/mi/002.wav,mi,rikutomike
dataset/rikutomike/mi/003.wav,mi,rikutomike
dataset/rikutomike/mi/004.wav,mi,rikutomike
dataset/rikutomike/mi/005.wav,mi,rikutomike
dataset/rikutomike/mi/006.wav,mi,rikutomike
dataset/rikutomike/mi/007.wav,mi,rikutomike
dataset/rikutomike/mi/008.wav,mi,rikutomike
dataset/rikutomike/mi/009.wav,mi,rikutomike
dataset/rikutomike/mi/010.wav,mi,rikutomike
dataset/rikutomike/mo/001.wav,mo,rikutomike
dataset/rikutomike/mo/002.wav,mo,rikutomike
dataset/rikutomike/mo/003.wav,mo,rikutomike
dataset/rikutomike/mo/004.wav,mo,rikutomike
dataset/rikutomike/mo/005.wav,mo,rikutomike
dataset/rikutomike/mo/006.wav,mo,rikutomike
dataset/rikutomike/mo/007.wav,mo,rikutomike
dataset/rikutomike/mo/008.wav,mo,rikutomike
dataset/rikutomike/mo/009.wav,mo,rikutomike
dataset/rikutomike/mo/010.wav,mo,rikutomike
dataset/rikutomike/mu/001.wav,mu,rikutomike
dataset/rikutomike/mu/002.wav,mu,rikutomike
dataset/rikutomike/mu/003.wav,mu,rikutomike
dataset/rikutomike/mu/004.wav,mu,rikutomike
dataset/rikutomike/mu/005.wav,mu,rikutomike
dataset/rikutomike/mu/006.wav,mu,rikutomike
dataset/rikutomike/mu/007.wav,mu,rikutomike
dataset/rikutomike/mu/008.wav,mu,rikutomike
dataset/rikutomike/mu/009.wav,mu,rikutomike
dataset/rikutomike/mu/010.wav,mu,rikutomike
dataset/rikutomike/mya/001.wav,mya,rikutomike
dataset/rikutomike/mya/002.wav,mya,rikutomike
dataset/rikutomike/mya/003.wav,mya,rikutomike
dataset/rikutomike/mya/004.wav,mya,rikutomike
dataset/rikutomike/mya/005.wav,mya,rikutomike
dataset/rikutomike/mya/006.wav,mya,rikutomike
dataset/rikutomike/mya/007.wav,mya,rikutomike
dataset/rikutomike/mya/008.wav,mya,rikutomike
dataset/rikutomike/mya/009.wav,mya,rikutomike
dataset/rikutomike/mya/010.wav,mya,rikutomike
dataset/rikutomike/myo/001.wav,myo,rikutomike
dataset/rikutomike/myo/002.wav,myo,rikutomike
dataset/rikutomike/myo/003.wav,myo,rikutomike
dataset/rikutomike/myo/004.wav,myo,rikutomike
dataset/rikutomike/myo/005.wav,myo,rikutomike
dataset/rikutomike/myo/006.wav,myo,rikutomike
dataset/rikutomike/myo/007.wav,myo,rikutomike
dataset/rikutomike/myo/008.wav,myo,rikutomike
dataset/rikutomike/myo/009.wav,myo,rikutomike
dataset/rikutomike/myo/010.wav,myo,rikutomike
dataset/rikutomike/myu/001.wav,myu,rikutomike
dataset/rikutomike/myu/002.wav,myu,rikutomike
dataset/rikutomike/myu/003.wav,myu,rikutomike
dataset/rikutomike/myu/004.wav,myu,rikutomike
dataset/rikutomike/myu/005.wav,myu,rikutomike
dataset/rikutomike/myu/006.wav,myu,rikutomike
dataset/rikutomike/myu/007.wav,myu,rikutomike
dataset/rikutomike/myu/008.wav,myu,rikutomike
dataset/rikutomike/myu/009.wav,myu,rikutomike
dataset/rikutomike/myu/010.wav,myu,rikutomike
dataset/rikutomike/n/001.wav,n,rikutomike
dataset/rikutomike/n/002.wav,n,rikutomike
dataset/rikutomike/n/003.wav,n,rikutomike
dataset/rikutomike/n/004.wav,n,rikutomike
dataset/rikutomike/n/005.wav,n,rikutomike
dataset/rikutomike/n/006.wav,n,rikutomike
dataset/rikutomike/n/007.wav,n,rikutomike
dataset/rikutomike/n/008.wav,n,rikutomike
dataset/rikutomike/n/009.wav,n,rikutomike
dataset/rikutomike/n/010.wav,n,rikutomike
dataset/rikutomike/na/001.wav,na,rikutomike
dataset/rikutomike/na/002.wav,na,rikutomike
dataset/rikutomike/na/003.wav,na,rikutomike
dataset/rikutomike/na/004.wav,na,rikutomike
dataset/rikutomike/na/005.wav,na,rikutomike
dataset/rikutomike/na/006.wav,na,rikutomike
dataset/rikutomike/na/007.wav,na,rikutomike
dataset/rikutomike/na/008.wav,na,rikutomike
dataset/rikutomike/na/009.wav,na,rikutomike
dataset/rikutomike/na/010.wav,na,rikutomike
dataset/rikutomike/ne/001.wav,ne,rikutomike
dataset/rikutomike/ne/002.wav,ne,rikutomike
dataset/rikutomike/ne/003.wav,ne,rikutomike
dataset/rikutomike/ne/004.wav,ne,rikutomike
dataset/rikutomike/ne/005.wav,ne,rikutomike
dataset/rikutomike/ne/006.wav,ne,rikutomike
dataset/rikutomike/ne/007.wav,ne,rikutomike
dataset/rikutomike/ne/008.wav,ne,rikutomike
dataset/rikutomike/ne/009.wav,ne,rikutomike
dataset/rikutomike/ne/010.wav,ne,rikutomike
dataset/rikutomike/ni/001.wav,ni,rikutomike
dataset/rikutomike/ni/002.wav,ni,rikutomike
dataset/rikutomike/ni/003.wav,ni,rikutomike
dataset/rikutomike/ni/004.wav,ni,rikutomike
dataset/rikutomike/ni/005.wav,ni,rikutomike
dataset/rikutomike/ni/006.wav,ni,rikutomike
dataset/rikutomike/ni/007.wav,ni,rikutomike
dataset/rikutomike/ni/008.wav,ni,rikutomike
dataset/rikutomike/ni/009.wav,ni,rikutomike
dataset/rikutomike/ni/010.wav,ni,rikutomike
dataset/rikutomike/no/001.wav,no,rikutomike
dataset/rikutomike/no/002.wav,no,rikutomike
dataset/rikutomike/no/003.wav,no,rikutomike
dataset/rikutomike/no/004.wav,no,rikutomike
dataset/rikutomike/no/005.wav,no,rikutomike
dataset/rikutomike/no/007.wav,no,rikutomike
dataset/rikutomike/no/008.wav,no,rikutomike
dataset/rikutomike/no/009.wav,no,rikutomike
dataset/rikutomike/no/010.wav,no,rikutomike
dataset/rikutomike/nu/001.wav,nu,rikutomike
dataset/rikutomike/nu/002.wav,nu,rikutomike
dataset/rikutomike/nu/003.wav,nu,rikutomike
dataset/rikutomike/nu/004.wav,nu,rikutomike
dataset/rikutomike/nu/005.wav,nu,rikutomike
dataset/rikutomike/nu/006.wav,nu,rikutomike
dataset/rikutomike/nu/007.wav,nu,rikutomike
dataset/rikutomike/nu/008.wav,nu,rikutomike
dataset/rikutomike/nu/009.wav,nu,rikutomike
dataset/rikutomike/nu/010.wav,nu,rikutomike
dataset/rikutomike/nya/001.wav,nya,rikutomike
dataset/rikutomike/nya/002.wav,nya,rikutomike
dataset/rikutomike/nya/003.wav,nya,rikutomike
dataset/rikutomike/nya/004.wav,nya,rikutomike
dataset/rikutomike/nya/005.wav,nya,rikutomike
dataset/rikutomike/nya/006.wav,nya,rikutomike
dataset/rikutomike/nya/007.wav,nya,rikutomike
dataset/rikutomike/nya/008.wav,nya,rikutomike
dataset/rikutomike/nya/009.wav,nya,rikutomike
dataset/rikutomike/nya/010.wav,nya,rikutomike
dataset/rikutomike/nyo/001.wav,nyo,rikutomike
dataset/rikutomike/nyo/002.wav,nyo,rikutomike
dataset/rikutomike/nyo/003.wav,nyo,rikutomike
dataset/rikutomike/nyo/004.wav,nyo,rikutomike
dataset/rikutomike/nyo/005.wav,nyo,rikutomike
dataset/rikutomike/nyo/006.wav,nyo,rikutomike
dataset/rikutomike/nyo/007.wav,nyo,rikutomike
dataset/rikutomike/nyo/008.wav,nyo,rikutomike
dataset/rikutomike/nyo/009.wav,nyo,rikutomike
dataset/rikutomike/nyo/010.wav,nyo,rikutomike
dataset/rikutomike/nyu/001.wav,nyu,rikutomike
dataset/rikutomike/nyu/002.wav,nyu,rikutomike
dataset/rikutomike/nyu/003.wav,nyu,rikutomike
dataset/rikutomike/nyu/004.wav,nyu,rikutomike
dataset/rikutomike/nyu/005.wav,nyu,rikutomike
dataset/rikutomike/nyu/006.wav,nyu,rikutomike
dataset/rikutomike/nyu/007.wav,nyu,rikutomike
dataset/rikutomike/nyu/008.wav,nyu,rikutomike
dataset/rikutomike/nyu/009.wav,nyu,rikutomike
dataset/rikutomike/nyu/010.wav,nyu,rikutomike
dataset/rikutomike/o/001.wav,o,rikutomike
dataset/rikutomike/o/002.wav,o,rikutomike
dataset/rikutomike/o/003.wav,o,rikutomike
dataset/rikutomike/o/004.wav,o,rikutomike
dataset/rikutomike/o/005.wav,o,rikutomike
dataset/rikutomike/o/006.wav,o,rikutomike
dataset/rikutomike/o/007.wav,o,rikutomike
dataset/rikutomike/o/008.wav,o,rikutomike
dataset/rikutomike/o/009.wav,o,rikutomike
dataset/rikutomike/o/010.wav,o,rikutomike
dataset/rikutomike/pa/001.wav,pa,rikutomike
dataset/rikutomike/pa/002.wav,pa,rikutomike
dataset/rikutomike/pa/003.wav,pa,rikutomike
dataset/rikutomike/pa/004.wav,pa,rikutomike
dataset/rikutomike/pa/005.wav,pa,rikutomike
dataset/rikutomike/pa/006.wav,pa,rikutomike
dataset/rikutomike/pa/007.wav,pa,rikutomike
dataset/rikutomike/pa/008.wav,pa,rikutomike
dataset/rikutomike/pa/009.wav,pa,rikutomike
dataset/rikutomike/pa/010.wav,pa,rikutomike
dataset/rikutomike/pe/001.wav,pe,rikutomike
dataset/rikutomike/pe/002.wav,pe,rikutomike
dataset/rikutomike/pe/003.wav,pe,rikutomike
dataset/rikutomike/pe/004.wav,pe,rikutomike
dataset/rikutomike/pe/005.wav,pe,rikutomike
dataset/rikutomike/pe/006.wav,pe,rikutomike
dataset/rikutomike/pe/007.wav,pe,rikutomike
dataset/rikutomike/pe/008.wav,pe,rikutomike
dataset/rikutomike/pe/009.wav,pe,rikutomike
dataset/rikutomike/pe/010.wav,pe,rikutomike
dataset/rikutomike/pi/001.wav,pi,rikutomike
dataset/rikutomike/pi/002.wav,pi,rikutomike
dataset/rikutomike/pi/003.wav,pi,rikutomike
dataset/rikutomike/pi/004.wav,pi,rikutomike
dataset/rikutomike/pi/005.wav,pi,rikutomike
dataset/rikutomike/pi/006.wav,pi,rikutomike
dataset/rikutomike/pi/007.wav,pi,rikutomike
dataset/rikutomike/pi/008.wav,pi,rikutomike
dataset/rikutomike/pi/009.wav,pi,rikutomike
dataset/rikutomike/pi/010.wav,pi,rikutomike
dataset/rikutomike/po/001.wav,po,rikutomike
dataset/rikutomike/po/002.wav,po,rikutomike
dataset/rikutomike/po/003.wav,po,rikutomike
dataset/rikutomike/po/004.wav,po,rikutomike
dataset/rikutomike/po/005.wav,po,rikutomike
dataset/rikutomike/po/006.wav,po,rikutomike
dataset/rikutomike/po/007.wav,po,rikutomike
dataset/rikutomike/po/008.wav,po,rikutomike
dataset/rikutomike/po/009.wav,po,rikutomike
dataset/rikutomike/po/010.wav,po,rikutomike
dataset/rikutomike/pu/001.wav,pu,rikutomike
dataset/rikutomike/pu/002.wav,pu,rikutomike
dataset/rikutomike/pu/003.wav,pu,rikutomike
dataset/rikutomike/pu/004.wav,pu,rikutomike
dataset/rikutomike/pu/005.wav,pu,rikutomike
dataset/rikutomike/pu/006.wav,pu,rikutomike
dataset/rikutomike/pu/007.wav,pu,rikutomike
dataset/rikutomike/pu/008.wav,pu,rikutomike
dataset/rikutomike/pu/009.wav,pu,rikutomike
dataset/rikutomike/pu/010.wav,pu,rikutomike
dataset/rikutomike/pya/001.wav,pya,rikutomike
dataset/rikutomike/pya/002.wav,pya,rikutomike
dataset/rikutomike/pya/003.wav,pya,rikutomike
dataset/rikutomike/pya/004.wav,pya,rikutomike
dataset/rikutomike/pya/005.wav,pya,rikutomike
dataset/rikutomike/pya/006.wav,pya,rikutomike
dataset/rikutomike/pya/007.wav,pya,rikutomike
dataset/rikutomike/pya/008.wav,pya,rikutomike
dataset/rikutomike/pya/009.wav,pya,rikutomike
dataset/rikutomike/pya/010.wav,pya,rikutomike
dataset/rikutomike/pyo/001.wav,pyo,rikutomike
dataset/rikutomike/pyo/002.wav,pyo,rikutomike
dataset/rikutomike/pyo/003.wav,pyo,rikutomike
dataset/rikutomike/pyo/004.wav,pyo,rikutomike
dataset/rikutomike/pyo/005.wav,pyo,rikutomike
dataset/rikutomike/pyo/006.wav,pyo,rikutomike
dataset/rikutomike/pyo/007.wav,pyo,rikutomike
dataset/rikutomike/pyo/008.wav,pyo,rikutomike
dataset/rikutomike/pyo/009.wav,pyo,rikutomike
dataset/rikutomike/pyo/010.wav,pyo,rikutomike
dataset/rikutomike/pyu/001.wav,pyu,rikutomike
dataset/rikutomike/pyu/002.wav,pyu,rikutomike
dataset/rikutomike/pyu/003.wav,pyu,rikutomike
dataset/rikutomike/pyu/004.wav,pyu,rikutomike
dataset/rikutomike/pyu/005.wav,pyu,rikutomike
dataset/rikutomike/pyu/006.wav,pyu,rikutomike
dataset/rikutomike/pyu/007.wav,pyu,rikutomike
dataset/rikutomike/pyu/008.wav,pyu,rikutomike
dataset/rikutomike/pyu/009.wav,pyu,rikutomike
dataset/rikutomike/pyu/010.wav,pyu,rikutomike
dataset/rikutomike/ra/001.wav,ra,rikutomike
dataset/rikutomike/ra/002.wav,ra,rikutomike
dataset/rikutomike/ra/003.wav,ra,rikutomike
dataset/rikutomike/ra/004.wav,ra,rikutomike
dataset/rikutomike/ra/005.wav,ra,rikutomike
dataset/rikutomike/ra/006.wav,ra,rikutomike
dataset/rikutomike/ra/007.wav,ra,rikutomike
dataset/rikutomike/ra/008.wav,ra,rikutomike
dataset/rikutomike/ra/010.wav,ra,rikutomike
dataset/rikutomike/re/001.wav,re,rikutomike
dataset/rikutomike/re/002.wav,re,rikutomike
dataset/rikutomike/re/003.wav,re,rikutomike
dataset/rikutomike/re/004.wav,re,rikutomike
dataset/rikutomike/re/005.wav,re,rikutomike
dataset/rikutomike/re/006.wav,re,rikutomike
dataset/rikutomike/re/007.wav,re,rikutomike
dataset/rikutomike/re/008.wav,re,rikutomike
dataset/rikutomike/re/009.wav,re,rikutomike
dataset/rikutomike/re/010.wav,re,rikutomike
dataset/rikutomike/ri/001.wav,ri,rikutomike
dataset/rikutomike/ri/002.wav,ri,rikutomike
dataset/rikutomike/ri/003.wav,ri,rikutomike
dataset/rikutomike/ri/004.wav,ri,rikutomike
dataset/rikutomike/ri/005.wav,ri,rikutomike
dataset/rikutomike/ri/006.wav,ri,rikutomike
dataset/rikutomike/ri/007.wav,ri,rikutomike
dataset/rikutomike/ri/008.wav,ri,rikutomike
dataset/rikutomike/ri/009.wav,ri,rikutomike
dataset/rikutomike/ri/010.wav,ri,rikutomike
dataset/rikutomike/ro/001.wav,ro,rikutomike
dataset/rikutomike/ro/002.wav,ro,rikutomike
dataset/rikutomike/ro/003.wav,ro,rikutomike
dataset/rikutomike/ro/004.wav,ro,rikutomike
dataset/rikutomike/ro/005.wav,ro,rikutomike
dataset/rikutomike/ro/006.wav,ro,rikutomike
dataset/rikutomike/ro/007.wav,ro,rikutomike
dataset/rikutomike/ro/008.wav,ro,rikutomike
dataset/rikutomike/ro/009.wav,ro,rikutomike
dataset/rikutomike/ro/010.wav,ro,rikutomike
dataset/rikutomike/ru/001.wav,ru,rikutomike
dataset/rikutomike/ru/002.wav,ru,rikutomike
dataset/rikutomike/ru/003.wav,ru,rikutomike
dataset/rikutomike/ru/004.wav,ru,rikutomike
dataset/rikutomike/ru/005.wav,ru,rikutomike
dataset/rikutomike/ru/006.wav,ru,rikutomike
dataset/rikutomike/ru/007.wav,ru,rikutomike
dataset/rikutomike/ru/008.wav,ru,rikutomike
dataset/rikutomike/ru/009.wav,ru,rikutomike
dataset/rikutomike/ru/010.wav,ru,rikutomike
dataset/rikutomike/rya/001.wav,rya,rikutomike
dataset/rikutomike/rya/002.wav,rya,rikutomike
dataset/rikutomike/rya/003.wav,rya,rikutomike
dataset/rikutomike/rya/004.wav,rya,rikutomike
dataset/rikutomike/rya/005.wav,rya,rikutomike
dataset/rikutomike/rya/006.wav,rya,rikutomike
dataset/rikutomike/rya/007.wav,rya,rikutomike
dataset/rikutomike/rya/008.wav,rya,rikutomike
dataset/rikutomike/rya/009.wav,rya,rikutomike
dataset/rikutomike/rya/010.wav,rya,rikutomike
dataset/rikutomike/ryo/001.wav,ryo,rikutomike
dataset/rikutomike/ryo/002.wav,ryo,rikutomike
dataset/rikutomike/ryo/003.wav,ryo,rikutomike
dataset/rikutomike/ryo/004.wav,ryo,rikutomike
dataset/rikutomike/ryo/005.wav,ryo,rikutomike
dataset/rikutomike/ryo/006.wav,ryo,rikutomike
dataset/rikutomike/ryo/007.wav,ryo,rikutomike
dataset/rikutomike/ryo/008.wav,ryo,rikutomike
dataset/rikutomike/ryo/009.wav,ryo,rikutomike
dataset/rikutomike/ryo/010.wav,ryo,rikutomike
dataset/rikutomike/ryu/001.wav,ryu,rikutomike
dataset/rikutomike/ryu/002.wav,ryu,rikutomike
dataset/rikutomike/ryu/003.wav,ryu,rikutomike
dataset/rikutomike/ryu/004.wav,ryu,rikutomike
dataset/rikutomike/ryu/005.wav,ryu,rikutomike
dataset/rikutomike/ryu/006.wav,ryu,rikutomike
dataset/rikutomike/ryu/007.wav,ryu,rikutomike
dataset/rikutomike/ryu/008.wav,ryu,rikutomike
dataset/rikutomike/ryu/009.wav,ryu,rikutomike
dataset/rikutomike/ryu/010.wav,ryu,rikutomike
dataset/rikutomike/sa/001.wav,sa,rikutomike
dataset/rikutomike/sa/002.wav,sa,rikutomike
dataset/rikutomike/sa/003.wav,sa,rikutomike
dataset/rikutomike/sa/004.wav,sa,rikutomike
dataset/rikutomike/sa/005.wav,sa,rikutomike
dataset/rikutomike/sa/006.wav,sa,rikutomike
dataset/rikutomike/sa/007.wav,sa,rikutomike
dataset/rikutomike/sa/008.wav,sa,rikutomike
dataset/rikutomike/sa/009.wav,sa,rikutomike
dataset/rikutomike/sa/010.wav,sa,rikutomike
dataset/rikutomike/se/001.wav,se,rikutomike
dataset/rikutomike/se/002.wav,se,rikutomike
dataset/rikutomike/se/003.wav,se,rikutomike
dataset/rikutomike/se/004.wav,se,rikutomike
dataset/rikutomike/se/005.wav,se,rikutomike
dataset/rikutomike/se/007.wav,se,rikutomike
dataset/rikutomike/se/008.wav,se,rikutomike
dataset/rikutomike/se/009.wav,se,rikutomike
dataset/rikutomike/se/010.wav,se,rikutomike
dataset/rikutomike/sha/001.wav,sha,rikutomike
dataset/rikutomike/sha/002.wav,sha,rikutomike
dataset/rikutomike/sha/003.wav,sha,rikutomike
dataset/rikutomike/sha/004.wav,sha,rikutomike
dataset/rikutomike/sha/005.wav,sha,rikutomike
dataset/rikutomike/sha/006.wav,sha,rikutomike
dataset/rikutomike/sha/007.wav,sha,rikutomike
dataset/rikutomike/sha/008.wav,sha,rikutomike
dataset/rikutomike/sha/009.wav,sha,rikutomike
dataset/rikutomike/sha/010.wav,sha,rikutomike
dataset/rikutomike/shi/001.wav,shi,rikutomike
dataset/rikutomike/shi/002.wav,shi,rikutomike
dataset/rikutomike/shi/003.wav,shi,rikutomike
dataset/rikutomike/shi/004.wav,shi,rikutomike
dataset/rikutomike/shi/005.wav,shi,rikutomike
dataset/rikutomike/shi/006.wav,shi,rikutomike
dataset/rikutomike/shi/007.wav,shi,rikutomike
dataset/rikutomike/shi/008.wav,shi,rikutomike
dataset/rikutomike/shi/009.wav,shi,rikutomike
dataset/rikutomike/shi/010.wav,shi,rikutomike
dataset/rikutomike/sho/001.wav,sho,rikutomike
dataset/rikutomike/sho/002.wav,sho,rikutomike
dataset/rikutomike/sho/003.wav,sho,rikutomike
dataset/rikutomike/sho/004.wav,sho,rikutomike
dataset/rikutomike/sho/005.wav,sho,rikutomike
dataset/rikutomike/sho/006.wav,sho,rikutomike
dataset/rikutomike/sho/007.wav,sho,rikutomike
dataset/rikutomike/sho/008.wav,sho,rikutomike
dataset/rikutomike/sho/009.wav,sho,rikutomike
dataset/rikutomike/sho/010.wav,sho,rikutomike
dataset/rikutomike/shu/001.wav,shu,rikutomike
dataset/rikutomike/shu/002.wav,shu,rikutomike
dataset/rikutomike/shu/004.wav,shu,rikutomike
dataset/rikutomike/shu/005.wav,shu,rikutomike
dataset/rikutomike/shu/006.wav,shu,rikutomike
dataset/rikutomike/shu/007.wav,shu,rikutomike
dataset/rikutomike/shu/008.wav,shu,rikutomike
dataset/rikutomike/shu/009.wav,shu,rikutomike
dataset/rikutomike/shu/010.wav,shu,rikutomike
dataset/rikutomike/so/001.wav,so,rikutomike
dataset/rikutomike/so/002.wav,so,rikutomike
dataset/rikutomike/so/003.wav,so,rikutomike
dataset/rikutomike/so/004.wav,so,rikutomike
dataset/rikutomike/so/005.wav,so,rikutomike
dataset/rikutomike/so/006.wav,so,rikutomike
dataset/rikutomike/so/007.wav,so,rikutomike
dataset/rikutomike/so/008.wav,so,rikutomike
dataset/rikutomike/so/009.wav,so,rikutomike
dataset/rikutomike/so/010.wav,so,rikutomike
dataset/rikutomike/su/001.wav,su,rikutomike
dataset/rikutomike/su/002.wav,su,rikutomike
dataset/rikutomike/su/003.wav,su,rikutomike
dataset/rikutomike/su/004.wav,su,rikutomike
dataset/rikutomike/su/005.wav,su,rikutomike
dataset/rikutomike/su/006.wav,su,rikutomike
dataset/rikutomike/su/007.wav,su,rikutomike
dataset/rikutomike/su/008.wav,su,rikutomike
dataset/rikutomike/su/009.wav,su,rikutomike
dataset/rikutomike/su/010.wav,su,rikutomike
dataset/rikutomike/ta/001.wav,ta,rikutomike
dataset/rikutomike/ta/002.wav,ta,rikutomike
dataset/rikutomike/ta/003.wav,ta,rikutomike
dataset/rikutomike/ta/004.wav,ta,rikutomike
dataset/rikutomike/ta/005.wav,ta,rikutomike
dataset/rikutomike/ta/006.wav,ta,rikutomike
dataset/rikutomike/ta/007.wav,ta,rikutomike
dataset/rikutomike/ta/008.wav,ta,rikutomike
dataset/rikutomike/ta/009.wav,ta,rikutomike
dataset/rikutomike/ta/010.wav,ta,rikutomike
dataset/rikutomike/te/001.wav,te,rikutomike
dataset/rikutomike/te/002.wav,te,rikutomike
dataset/rikutomike/te/003.wav,te,rikutomike
dataset/rikutomike/te/004.wav,te,rikutomike
dataset/rikutomike/te/005.wav,te,rikutomike
dataset/rikutomike/te/006.wav,te,rikutomike
dataset/rikutomike/te/007.wav,te,rikutomike
dataset/rikutomike/te/008.wav,te,rikutomike
dataset/rikutomike/te/009.wav,te,rikutomike
dataset/rikutomike/te/010.wav,te,rikutomike
dataset/rikutomike/to/001.wav,to,rikutomike
dataset/rikutomike/to/002.wav,to,rikutomike
dataset/rikutomike/to/003.wav,to,rikutomike
dataset/rikutomike/to/004.wav,to,rikutomike
dataset/rikutomike/to/005.wav,to,rikutomike
dataset/rikutomike/to/006.wav,to,rikutomike
dataset/rikutomike/to/007.wav,to,rikutomike
dataset/rikutomike/to/008.wav,to,rikutomike
dataset/rikutomike/to/009.wav,to,rikutomike
dataset/rikutomike/to/010.wav,to,rikutomike
dataset/rikutomike/tsu/001.wav,tsu,rikutomike
dataset/rikutomike/tsu/002.wav,tsu,rikutomike
dataset/rikutomike/tsu/003.wav,tsu,rikutomike
dataset/rikutomike/tsu/004.wav,tsu,rikutomike
dataset/rikutomike/tsu/005.wav,tsu,rikutomike
dataset/rikutomike/tsu/006.wav,tsu,rikutomike
dataset/rikutomike/tsu/007.wav,tsu,rikutomike
dataset/rikutomike/tsu/008.wav,tsu,rikutomike
dataset/rikutomike/tsu/009.wav,tsu,rikutomike
dataset/rikutomike/tsu/010.wav,tsu,rikutomike
dataset/rikutomike/u/001.wav,u,rikutomike
dataset/rikutomike/u/002.wav,u,rikutomike
dataset/rikutomike/u/003.wav,u,rikutomike
dataset/rikutomike/u/004.wav,u,rikutomike
dataset/rikutomike/u/005.wav,u,rikutomike
dataset/rikutomike/u/006.wav,u,rikutomike
dataset/rikutomike/u/007.wav,u,rikutomike
dataset/rikutomike/u/008.wav,u,rikutomike
dataset/rikutomike/u/009.wav,u,rikutomike
dataset/rikutomike/u/010.wav,u,rikutomike
dataset/rikutomike/wa/001.wav,wa,rikutomike
dataset/rikutomike/wa/002.wav,wa,rikutomike
dataset/rikutomike/wa/003.wav,wa,rikutomike
dataset/rikutomike/wa/004.wav,wa,rikutomike
dataset/rikutomike/wa/005.wav,wa,rikutomike
dataset/rikutomike/wa/006.wav,wa,rikutomike
dataset/rikutomike/wa/007.wav,wa,rikutomike
dataset/rikutomike/wa/008.wav,wa,rikutomike
dataset/rikutomike/wa/009.wav,wa,rikutomike
dataset/rikutomike/wa/010.wav,wa,rikutomike
dataset/rikutomike/wo/001.wav,wo,rikutomike
dataset/rikutomike/wo/002.wav,wo,rikutomike
dataset/rikutomike/wo/003.wav,wo,rikutomike
dataset/rikutomike/wo/004.wav,wo,rikutomike
dataset/rikutomike/wo/005.wav,wo,rikutomike
dataset/rikutomike/wo/006.wav,wo,rikutomike
dataset/rikutomike/wo/007.wav,wo,rikutomike
dataset/rikutomike/wo/008.wav,wo,rikutomike
dataset/rikutomike/wo/009.wav,wo,rikutomike
dataset/rikutomike/wo/010.wav,wo,rikutomike
dataset/rikutomike/ya/001.wav,ya,rikutomike
dataset/rikutomike/ya/002.wav,ya,rikutomike
dataset/rikutomike/ya/003.wav,ya,rikutomike
dataset/rikutomike/ya/004.wav,ya,rikutomike
dataset/rikutomike/ya/005.wav,ya,rikutomike
dataset/rikutomike/ya/006.wav,ya,rikutomike
dataset/rikutomike/ya/007.wav,ya,rikutomike
dataset/rikutomike/ya/008.wav,ya,rikutomike
dataset/rikutomike/ya/009.wav,ya,rikutomike
dataset/rikutomike/ya/010.wav,ya,rikutomike
dataset/rikutomike/yo/001.wav,yo,rikutomike
dataset/rikutomike/yo/002.wav,yo,rikutomike
dataset/rikutomike/yo/003.wav,yo,rikutomike
dataset/rikutomike/yo/004.wav,yo,rikutomike
dataset/rikutomike/yo/005.wav,yo,rikutomike
dataset/rikutomike/yo/006.wav,yo,rikutomike
dataset/rikutomike/yo/007.wav,yo,rikutomike
dataset/rikutomike/yo/008.wav,yo,rikutomike
dataset/rikutomike/yo/009.wav,yo,rikutomike
dataset/rikutomike/yo/010.wav,yo,rikutomike
dataset/rikutomike/yu/001.wav,yu,rikutomike
dataset/rikutomike/yu/002.wav,yu,rikutomike
dataset/rikutomike/yu/003.wav,yu,rikutomike
dataset/rikutomike/yu/004.wav,yu,rikutomike
dataset/rikutomike/yu/005.wav,yu,rikutomike
dataset/rikutomike/yu/006.wav,yu,rikutomike
dataset/rikutomike/yu/007.wav,yu,rikutomike
dataset/rikutomike/yu/008.wav,yu,rikutomike
dataset/rikutomike/yu/009.wav,yu,rikutomike
dataset/rikutomike/yu/010.wav,yu,rikutomike
dataset/rikutomike/za/002.wav,za,rikutomike
dataset/rikutomike/za/003.wav,za,rikutomike
dataset/rikutomike/za/004.wav,za,rikutomike
dataset/rikutomike/za/005.wav,za,rikutomike
dataset/rikutomike/za/007.wav,za,rikutomike
dataset/rikutomike/za/008.wav,za,rikutomike
dataset/rikutomike/za/010.wav,za,rikutomike
dataset/rikutomike/ze/001.wav,ze,rikutomike
dataset/rikutomike/ze/002.wav,ze,rikutomike
dataset/rikutomike/ze/003.wav,ze,rikutomike
dataset/rikutomike/ze/004.wav,ze,rikutomike
dataset/rikutomike/ze/005.wav,ze,rikutomike
dataset/rikutomike/ze/006.wav,ze,rikutomike
dataset/rikutomike/ze/007.wav,ze,rikutomike
dataset/rikutomike/ze/008.wav,ze,rikutomike
dataset/rikutomike/ze/009.wav,ze,rikutomike
dataset/rikutomike/ze/010.wav,ze,rikutomike
dataset/rikutomike/zo/001.wav,zo,rikutomike
dataset/rikutomike/zo/002.wav,zo,rikutomike
dataset/rikutomike/zo/003.wav,zo,rikutomike
dataset/rikutomike/zo/004.wav,zo,rikutomike
dataset/rikutomike/zo/005.wav,zo,rikutomike
dataset/rikutomike/zo/006.wav,zo,rikutomike
dataset/rikutomike/zo/007.wav,zo,rikutomike
dataset/rikutomike/zo/008.wav,zo,rikutomike
dataset/rikutomike/zo/009.wav,zo,rikutomike
dataset/rikutomike/zo/010.wav,zo,rikutomike
dataset/rikutomike/zu/001.wav,zu,rikutomike
dataset/rikutomike/zu/002.wav,zu,rikutomike
dataset/rikutomike/zu/003.wav,zu,rikutomike
dataset/rikutomike/zu/004.wav,zu,rikutomike
dataset/rikutomike/zu/006.wav,zu,rikutomike
dataset/rikutomike/zu/008.wav,zu,rikutomike
dataset/rikutomike/zu/009.wav,zu,rikutomike
dataset/rikutomike/zu/010.wav,zu,rikutomike
dataset/rinry/a/001.wav,a,rinry
dataset/rinry/a/002.wav,a,rinry
dataset/rinry/a/003.wav,a,rinry
dataset/rinry/a/004.wav,a,rinry
dataset/rinry/a/005.wav,a,rinry
dataset/rinry/a/006.wav,a,rinry
dataset/rinry/a/007.wav,a,rinry
dataset/rinry/a/008.wav,a,rinry
dataset/rinry/a/009.wav,a,rinry
dataset/rinry/a/010.wav,a,rinry
dataset/rinry/a/011.wav,a,rinry
dataset/rinry/a/012.wav,a,rinry
dataset/rinry/a/013.wav,a,rinry
dataset/rinry/a/014.wav,a,rinry
dataset/rinry/a/015.wav,a,rinry
dataset/rinry/a/016.wav,a,rinry
dataset/rinry/a/017.wav,a,rinry
dataset/rinry/a/018.wav,a,rinry
dataset/rinry/a/019.wav,a,rinry
dataset/rinry/a/020.wav,a,rinry
dataset/rinry/a/021.wav,a,rinry
dataset/rinry/a/022.wav,a,rinry
dataset/rinry/a/023.wav,a,rinry
dataset/rinry/a/024.wav,a,rinry
dataset/rinry/a/025.wav,a,rinry
dataset/rinry/a/026.wav,a,rinry
dataset/rinry/a/027.wav,a,rinry
dataset/rinry/a/028.wav,a,rinry
dataset/rinry/a/029.wav,a,rinry
dataset/rinry/a/030.wav,a,rinry
dataset/rinry/a/031.wav,a,rinry
dataset/rinry/a/032.wav,a,rinry
dataset/rinry/a/033.wav,a,rinry
dataset/rinry/a/034.wav,a,rinry
dataset/rinry/a/035.wav,a,rinry
dataset/rinry/ba/001.wav,ba,rinry
dataset/rinry/ba/002.wav,ba,rinry
dataset/rinry/ba/003.wav,ba,rinry
dataset/rinry/ba/004.wav,ba,rinry
dataset/rinry/ba/005.wav,ba,rinry
dataset/rinry/ba/006.wav,ba,rinry
dataset/rinry/ba/007.wav,ba,rinry
dataset/rinry/ba/008.wav,ba,rinry
dataset/rinry/ba/009.wav,ba,rinry
dataset/rinry/ba/010.wav,ba,rinry
dataset/rinry/ba/011.wav,ba,rinry
dataset/rinry/ba/012.wav,ba,rinry
dataset/rinry/ba/013.wav,ba,rinry
dataset/rinry/ba/014.wav,ba,rinry
dataset/rinry/ba/015.wav,ba,rinry
dataset/rinry/ba/016.wav,ba,rinry
dataset/rinry/ba/017.wav,ba,rinry
dataset/rinry/ba/018.wav,ba,rinry
dataset/rinry/ba/019.wav,ba,rinry
dataset/rinry/ba/020.wav,ba,rinry
dataset/rinry/ba/021.wav,ba,rinry
dataset/rinry/ba/022.wav,ba,rinry
dataset/rinry/ba/023.wav,ba,rinry
dataset/rinry/ba/024.wav,ba,rinry
dataset/rinry/ba/025.wav,ba,rinry
dataset/rinry/ba/026.wav,ba,rinry
dataset/rinry/ba/027.wav,ba,rinry
dataset/rinry/ba/028.wav,ba,rinry
dataset/rinry/ba/029.wav,ba,rinry
dataset/rinry/ba/030.wav,ba,rinry
dataset/rinry/ba/031.wav,ba,rinry
dataset/rinry/ba/032.wav,ba,rinry
dataset/rinry/ba/033.wav,ba,rinry
dataset/rinry/ba/034.wav,ba,rinry
dataset/rinry/ba/035.wav,ba,rinry
dataset/rinry/be/001.wav,be,rinry
dataset/rinry/be/002.wav,be,rinry
dataset/rinry/be/003.wav,be,rinry
dataset/rinry/be/004.wav,be,rinry
dataset/rinry/be/005.wav,be,rinry
dataset/rinry/be/006.wav,be,rinry
dataset/rinry/be/007.wav,be,rinry
dataset/rinry/be/008.wav,be,rinry
dataset/rinry/be/009.wav,be,rinry
dataset/rinry/be/010.wav,be,rinry
dataset/rinry/be/011.wav,be,rinry
dataset/rinry/be/012.wav,be,rinry
dataset/rinry/be/013.wav,be,rinry
dataset/rinry/be/014.wav,be,rinry
dataset/rinry/be/015.wav,be,rinry
dataset/rinry/be/016.wav,be,rinry
dataset/rinry/be/017.wav,be,rinry
dataset/rinry/be/018.wav,be,rinry
dataset/rinry/be/019.wav,be,rinry
dataset/rinry/be/020.wav,be,rinry
dataset/rinry/be/021.wav,be,rinry
dataset/rinry/be/022.wav,be,rinry
dataset/rinry/be/023.wav,be,rinry
dataset/rinry/be/024.wav,be,rinry
dataset/rinry/be/025.wav,be,rinry
dataset/rinry/be/026.wav,be,rinry
dataset/rinry/be/027.wav,be,rinry
dataset/rinry/be/028.wav,be,rinry
dataset/rinry/be/029.wav,be,rinry
dataset/rinry/be/030.wav,be,rinry
dataset/rinry/be/032.wav,be,rinry
dataset/rinry/be/033.wav,be,rinry
dataset/rinry/be/034.wav,be,rinry
dataset/rinry/be/035.wav,be,rinry
dataset/rinry/bi/001.wav,bi,rinry
dataset/rinry/bi/002.wav,bi,rinry
dataset/rinry/bi/003.wav,bi,rinry
dataset/rinry/bi/004.wav,bi,rinry
dataset/rinry/bi/005.wav,bi,rinry
dataset/rinry/bi/006.wav,bi,rinry
dataset/rinry/bi/007.wav,bi,rinry
dataset/rinry/bi/008.wav,bi,rinry
dataset/rinry/bi/009.wav,bi,rinry
dataset/rinry/bi/010.wav,bi,rinry
dataset/rinry/bi/011.wav,bi,rinry
dataset/rinry/bi/012.wav,bi,rinry
dataset/rinry/bi/013.wav,bi,rinry
dataset/rinry/bi/014.wav,bi,rinry
dataset/rinry/bi/015.wav,bi,rinry
dataset/rinry/bi/016.wav,bi,rinry
dataset/rinry/bi/017.wav,bi,rinry
dataset/rinry/bi/018.wav,bi,rinry
dataset/rinry/bi/019.wav,bi,rinry
dataset/rinry/bi/020.wav,bi,rinry
dataset/rinry/bi/021.wav,bi,rinry
dataset/rinry/bi/022.wav,bi,rinry
dataset/rinry/bi/023.wav,bi,rinry
dataset/rinry/bi/024.wav,bi,rinry
dataset/rinry/bi/025.wav,bi,rinry
dataset/rinry/bi/026.wav,bi,rinry
dataset/rinry/bi/027.wav,bi,rinry
dataset/rinry/bi/028.wav,bi,rinry
dataset/rinry/bi/029.wav,bi,rinry
dataset/rinry/bi/030.wav,bi,rinry
dataset/rinry/bi/031.wav,bi,rinry
dataset/rinry/bi/032.wav,bi,rinry
dataset/rinry/bi/033.wav,bi,rinry
dataset/rinry/bi/034.wav,bi,rinry
dataset/rinry/bi/035.wav,bi,rinry
dataset/rinry/bo/001.wav,bo,rinry
dataset/rinry/bo/002.wav,bo,rinry
dataset/rinry/bo/003.wav,bo,rinry
dataset/rinry/bo/004.wav,bo,rinry
dataset/rinry/bo/005.wav,bo,rinry
dataset/rinry/bo/006.wav,bo,rinry
dataset/rinry/bo/007.wav,bo,rinry
dataset/rinry/bo/008.wav,bo,rinry
dataset/rinry/bo/009.wav,bo,rinry
dataset/rinry/bo/010.wav,bo,rinry
dataset/rinry/bo/011.wav,bo,rinry
dataset/rinry/bo/012.wav,bo,rinry
dataset/rinry/bo/013.wav,bo,rinry
dataset/rinry/bo/014.wav,bo,rinry
dataset/rinry/bo/015.wav,bo,rinry
dataset/rinry/bo/016.wav,bo,rinry
dataset/rinry/bo/017.wav,bo,rinry
dataset/rinry/bo/018.wav,bo,rinry
dataset/rinry/bo/019.wav,bo,rinry
dataset/rinry/bo/020.wav,bo,rinry
dataset/rinry/bo/021.wav,bo,rinry
dataset/rinry/bo/022.wav,bo,rinry
dataset/rinry/bo/023.wav,bo,rinry
dataset/rinry/bo/024.wav,bo,rinry
dataset/rinry/bo/025.wav,bo,rinry
dataset/rinry/bo/026.wav,bo,rinry
dataset/rinry/bo/027.wav,bo,rinry
dataset/rinry/bo/028.wav,bo,rinry
dataset/rinry/bo/029.wav,bo,rinry
dataset/rinry/bo/030.wav,bo,rinry
dataset/rinry/bo/031.wav,bo,rinry
dataset/rinry/bo/032.wav,bo,rinry
dataset/rinry/bo/033.wav,bo,rinry
dataset/rinry/bo/034.wav,bo,rinry
dataset/rinry/bo/035.wav,bo,rinry
dataset/rinry/bu/001.wav,bu,rinry
dataset/rinry/bu/002.wav,bu,rinry
dataset/rinry/bu/003.wav,bu,rinry
dataset/rinry/bu/004.wav,bu,rinry
dataset/rinry/bu/005.wav,bu,rinry
dataset/rinry/bu/006.wav,bu,rinry
dataset/rinry/bu/007.wav,bu,rinry
dataset/rinry/bu/008.wav,bu,rinry
dataset/rinry/bu/009.wav,bu,rinry
dataset/rinry/bu/010.wav,bu,rinry
dataset/rinry/bu/011.wav,bu,rinry
dataset/rinry/bu/012.wav,bu,rinry
dataset/rinry/bu/013.wav,bu,rinry
dataset/rinry/bu/014.wav,bu,rinry
dataset/rinry/bu/015.wav,bu,rinry
dataset/rinry/bu/016.wav,bu,rinry
dataset/rinry/bu/017.wav,bu,rinry
dataset/rinry/bu/018.wav,bu,rinry
dataset/rinry/bu/019.wav,bu,rinry
dataset/rinry/bu/020.wav,bu,rinry
dataset/rinry/bu/021.wav,bu,rinry
dataset/rinry/bu/022.wav,bu,rinry
dataset/rinry/bu/023.wav,bu,rinry
dataset/rinry/bu/024.wav,bu,rinry
dataset/rinry/bu/025.wav,bu,rinry
dataset/rinry/bu/026.wav,bu,rinry
dataset/rinry/bu/027.wav,bu,rinry
dataset/rinry/bu/028.wav,bu,rinry
dataset/rinry/bu/029.wav,bu,rinry
dataset/rinry/bu/030.wav,bu,rinry
dataset/rinry/bu/031.wav,bu,rinry
dataset/rinry/bu/032.wav,bu,rinry
dataset/rinry/bu/033.wav,bu,rinry
dataset/rinry/bu/034.wav,bu,rinry
dataset/rinry/bu/035.wav,bu,rinry
dataset/rinry/bya/001.wav,bya,rinry
dataset/rinry/bya/002.wav,bya,rinry
dataset/rinry/bya/003.wav,bya,rinry
dataset/rinry/bya/004.wav,bya,rinry
dataset/rinry/bya/005.wav,bya,rinry
dataset/rinry/bya/006.wav,bya,rinry
dataset/rinry/bya/007.wav,bya,rinry
dataset/rinry/bya/008.wav,bya,rinry
dataset/rinry/bya/009.wav,bya,rinry
dataset/rinry/bya/010.wav,bya,rinry
dataset/rinry/bya/011.wav,bya,rinry
dataset/rinry/bya/012.wav,bya,rinry
dataset/rinry/bya/013.wav,bya,rinry
dataset/rinry/bya/014.wav,bya,rinry
dataset/rinry/bya/015.wav,bya,rinry
dataset/rinry/bya/016.wav,bya,rinry
dataset/rinry/bya/017.wav,bya,rinry
dataset/rinry/bya/018.wav,bya,rinry
dataset/rinry/bya/019.wav,bya,rinry
dataset/rinry/bya/020.wav,bya,rinry
dataset/rinry/bya/021.wav,bya,rinry
dataset/rinry/bya/022.wav,bya,rinry
dataset/rinry/bya/023.wav,bya,rinry
dataset/rinry/bya/024.wav,bya,rinry
dataset/rinry/bya/025.wav,bya,rinry
dataset/rinry/bya/026.wav,bya,rinry
dataset/rinry/bya/027.wav,bya,rinry
dataset/rinry/bya/028.wav,bya,rinry
dataset/rinry/bya/029.wav,bya,rinry
dataset/rinry/bya/030.wav,bya,rinry
dataset/rinry/bya/031.wav,bya,rinry
dataset/rinry/bya/032.wav,bya,rinry
dataset/rinry/bya/033.wav,bya,rinry
dataset/rinry/bya/034.wav,bya,rinry
dataset/rinry/bya/035.wav,bya,rinry
dataset/rinry/byo/001.wav,byo,rinry
dataset/rinry/byo/002.wav,byo,rinry
dataset/rinry/byo/003.wav,byo,rinry
dataset/rinry/byo/004.wav,byo,rinry
dataset/rinry/byo/005.wav,byo,rinry
dataset/rinry/byo/006.wav,byo,rinry
dataset/rinry/byo/007.wav,byo,rinry
dataset/rinry/byo/008.wav,byo,rinry
dataset/rinry/byo/009.wav,byo,rinry
dataset/rinry/byo/010.wav,byo,rinry
dataset/rinry/byo/011.wav,byo,rinry
dataset/rinry/byo/012.wav,byo,rinry
dataset/rinry/byo/013.wav,byo,rinry
dataset/rinry/byo/014.wav,byo,rinry
dataset/rinry/byo/015.wav,byo,rinry
dataset/rinry/byo/016.wav,byo,rinry
dataset/rinry/byo/017.wav,byo,rinry
dataset/rinry/byo/018.wav,byo,rinry
dataset/rinry/byo/019.wav,byo,rinry
dataset/rinry/byo/020.wav,byo,rinry
dataset/rinry/byo/021.wav,byo,rinry
dataset/rinry/byo/022.wav,byo,rinry
dataset/rinry/byo/023.wav,byo,rinry
dataset/rinry/byo/024.wav,byo,rinry
dataset/rinry/byo/025.wav,byo,rinry
dataset/rinry/byo/026.wav,byo,rinry
dataset/rinry/byo/027.wav,byo,rinry
dataset/rinry/byo/028.wav,byo,rinry
dataset/rinry/byo/029.wav,byo,rinry
dataset/rinry/byo/030.wav,byo,rinry
dataset/rinry/byo/031.wav,byo,rinry
dataset/rinry/byo/032.wav,byo,rinry
dataset/rinry/byo/033.wav,byo,rinry
dataset/rinry/byo/034.wav,byo,rinry
dataset/rinry/byo/035.wav,byo,rinry
dataset/rinry/byu/001.wav,byu,rinry
dataset/rinry/byu/002.wav,byu,rinry
dataset/rinry/byu/003.wav,byu,rinry
dataset/rinry/byu/004.wav,byu,rinry
dataset/rinry/byu/005.wav,byu,rinry
dataset/rinry/byu/006.wav,byu,rinry
dataset/rinry/byu/007.wav,byu,rinry
dataset/rinry/byu/008.wav,byu,rinry
dataset/rinry/byu/009.wav,byu,rinry
dataset/rinry/byu/010.wav,byu,rinry
dataset/rinry/byu/011.wav,byu,rinry
dataset/rinry/byu/012.wav,byu,rinry
dataset/rinry/byu/013.wav,byu,rinry
dataset/rinry/byu/014.wav,byu,rinry
dataset/rinry/byu/015.wav,byu,rinry
dataset/rinry/byu/016.wav,byu,rinry
dataset/rinry/byu/017.wav,byu,rinry
dataset/rinry/byu/018.wav,byu,rinry
dataset/rinry/byu/019.wav,byu,rinry
dataset/rinry/byu/020.wav,byu,rinry
dataset/rinry/byu/021.wav,byu,rinry
dataset/rinry/byu/022.wav,byu,rinry
dataset/rinry/byu/023.wav,byu,rinry
dataset/rinry/byu/024.wav,byu,rinry
dataset/rinry/byu/025.wav,byu,rinry
dataset/rinry/byu/026.wav,byu,rinry
dataset/rinry/byu/027.wav,byu,rinry
dataset/rinry/byu/028.wav,byu,rinry
dataset/rinry/byu/029.wav,byu,rinry
dataset/rinry/byu/030.wav,byu,rinry
dataset/rinry/byu/031.wav,byu,rinry
dataset/rinry/byu/032.wav,byu,rinry
dataset/rinry/byu/033.wav,byu,rinry
dataset/rinry/byu/034.wav,byu,rinry
dataset/rinry/cha/001.wav,cha,rinry
dataset/rinry/cha/002.wav,cha,rinry
dataset/rinry/cha/003.wav,cha,rinry
dataset/rinry/cha/004.wav,cha,rinry
dataset/rinry/cha/005.wav,cha,rinry
dataset/rinry/cha/006.wav,cha,rinry
dataset/rinry/cha/007.wav,cha,rinry
dataset/rinry/cha/008.wav,cha,rinry
dataset/rinry/cha/009.wav,cha,rinry
dataset/rinry/cha/010.wav,cha,rinry
dataset/rinry/cha/011.wav,cha,rinry
dataset/rinry/cha/012.wav,cha,rinry
dataset/rinry/cha/013.wav,cha,rinry
dataset/rinry/cha/014.wav,cha,rinry
dataset/rinry/cha/015.wav,cha,rinry
dataset/rinry/cha/016.wav,cha,rinry
dataset/rinry/cha/017.wav,cha,rinry
dataset/rinry/cha/018.wav,cha,rinry
dataset/rinry/cha/019.wav,cha,rinry
dataset/rinry/cha/020.wav,cha,rinry
dataset/rinry/cha/021.wav,cha,rinry
dataset/rinry/cha/022.wav,cha,rinry
dataset/rinry/cha/023.wav,cha,rinry
dataset/rinry/cha/024.wav,cha,rinry
dataset/rinry/cha/025.wav,cha,rinry
dataset/rinry/cha/026.wav,cha,rinry
dataset/rinry/cha/027.wav,cha,rinry
dataset/rinry/cha/028.wav,cha,rinry
dataset/rinry/cha/029.wav,cha,rinry
dataset/rinry/cha/030.wav,cha,rinry
dataset/rinry/cha/031.wav,cha,rinry
dataset/rinry/cha/032.wav,cha,rinry
dataset/rinry/cha/033.wav,cha,rinry
dataset/rinry/cha/034.wav,cha,rinry
dataset/rinry/cha/035.wav,cha,rinry
dataset/rinry/chi/004.wav,chi,rinry
dataset/rinry/chi/005.wav,chi,rinry
dataset/rinry/chi/006.wav,chi,rinry
dataset/rinry/chi/007.wav,chi,rinry
dataset/rinry/chi/008.wav,chi,rinry
dataset/rinry/chi/009.wav,chi,rinry
dataset/rinry/chi/010.wav,chi,rinry
dataset/rinry/chi/011.wav,chi,rinry
dataset/rinry/chi/012.wav,chi,rinry
dataset/rinry/chi/013.wav,chi,rinry
dataset/rinry/chi/014.wav,chi,rinry
dataset/rinry/chi/015.wav,chi,rinry
dataset/rinry/chi/016.wav,chi,rinry
dataset/rinry/chi/017.wav,chi,rinry
dataset/rinry/chi/018.wav,chi,rinry
dataset/rinry/chi/019.wav,chi,rinry
dataset/rinry/chi/020.wav,chi,rinry
dataset/rinry/chi/021.wav,chi,rinry
dataset/rinry/chi/022.wav,chi,rinry
dataset/rinry/chi/023.wav,chi,rinry
dataset/rinry/chi/024.wav,chi,rinry
dataset/rinry/chi/025.wav,chi,rinry
dataset/rinry/chi/026.wav,chi,rinry
dataset/rinry/chi/027.wav,chi,rinry
dataset/rinry/chi/028.wav,chi,rinry
dataset/rinry/chi/029.wav,chi,rinry
dataset/rinry/chi/030.wav,chi,rinry
dataset/rinry/chi/031.wav,chi,rinry
dataset/rinry/chi/032.wav,chi,rinry
dataset/rinry/chi/033.wav,chi,rinry
dataset/rinry/chi/034.wav,chi,rinry
dataset/rinry/chi/035.wav,chi,rinry
dataset/rinry/cho/001.wav,cho,rinry
dataset/rinry/cho/002.wav,cho,rinry
dataset/rinry/cho/003.wav,cho,rinry
dataset/rinry/cho/004.wav,cho,rinry
dataset/rinry/cho/005.wav,cho,rinry
dataset/rinry/cho/006.wav,cho,rinry
dataset/rinry/cho/007.wav,cho,rinry
dataset/rinry/cho/008.wav,cho,rinry
dataset/rinry/cho/009.wav,cho,rinry
dataset/rinry/cho/010.wav,cho,rinry
dataset/rinry/cho/011.wav,cho,rinry
dataset/rinry/cho/012.wav,cho,rinry
dataset/rinry/cho/013.wav,cho,rinry
dataset/rinry/cho/014.wav,cho,rinry
dataset/rinry/cho/016.wav,cho,rinry
dataset/rinry/cho/017.wav,cho,rinry
dataset/rinry/cho/018.wav,cho,rinry
dataset/rinry/cho/019.wav,cho,rinry
dataset/rinry/cho/020.wav,cho,rinry
dataset/rinry/cho/021.wav,cho,rinry
dataset/rinry/cho/022.wav,cho,rinry
dataset/rinry/cho/023.wav,cho,rinry
dataset/rinry/cho/024.wav,cho,rinry
dataset/rinry/cho/025.wav,cho,rinry
dataset/rinry/cho/026.wav,cho,rinry
dataset/rinry/cho/027.wav,cho,rinry
dataset/rinry/cho/028.wav,cho,rinry
dataset/rinry/cho/029.wav,cho,rinry
dataset/rinry/cho/030.wav,cho,rinry
dataset/rinry/cho/031.wav,cho,rinry
dataset/rinry/cho/032.wav,cho,rinry
dataset/rinry/cho/033.wav,cho,rinry
dataset/rinry/cho/034.wav,cho,rinry
dataset/rinry/cho/035.wav,cho,rinry
dataset/rinry/chu/001.wav,chu,rinry
dataset/rinry/chu/002.wav,chu,rinry
dataset/rinry/chu/003.wav,chu,rinry
dataset/rinry/chu/004.wav,chu,rinry
dataset/rinry/chu/005.wav,chu,rinry
dataset/rinry/chu/006.wav,chu,rinry
dataset/rinry/chu/007.wav,chu,rinry
dataset/rinry/chu/008.wav,chu,rinry
dataset/rinry/chu/009.wav,chu,rinry
dataset/rinry/chu/010.wav,chu,rinry
dataset/rinry/chu/011.wav,chu,rinry
dataset/rinry/chu/012.wav,chu,rinry
dataset/rinry/chu/013.wav,chu,rinry
dataset/rinry/chu/014.wav,chu,rinry
dataset/rinry/chu/015.wav,chu,rinry
dataset/rinry/chu/016.wav,chu,rinry
dataset/rinry/chu/017.wav,chu,rinry
dataset/rinry/chu/018.wav,chu,rinry
dataset/rinry/chu/019.wav,chu,rinry
dataset/rinry/chu/020.wav,chu,rinry
dataset/rinry/chu/021.wav,chu,rinry
dataset/rinry/chu/022.wav,chu,rinry
dataset/rinry/chu/023.wav,chu,rinry
dataset/rinry/chu/024.wav,chu,rinry
dataset/rinry/chu/025.wav,chu,rinry
dataset/rinry/chu/026.wav,chu,rinry
dataset/rinry/chu/027.wav,chu,rinry
dataset/rinry/chu/028.wav,chu,rinry
dataset/rinry/chu/029.wav,chu,rinry
dataset/rinry/chu/030.wav,chu,rinry
dataset/rinry/chu/031.wav,chu,rinry
dataset/rinry/chu/032.wav,chu,rinry
dataset/rinry/chu/033.wav,chu,rinry
dataset/rinry/chu/034.wav,chu,rinry
dataset/rinry/chu/035.wav,chu,rinry
dataset/rinry/da/001.wav,da,rinry
dataset/rinry/da/002.wav,da,rinry
dataset/rinry/da/003.wav,da,rinry
dataset/rinry/da/004.wav,da,rinry
dataset/rinry/da/005.wav,da,rinry
dataset/rinry/da/006.wav,da,rinry
dataset/rinry/da/007.wav,da,rinry
dataset/rinry/da/008.wav,da,rinry
dataset/rinry/da/009.wav,da,rinry
dataset/rinry/da/010.wav,da,rinry
dataset/rinry/da/011.wav,da,rinry
dataset/rinry/da/012.wav,da,rinry
dataset/rinry/da/013.wav,da,rinry
dataset/rinry/da/014.wav,da,rinry
dataset/rinry/da/015.wav,da,rinry
dataset/rinry/da/016.wav,da,rinry
dataset/rinry/da/017.wav,da,rinry
dataset/rinry/da/018.wav,da,rinry
dataset/rinry/da/019.wav,da,rinry
dataset/rinry/da/020.wav,da,rinry
dataset/rinry/da/021.wav,da,rinry
dataset/rinry/da/022.wav,da,rinry
dataset/rinry/da/023.wav,da,rinry
dataset/rinry/da/024.wav,da,rinry
dataset/rinry/da/025.wav,da,rinry
dataset/rinry/da/026.wav,da,rinry
dataset/rinry/da/027.wav,da,rinry
dataset/rinry/da/028.wav,da,rinry
dataset/rinry/da/029.wav,da,rinry
dataset/rinry/da/030.wav,da,rinry
dataset/rinry/da/031.wav,da,rinry
dataset/rinry/da/032.wav,da,rinry
dataset/rinry/da/033.wav,da,rinry
dataset/rinry/da/034.wav,da,rinry
dataset/rinry/da/035.wav,da,rinry
dataset/rinry/de/001.wav,de,rinry
dataset/rinry/de/002.wav,de,rinry
dataset/rinry/de/003.wav,de,rinry
dataset/rinry/de/004.wav,de,rinry
dataset/rinry/de/005.wav,de,rinry
dataset/rinry/de/006.wav,de,rinry
dataset/rinry/de/007.wav,de,rinry
dataset/rinry/de/008.wav,de,rinry
dataset/rinry/de/009.wav,de,rinry
dataset/rinry/de/010.wav,de,rinry
dataset/rinry/de/011.wav,de,rinry
dataset/rinry/de/012.wav,de,rinry
dataset/rinry/de/013.wav,de,rinry
dataset/rinry/de/014.wav,de,rinry
dataset/rinry/de/015.wav,de,rinry
dataset/rinry/de/016.wav,de,rinry
dataset/rinry/de/017.wav,de,rinry
dataset/rinry/de/018.wav,de,rinry
dataset/rinry/de/019.wav,de,rinry
dataset/rinry/de/020.wav,de,rinry
dataset/rinry/de/021.wav,de,rinry
dataset/rinry/de/022.wav,de,rinry
dataset/rinry/de/023.wav,de,rinry
dataset/rinry/de/024.wav,de,rinry
dataset/rinry/de/025.wav,de,rinry
dataset/rinry/de/026.wav,de,rinry
dataset/rinry/de/027.wav,de,rinry
dataset/rinry/de/028.wav,de,rinry
dataset/rinry/de/029.wav,de,rinry
dataset/rinry/de/030.wav,de,rinry
dataset/rinry/de/031.wav,de,rinry
dataset/rinry/de/032.wav,de,rinry
dataset/rinry/de/033.wav,de,rinry
dataset/rinry/de/034.wav,de,rinry
dataset/rinry/de/035.wav,de,rinry
dataset/rinry/di/001.wav,di,rinry
dataset/rinry/di/002.wav,di,rinry
dataset/rinry/di/003.wav,di,rinry
dataset/rinry/di/004.wav,di,rinry
dataset/rinry/di/005.wav,di,rinry
dataset/rinry/di/006.wav,di,rinry
dataset/rinry/di/007.wav,di,rinry
dataset/rinry/di/008.wav,di,rinry
dataset/rinry/di/009.wav,di,rinry
dataset/rinry/di/010.wav,di,rinry
dataset/rinry/di/011.wav,di,rinry
dataset/rinry/di/012.wav,di,rinry
dataset/rinry/di/013.wav,di,rinry
dataset/rinry/di/014.wav,di,rinry
dataset/rinry/di/015.wav,di,rinry
dataset/rinry/di/016.wav,di,rinry
dataset/rinry/di/017.wav,di,rinry
dataset/rinry/di/018.wav,di,rinry
dataset/rinry/di/019.wav,di,rinry
dataset/rinry/di/020.wav,di,rinry
dataset/rinry/di/021.wav,di,rinry
dataset/rinry/di/022.wav,di,rinry
dataset/rinry/di/023.wav,di,rinry
dataset/rinry/di/024.wav,di,rinry
dataset/rinry/di/025.wav,di,rinry
dataset/rinry/di/026.wav,di,rinry
dataset/rinry/di/027.wav,di,rinry
dataset/rinry/di/028.wav,di,rinry
dataset/rinry/di/029.wav,di,rinry
dataset/rinry/di/030.wav,di,rinry
dataset/rinry/di/031.wav,di,rinry
dataset/rinry/di/032.wav,di,rinry
dataset/rinry/di/033.wav,di,rinry
dataset/rinry/di/034.wav,di,rinry
dataset/rinry/di/035.wav,di,rinry
dataset/rinry/do/001.wav,do,rinry
dataset/rinry/do/002.wav,do,rinry
dataset/rinry/do/003.wav,do,rinry
dataset/rinry/do/004.wav,do,rinry
dataset/rinry/do/005.wav,do,rinry
dataset/rinry/do/006.wav,do,rinry
dataset/rinry/do/007.wav,do,rinry
dataset/rinry/do/008.wav,do,rinry
dataset/rinry/do/009.wav,do,rinry
dataset/rinry/do/010.wav,do,rinry
dataset/rinry/do/011.wav,do,rinry
dataset/rinry/do/012.wav,do,rinry
dataset/rinry/do/013.wav,do,rinry
dataset/rinry/do/014.wav,do,rinry
dataset/rinry/do/015.wav,do,rinry
dataset/rinry/do/016.wav,do,rinry
dataset/rinry/do/017.wav,do,rinry
dataset/rinry/do/018.wav,do,rinry
dataset/rinry/do/019.wav,do,rinry
dataset/rinry/do/020.wav,do,rinry
dataset/rinry/do/021.wav,do,rinry
dataset/rinry/do/022.wav,do,rinry
dataset/rinry/do/023.wav,do,rinry
dataset/rinry/do/024.wav,do,rinry
dataset/rinry/do/025.wav,do,rinry
dataset/rinry/do/026.wav,do,rinry
dataset/rinry/do/027.wav,do,rinry
dataset/rinry/do/028.wav,do,rinry
dataset/rinry/do/029.wav,do,rinry
dataset/rinry/do/030.wav,do,rinry
dataset/rinry/do/031.wav,do,rinry
dataset/rinry/do/032.wav,do,rinry
dataset/rinry/do/033.wav,do,rinry
dataset/rinry/do/034.wav,do,rinry
dataset/rinry/du/001.wav,du,rinry
dataset/rinry/du/002.wav,du,rinry
dataset/rinry/du/003.wav,du,rinry
dataset/rinry/du/004.wav,du,rinry
dataset/rinry/du/005.wav,du,rinry
dataset/rinry/du/006.wav,du,rinry
dataset/rinry/du/007.wav,du,rinry
dataset/rinry/du/008.wav,du,rinry
dataset/rinry/du/009.wav,du,rinry
dataset/rinry/du/010.wav,du,rinry
dataset/rinry/du/011.wav,du,rinry
dataset/rinry/du/012.wav,du,rinry
dataset/rinry/du/013.wav,du,rinry
dataset/rinry/du/014.wav,du,rinry
dataset/rinry/du/015.wav,du,rinry
dataset/rinry/du/016.wav,du,rinry
dataset/rinry/du/017.wav,du,rinry
dataset/rinry/du/018.wav,du,rinry
dataset/rinry/du/019.wav,du,rinry
dataset/rinry/du/020.wav,du,rinry
dataset/rinry/du/021.wav,du,rinry
dataset/rinry/du/022.wav,du,rinry
dataset/rinry/du/023.wav,du,rinry
dataset/rinry/du/024.wav,du,rinry
dataset/rinry/du/025.wav,du,rinry
dataset/rinry/du/026.wav,du,rinry
dataset/rinry/du/027.wav,du,rinry
dataset/rinry/du/028.wav,du,rinry
dataset/rinry/du/029.wav,du,rinry
dataset/rinry/du/030.wav,du,rinry
dataset/rinry/du/031.wav,du,rinry
dataset/rinry/du/032.wav,du,rinry
dataset/rinry/du/033.wav,du,rinry
dataset/rinry/du/034.wav,du,rinry
dataset/rinry/du/035.wav,du,rinry
dataset/rinry/e/001.wav,e,rinry
dataset/rinry/e/002.wav,e,rinry
dataset/rinry/e/003.wav,e,rinry
dataset/rinry/e/004.wav,e,rinry
dataset/rinry/e/005.wav,e,rinry
dataset/rinry/e/006.wav,e,rinry
dataset/rinry/e/007.wav,e,rinry
dataset/rinry/e/008.wav,e,rinry
dataset/rinry/e/009.wav,e,rinry
dataset/rinry/e/010.wav,e,rinry
dataset/rinry/e/011.wav,e,rinry
dataset/rinry/e/012.wav,e,rinry
dataset/rinry/e/013.wav,e,rinry
dataset/rinry/e/014.wav,e,rinry
dataset/rinry/e/015.wav,e,rinry
dataset/rinry/e/016.wav,e,rinry
dataset/rinry/e/017.wav,e,rinry
dataset/rinry/e/018.wav,e,rinry
dataset/rinry/e/019.wav,e,rinry
dataset/rinry/e/020.wav,e,rinry
dataset/rinry/e/021.wav,e,rinry
dataset/rinry/e/022.wav,e,rinry
dataset/rinry/e/023.wav,e,rinry
dataset/rinry/e/024.wav,e,rinry
dataset/rinry/e/025.wav,e,rinry
dataset/rinry/e/026.wav,e,rinry
dataset/rinry/e/027.wav,e,rinry
dataset/rinry/e/028.wav,e,rinry
dataset/rinry/e/029.wav,e,rinry
dataset/rinry/e/030.wav,e,rinry
dataset/rinry/e/031.wav,e,rinry
dataset/rinry/e/032.wav,e,rinry
dataset/rinry/e/033.wav,e,rinry
dataset/rinry/e/034.wav,e,rinry
dataset/rinry/e/035.wav,e,rinry
dataset/rinry/fu/001.wav,fu,rinry
dataset/rinry/fu/002.wav,fu,rinry
dataset/rinry/fu/003.wav,fu,rinry
dataset/rinry/fu/004.wav,fu,rinry
dataset/rinry/fu/005.wav,fu,rinry
dataset/rinry/fu/006.wav,fu,rinry
dataset/rinry/fu/007.wav,fu,rinry
dataset/rinry/fu/008.wav,fu,rinry
dataset/rinry/fu/009.wav,fu,rinry
dataset/rinry/fu/010.wav,fu,rinry
dataset/rinry/fu/011.wav,fu,rinry
dataset/rinry/fu/012.wav,fu,rinry
dataset/rinry/fu/013.wav,fu,rinry
dataset/rinry/fu/014.wav,fu,rinry
dataset/rinry/fu/015.wav,fu,rinry
dataset/rinry/fu/016.wav,fu,rinry
dataset/rinry/fu/017.wav,fu,rinry
dataset/rinry/fu/018.wav,fu,rinry
dataset/rinry/fu/019.wav,fu,rinry
dataset/rinry/fu/020.wav,fu,rinry
dataset/rinry/fu/021.wav,fu,rinry
dataset/rinry/fu/022.wav,fu,rinry
dataset/rinry/fu/023.wav,fu,rinry
dataset/rinry/fu/024.wav,fu,rinry
dataset/rinry/fu/025.wav,fu,rinry
dataset/rinry/fu/026.wav,fu,rinry
dataset/rinry/fu/027.wav,fu,rinry
dataset/rinry/fu/028.wav,fu,rinry
dataset/rinry/fu/029.wav,fu,rinry
dataset/rinry/fu/030.wav,fu,rinry
dataset/rinry/fu/031.wav,fu,rinry
dataset/rinry/fu/032.wav,fu,rinry
dataset/rinry/fu/033.wav,fu,rinry
dataset/rinry/fu/034.wav,fu,rinry
dataset/rinry/fu/035.wav,fu,rinry
dataset/rinry/ga/001.wav,ga,rinry
dataset/rinry/ga/002.wav,ga,rinry
dataset/rinry/ga/003.wav,ga,rinry
dataset/rinry/ga/004.wav,ga,rinry
dataset/rinry/ga/005.wav,ga,rinry
dataset/rinry/ga/006.wav,ga,rinry
dataset/rinry/ga/007.wav,ga,rinry
dataset/rinry/ga/008.wav,ga,rinry
dataset/rinry/ga/009.wav,ga,rinry
dataset/rinry/ga/010.wav,ga,rinry
dataset/rinry/ga/011.wav,ga,rinry
dataset/rinry/ga/012.wav,ga,rinry
dataset/rinry/ga/013.wav,ga,rinry
dataset/rinry/ga/014.wav,ga,rinry
dataset/rinry/ga/015.wav,ga,rinry
dataset/rinry/ga/016.wav,ga,rinry
dataset/rinry/ga/017.wav,ga,rinry
dataset/rinry/ga/018.wav,ga,rinry
dataset/rinry/ga/019.wav,ga,rinry
dataset/rinry/ga/020.wav,ga,rinry
dataset/rinry/ga/021.wav,ga,rinry
dataset/rinry/ga/022.wav,ga,rinry
dataset/rinry/ga/023.wav,ga,rinry
dataset/rinry/ga/024.wav,ga,rinry
dataset/rinry/ga/025.wav,ga,rinry
dataset/rinry/ga/026.wav,ga,rinry
dataset/rinry/ga/027.wav,ga,rinry
dataset/rinry/ga/028.wav,ga,rinry
dataset/rinry/ga/029.wav,ga,rinry
dataset/rinry/ga/030.wav,ga,rinry
dataset/rinry/ga/031.wav,ga,rinry
dataset/rinry/ga/032.wav,ga,rinry
dataset/rinry/ga/033.wav,ga,rinry
dataset/rinry/ga/034.wav,ga,rinry
dataset/rinry/ga/035.wav,ga,rinry
dataset/rinry/ge/001.wav,ge,rinry
dataset/rinry/ge/002.wav,ge,rinry
dataset/rinry/ge/003.wav,ge,rinry
dataset/rinry/ge/004.wav,ge,rinry
dataset/rinry/ge/005.wav,ge,rinry
dataset/rinry/ge/006.wav,ge,rinry
dataset/rinry/ge/007.wav,ge,rinry
dataset/rinry/ge/008.wav,ge,rinry
dataset/rinry/ge/009.wav,ge,rinry
dataset/rinry/ge/010.wav,ge,rinry
dataset/rinry/ge/011.wav,ge,rinry
dataset/rinry/ge/012.wav,ge,rinry
dataset/rinry/ge/013.wav,ge,rinry
dataset/rinry/ge/014.wav,ge,rinry
dataset/rinry/ge/015.wav,ge,rinry
dataset/rinry/ge/016.wav,ge,rinry
dataset/rinry/ge/017.wav,ge,rinry
dataset/rinry/ge/018.wav,ge,rinry
dataset/rinry/ge/019.wav,ge,rinry
dataset/rinry/ge/020.wav,ge,rinry
dataset/rinry/ge/021.wav,ge,rinry
dataset/rinry/ge/022.wav,ge,rinry
dataset/rinry/ge/023.wav,ge,rinry
dataset/rinry/ge/024.wav,ge,rinry
dataset/rinry/ge/025.wav,ge,rinry
dataset/rinry/ge/026.wav,ge,rinry
dataset/rinry/ge/027.wav,ge,rinry
dataset/rinry/ge/028.wav,ge,rinry
dataset/rinry/ge/029.wav,ge,rinry
dataset/rinry/ge/030.wav,ge,rinry
dataset/rinry/ge/031.wav,ge,rinry
dataset/rinry/ge/032.wav,ge,rinry
dataset/rinry/ge/033.wav,ge,rinry
dataset/rinry/ge/034.wav,ge,rinry
dataset/rinry/ge/035.wav,ge,rinry
dataset/rinry/gi/001.wav,gi,rinry
dataset/rinry/gi/002.wav,gi,rinry
dataset/rinry/gi/003.wav,gi,rinry
dataset/rinry/gi/004.wav,gi,rinry
dataset/rinry/gi/005.wav,gi,rinry
dataset/rinry/gi/006.wav,gi,rinry
dataset/rinry/gi/007.wav,gi,rinry
dataset/rinry/gi/008.wav,gi,rinry
dataset/rinry/gi/009.wav,gi,rinry
dataset/rinry/gi/010.wav,gi,rinry
dataset/rinry/gi/011.wav,gi,rinry
dataset/rinry/gi/012.wav,gi,rinry
dataset/rinry/gi/013.wav,gi,rinry
dataset/rinry/gi/014.wav,gi,rinry
dataset/rinry/gi/015.wav,gi,rinry
dataset/rinry/gi/016.wav,gi,rinry
dataset/rinry/gi/017.wav,gi,rinry
dataset/rinry/gi/018.wav,gi,rinry
dataset/rinry/gi/019.wav,gi,rinry
dataset/rinry/gi/020.wav,gi,rinry
dataset/rinry/gi/021.wav,gi,rinry
dataset/rinry/gi/022.wav,gi,rinry
dataset/rinry/gi/023.wav,gi,rinry
dataset/rinry/gi/024.wav,gi,rinry
dataset/rinry/gi/025.wav,gi,rinry
dataset/rinry/gi/026.wav,gi,rinry
dataset/rinry/gi/027.wav,gi,rinry
dataset/rinry/gi/028.wav,gi,rinry
dataset/rinry/gi/029.wav,gi,rinry
dataset/rinry/gi/030.wav,gi,rinry
dataset/rinry/gi/031.wav,gi,rinry
dataset/rinry/gi/032.wav,gi,rinry
dataset/rinry/gi/034.wav,gi,rinry
dataset/rinry/gi/035.wav,gi,rinry
dataset/rinry/go/001.wav,go,rinry
dataset/rinry/go/002.wav,go,rinry
dataset/rinry/go/003.wav,go,rinry
dataset/rinry/go/004.wav,go,rinry
dataset/rinry/go/005.wav,go,rinry
dataset/rinry/go/006.wav,go,rinry
dataset/rinry/go/007.wav,go,rinry
dataset/rinry/go/008.wav,go,rinry
dataset/rinry/go/009.wav,go,rinry
dataset/rinry/go/010.wav,go,rinry
dataset/rinry/go/011.wav,go,rinry
dataset/rinry/go/012.wav,go,rinry
dataset/rinry/go/013.wav,go,rinry
dataset/rinry/go/014.wav,go,rinry
dataset/rinry/go/015.wav,go,rinry
dataset/rinry/go/016.wav,go,rinry
dataset/rinry/go/017.wav,go,rinry
dataset/rinry/go/018.wav,go,rinry
dataset/rinry/go/019.wav,go,rinry
dataset/rinry/go/020.wav,go,rinry
dataset/rinry/go/021.wav,go,rinry
dataset/rinry/go/022.wav,go,rinry
dataset/rinry/go/023.wav,go,rinry
dataset/rinry/go/024.wav,go,rinry
dataset/rinry/go/025.wav,go,rinry
dataset/rinry/go/026.wav,go,rinry
dataset/rinry/go/027.wav,go,rinry
dataset/rinry/go/028.wav,go,rinry
dataset/rinry/go/029.wav,go,rinry
dataset/rinry/go/030.wav,go,rinry
dataset/rinry/go/031.wav,go,rinry
dataset/rinry/go/032.wav,go,rinry
dataset/rinry/go/033.wav,go,rinry
dataset/rinry/go/034.wav,go,rinry
dataset/rinry/go/035.wav,go,rinry
dataset/rinry/gu/001.wav,gu,rinry
dataset/rinry/gu/002.wav,gu,rinry
dataset/rinry/gu/003.wav,gu,rinry
dataset/rinry/gu/004.wav,gu,rinry
dataset/rinry/gu/005.wav,gu,rinry
dataset/rinry/gu/006.wav,gu,rinry
dataset/rinry/gu/007.wav,gu,rinry
dataset/rinry/gu/008.wav,gu,rinry
dataset/rinry/gu/009.wav,gu,rinry
dataset/rinry/gu/010.wav,gu,rinry
dataset/rinry/gu/011.wav,gu,rinry
dataset/rinry/gu/012.wav,gu,rinry
dataset/rinry/gu/013.wav,gu,rinry
dataset/rinry/gu/014.wav,gu,rinry
dataset/rinry/gu/015.wav,gu,rinry
dataset/rinry/gu/016.wav,gu,rinry
dataset/rinry/gu/017.wav,gu,rinry
dataset/rinry/gu/018.wav,gu,rinry
dataset/rinry/gu/019.wav,gu,rinry
dataset/rinry/gu/020.wav,gu,rinry
dataset/rinry/gu/021.wav,gu,rinry
dataset/rinry/gu/022.wav,gu,rinry
dataset/rinry/gu/023.wav,gu,rinry
dataset/rinry/gu/024.wav,gu,rinry
dataset/rinry/gu/025.wav,gu,rinry
dataset/rinry/gu/026.wav,gu,rinry
dataset/rinry/gu/027.wav,gu,rinry
dataset/rinry/gu/028.wav,gu,rinry
dataset/rinry/gu/029.wav,gu,rinry
dataset/rinry/gu/030.wav,gu,rinry
dataset/rinry/gu/031.wav,gu,rinry
dataset/rinry/gu/032.wav,gu,rinry
dataset/rinry/gu/033.wav,gu,rinry
dataset/rinry/gu/034.wav,gu,rinry
dataset/rinry/gu/035.wav,gu,rinry
dataset/rinry/gya/001.wav,gya,rinry
dataset/rinry/gya/002.wav,gya,rinry
dataset/rinry/gya/003.wav,gya,rinry
dataset/rinry/gya/004.wav,gya,rinry
dataset/rinry/gya/005.wav,gya,rinry
dataset/rinry/gya/006.wav,gya,rinry
dataset/rinry/gya/007.wav,gya,rinry
dataset/rinry/gya/008.wav,gya,rinry
dataset/rinry/gya/009.wav,gya,rinry
dataset/rinry/gya/010.wav,gya,rinry
dataset/rinry/gya/011.wav,gya,rinry
dataset/rinry/gya/012.wav,gya,rinry
dataset/rinry/gya/013.wav,gya,rinry
dataset/rinry/gya/014.wav,gya,rinry
dataset/rinry/gya/015.wav,gya,rinry
dataset/rinry/gya/016.wav,gya,rinry
dataset/rinry/gya/017.wav,gya,rinry
dataset/rinry/gya/018.wav,gya,rinry
dataset/rinry/gya/019.wav,gya,rinry
dataset/rinry/gya/020.wav,gya,rinry
dataset/rinry/gya/021.wav,gya,rinry
dataset/rinry/gya/022.wav,gya,rinry
dataset/rinry/gya/023.wav,gya,rinry
dataset/rinry/gya/024.wav,gya,rinry
dataset/rinry/gya/025.wav,gya,rinry
dataset/rinry/gya/026.wav,gya,rinry
dataset/rinry/gya/027.wav,gya,rinry
dataset/rinry/gya/028.wav,gya,rinry
dataset/rinry/gya/029.wav,gya,rinry
dataset/rinry/gya/030.wav,gya,rinry
dataset/rinry/gya/031.wav,gya,rinry
dataset/rinry/gya/032.wav,gya,rinry
dataset/rinry/gya/034.wav,gya,rinry
dataset/rinry/gya/035.wav,gya,rinry
dataset/rinry/gyo/001.wav,gyo,rinry
dataset/rinry/gyo/002.wav,gyo,rinry
dataset/rinry/gyo/003.wav,gyo,rinry
dataset/rinry/gyo/004.wav,gyo,rinry
dataset/rinry/gyo/005.wav,gyo,rinry
dataset/rinry/gyo/006.wav,gyo,rinry
dataset/rinry/gyo/007.wav,gyo,rinry
dataset/rinry/gyo/008.wav,gyo,rinry
dataset/rinry/gyo/009.wav,gyo,rinry
dataset/rinry/gyo/010.wav,gyo,rinry
dataset/rinry/gyo/011.wav,gyo,rinry
dataset/rinry/gyo/012.wav,gyo,rinry
dataset/rinry/gyo/013.wav,gyo,rinry
dataset/rinry/gyo/014.wav,gyo,rinry
dataset/rinry/gyo/015.wav,gyo,rinry
dataset/rinry/gyo/016.wav,gyo,rinry
dataset/rinry/gyo/017.wav,gyo,rinry
dataset/rinry/gyo/018.wav,gyo,rinry
dataset/rinry/gyo/019.wav,gyo,rinry
dataset/rinry/gyo/020.wav,gyo,rinry
dataset/rinry/gyo/021.wav,gyo,rinry
dataset/rinry/gyo/022.wav,gyo,rinry
dataset/rinry/gyo/023.wav,gyo,rinry
dataset/rinry/gyo/024.wav,gyo,rinry
dataset/rinry/gyo/025.wav,gyo,rinry
dataset/rinry/gyo/026.wav,gyo,rinry
dataset/rinry/gyo/027.wav,gyo,rinry
dataset/rinry/gyo/028.wav,gyo,rinry
dataset/rinry/gyo/029.wav,gyo,rinry
dataset/rinry/gyo/030.wav,gyo,rinry
dataset/rinry/gyo/031.wav,gyo,rinry
dataset/rinry/gyo/032.wav,gyo,rinry
dataset/rinry/gyo/033.wav,gyo,rinry
dataset/rinry/gyo/034.wav,gyo,rinry
dataset/rinry/gyo/035.wav,gyo,rinry
dataset/rinry/gyu/001.wav,gyu,rinry
dataset/rinry/gyu/002.wav,gyu,rinry
dataset/rinry/gyu/003.wav,gyu,rinry
dataset/rinry/gyu/004.wav,gyu,rinry
dataset/rinry/gyu/005.wav,gyu,rinry
dataset/rinry/gyu/006.wav,gyu,rinry
dataset/rinry/gyu/007.wav,gyu,rinry
dataset/rinry/gyu/008.wav,gyu,rinry
dataset/rinry/gyu/009.wav,gyu,rinry
dataset/rinry/gyu/010.wav,gyu,rinry
dataset/rinry/gyu/011.wav,gyu,rinry
dataset/rinry/gyu/012.wav,gyu,rinry
dataset/rinry/gyu/013.wav,gyu,rinry
dataset/rinry/gyu/014.wav,gyu,rinry
dataset/rinry/gyu/015.wav,gyu,rinry
dataset/rinry/gyu/016.wav,gyu,rinry
dataset/rinry/gyu/017.wav,gyu,rinry
dataset/rinry/gyu/018.wav,gyu,rinry
dataset/rinry/gyu/019.wav,gyu,rinry
dataset/rinry/gyu/020.wav,gyu,rinry
dataset/rinry/gyu/021.wav,gyu,rinry
dataset/rinry/gyu/022.wav,gyu,rinry
dataset/rinry/gyu/023.wav,gyu,rinry
dataset/rinry/gyu/024.wav,gyu,rinry
dataset/rinry/gyu/025.wav,gyu,rinry
dataset/rinry/gyu/026.wav,gyu,rinry
dataset/rinry/gyu/027.wav,gyu,rinry
dataset/rinry/gyu/028.wav,gyu,rinry
dataset/rinry/gyu/029.wav,gyu,rinry
dataset/rinry/gyu/030.wav,gyu,rinry
dataset/rinry/gyu/031.wav,gyu,rinry
dataset/rinry/gyu/032.wav,gyu,rinry
dataset/rinry/gyu/033.wav,gyu,rinry
dataset/rinry/gyu/034.wav,gyu,rinry
dataset/rinry/gyu/035.wav,gyu,rinry
dataset/rinry/ha/001.wav,ha,rinry
dataset/rinry/ha/002.wav,ha,rinry
dataset/rinry/ha/003.wav,ha,rinry
dataset/rinry/ha/004.wav,ha,rinry
dataset/rinry/ha/005.wav,ha,rinry
dataset/rinry/ha/006.wav,ha,rinry
dataset/rinry/ha/007.wav,ha,rinry
dataset/rinry/ha/008.wav,ha,rinry
dataset/rinry/ha/009.wav,ha,rinry
dataset/rinry/ha/010.wav,ha,rinry
dataset/rinry/ha/011.wav,ha,rinry
dataset/rinry/ha/012.wav,ha,rinry
dataset/rinry/ha/013.wav,ha,rinry
dataset/rinry/ha/014.wav,ha,rinry
dataset/rinry/ha/015.wav,ha,rinry
dataset/rinry/ha/016.wav,ha,rinry
dataset/rinry/ha/017.wav,ha,rinry
dataset/rinry/ha/018.wav,ha,rinry
dataset/rinry/ha/019.wav,ha,rinry
dataset/rinry/ha/020.wav,ha,rinry
dataset/rinry/ha/021.wav,ha,rinry
dataset/rinry/ha/022.wav,ha,rinry
dataset/rinry/ha/023.wav,ha,rinry
dataset/rinry/ha/024.wav,ha,rinry
dataset/rinry/ha/025.wav,ha,rinry
dataset/rinry/ha/026.wav,ha,rinry
dataset/rinry/ha/027.wav,ha,rinry
dataset/rinry/ha/028.wav,ha,rinry
dataset/rinry/ha/029.wav,ha,rinry
dataset/rinry/ha/030.wav,ha,rinry
dataset/rinry/ha/031.wav,ha,rinry
dataset/rinry/ha/032.wav,ha,rinry
dataset/rinry/ha/033.wav,ha,rinry
dataset/rinry/ha/034.wav,ha,rinry
dataset/rinry/ha/035.wav,ha,rinry
dataset/rinry/he/001.wav,he,rinry
dataset/rinry/he/002.wav,he,rinry
dataset/rinry/he/003.wav,he,rinry
dataset/rinry/he/004.wav,he,rinry
dataset/rinry/he/005.wav,he,rinry
dataset/rinry/he/006.wav,he,rinry
dataset/rinry/he/007.wav,he,rinry
dataset/rinry/he/008.wav,he,rinry
dataset/rinry/he/009.wav,he,rinry
dataset/rinry/he/010.wav,he,rinry
dataset/rinry/he/011.wav,he,rinry
dataset/rinry/he/012.wav,he,rinry
dataset/rinry/he/013.wav,he,rinry
dataset/rinry/he/014.wav,he,rinry
dataset/rinry/he/015.wav,he,rinry
dataset/rinry/he/016.wav,he,rinry
dataset/rinry/he/017.wav,he,rinry
dataset/rinry/he/018.wav,he,rinry
dataset/rinry/he/019.wav,he,rinry
dataset/rinry/he/020.wav,he,rinry
dataset/rinry/he/021.wav,he,rinry
dataset/rinry/he/022.wav,he,rinry
dataset/rinry/he/023.wav,he,rinry
dataset/rinry/he/024.wav,he,rinry
dataset/rinry/he/025.wav,he,rinry
dataset/rinry/he/026.wav,he,rinry
dataset/rinry/he/027.wav,he,rinry
dataset/rinry/he/028.wav,he,rinry
dataset/rinry/he/029.wav,he,rinry
dataset/rinry/he/030.wav,he,rinry
dataset/rinry/he/031.wav,he,rinry
dataset/rinry/he/032.wav,he,rinry
dataset/rinry/he/033.wav,he,rinry
dataset/rinry/he/034.wav,he,rinry
dataset/rinry/he/035.wav,he,rinry
dataset/rinry/hi/001.wav,hi,rinry
dataset/rinry/hi/002.wav,hi,rinry
dataset/rinry/hi/003.wav,hi,rinry
dataset/rinry/hi/004.wav,hi,rinry
dataset/rinry/hi/005.wav,hi,rinry
dataset/rinry/hi/006.wav,hi,rinry
dataset/rinry/hi/007.wav,hi,rinry
dataset/rinry/hi/008.wav,hi,rinry
dataset/rinry/hi/009.wav,hi,rinry
dataset/rinry/hi/010.wav,hi,rinry
dataset/rinry/hi/011.wav,hi,rinry
dataset/rinry/hi/012.wav,hi,rinry
dataset/rinry/hi/013.wav,hi,rinry
dataset/rinry/hi/014.wav,hi,rinry
dataset/rinry/hi/015.wav,hi,rinry
dataset/rinry/hi/016.wav,hi,rinry
dataset/rinry/hi/017.wav,hi,rinry
dataset/rinry/hi/018.wav,hi,rinry
dataset/rinry/hi/019.wav,hi,rinry
dataset/rinry/hi/020.wav,hi,rinry
dataset/rinry/hi/021.wav,hi,rinry
dataset/rinry/hi/022.wav,hi,rinry
dataset/rinry/hi/023.wav,hi,rinry
dataset/rinry/hi/024.wav,hi,rinry
dataset/rinry/hi/025.wav,hi,rinry
dataset/rinry/hi/026.wav,hi,rinry
dataset/rinry/hi/027.wav,hi,rinry
dataset/rinry/hi/028.wav,hi,rinry
dataset/rinry/hi/029.wav,hi,rinry
dataset/rinry/hi/030.wav,hi,rinry
dataset/rinry/hi/031.wav,hi,rinry
dataset/rinry/hi/033.wav,hi,rinry
dataset/rinry/hi/034.wav,hi,rinry
dataset/rinry/hi/035.wav,hi,rinry
dataset/rinry/ho/001.wav,ho,rinry
dataset/rinry/ho/002.wav,ho,rinry
dataset/rinry/ho/003.wav,ho,rinry
dataset/rinry/ho/004.wav,ho,rinry
dataset/rinry/ho/005.wav,ho,rinry
dataset/rinry/ho/006.wav,ho,rinry
dataset/rinry/ho/007.wav,ho,rinry
dataset/rinry/ho/008.wav,ho,rinry
dataset/rinry/ho/009.wav,ho,rinry
dataset/rinry/ho/010.wav,ho,rinry
dataset/rinry/ho/011.wav,ho,rinry
dataset/rinry/ho/012.wav,ho,rinry
dataset/rinry/ho/013.wav,ho,rinry
dataset/rinry/ho/014.wav,ho,rinry
dataset/rinry/ho/015.wav,ho,rinry
dataset/rinry/ho/016.wav,ho,rinry
dataset/rinry/ho/017.wav,ho,rinry
dataset/rinry/ho/018.wav,ho,rinry
dataset/rinry/ho/019.wav,ho,rinry
dataset/rinry/ho/020.wav,ho,rinry
dataset/rinry/ho/022.wav,ho,rinry
dataset/rinry/ho/023.wav,ho,rinry
dataset/rinry/ho/024.wav,ho,rinry
dataset/rinry/ho/025.wav,ho,rinry
dataset/rinry/ho/026.wav,ho,rinry
dataset/rinry/ho/027.wav,ho,rinry
dataset/rinry/ho/028.wav,ho,rinry
dataset/rinry/ho/029.wav,ho,rinry
dataset/rinry/ho/030.wav,ho,rinry
dataset/rinry/ho/031.wav,ho,rinry
dataset/rinry/ho/032.wav,ho,rinry
dataset/rinry/ho/033.wav,ho,rinry
dataset/rinry/ho/034.wav,ho,rinry
dataset/rinry/ho/035.wav,ho,rinry
dataset/rinry/hya/001.wav,hya,rinry
dataset/rinry/hya/002.wav,hya,rinry
dataset/rinry/hya/003.wav,hya,rinry
dataset/rinry/hya/004.wav,hya,rinry
dataset/rinry/hya/005.wav,hya,rinry
dataset/rinry/hya/006.wav,hya,rinry
dataset/rinry/hya/007.wav,hya,rinry
dataset/rinry/hya/008.wav,hya,rinry
dataset/rinry/hya/009.wav,hya,rinry
dataset/rinry/hya/010.wav,hya,rinry
dataset/rinry/hya/011.wav,hya,rinry
dataset/rinry/hya/012.wav,hya,rinry
dataset/rinry/hya/013.wav,hya,rinry
dataset/rinry/hya/014.wav,hya,rinry
dataset/rinry/hya/015.wav,hya,rinry
dataset/rinry/hya/016.wav,hya,rinry
dataset/rinry/hya/017.wav,hya,rinry
dataset/rinry/hya/018.wav,hya,rinry
dataset/rinry/hya/019.wav,hya,rinry
dataset/rinry/hya/020.wav,hya,rinry
dataset/rinry/hya/021.wav,hya,rinry
dataset/rinry/hya/022.wav,hya,rinry
dataset/rinry/hya/023.wav,hya,rinry
dataset/rinry/hya/024.wav,hya,rinry
dataset/rinry/hya/025.wav,hya,rinry
dataset/rinry/hya/026.wav,hya,rinry
dataset/rinry/hya/027.wav,hya,rinry
dataset/rinry/hya/028.wav,hya,rinry
dataset/rinry/hya/029.wav,hya,rinry
dataset/rinry/hya/030.wav,hya,rinry
dataset/rinry/hya/031.wav,hya,rinry
dataset/rinry/hya/032.wav,hya,rinry
dataset/rinry/hya/033.wav,hya,rinry
dataset/rinry/hya/034.wav,hya,rinry
dataset/rinry/hya/035.wav,hya,rinry
dataset/rinry/hyo/001.wav,hyo,rinry
dataset/rinry/hyo/002.wav,hyo,rinry
dataset/rinry/hyo/003.wav,hyo,rinry
dataset/rinry/hyo/004.wav,hyo,rinry
dataset/rinry/hyo/005.wav,hyo,rinry
dataset/rinry/hyo/006.wav,hyo,rinry
dataset/rinry/hyo/007.wav,hyo,rinry
dataset/rinry/hyo/008.wav,hyo,rinry
dataset/rinry/hyo/009.wav,hyo,rinry
dataset/rinry/hyo/010.wav,hyo,rinry
dataset/rinry/hyo/011.wav,hyo,rinry
dataset/rinry/hyo/012.wav,hyo,rinry
dataset/rinry/hyo/013.wav,hyo,rinry
dataset/rinry/hyo/014.wav,hyo,rinry
dataset/rinry/hyo/015.wav,hyo,rinry
dataset/rinry/hyo/016.wav,hyo,rinry
dataset/rinry/hyo/017.wav,hyo,rinry
dataset/rinry/hyo/018.wav,hyo,rinry
dataset/rinry/hyo/019.wav,hyo,rinry
dataset/rinry/hyo/020.wav,hyo,rinry
dataset/rinry/hyo/021.wav,hyo,rinry
dataset/rinry/hyo/022.wav,hyo,rinry
dataset/rinry/hyo/023.wav,hyo,rinry
dataset/rinry/hyo/024.wav,hyo,rinry
dataset/rinry/hyo/025.wav,hyo,rinry
dataset/rinry/hyo/026.wav,hyo,rinry
dataset/rinry/hyo/027.wav,hyo,rinry
dataset/rinry/hyo/028.wav,hyo,rinry
dataset/rinry/hyo/029.wav,hyo,rinry
dataset/rinry/hyo/030.wav,hyo,rinry
dataset/rinry/hyo/031.wav,hyo,rinry
dataset/rinry/hyo/032.wav,hyo,rinry
dataset/rinry/hyo/033.wav,hyo,rinry
dataset/rinry/hyo/034.wav,hyo,rinry
dataset/rinry/hyo/035.wav,hyo,rinry
dataset/rinry/hyu/001.wav,hyu,rinry
dataset/rinry/hyu/002.wav,hyu,rinry
dataset/rinry/hyu/003.wav,hyu,rinry
dataset/rinry/hyu/004.wav,hyu,rinry
dataset/rinry/hyu/005.wav,hyu,rinry
dataset/rinry/hyu/006.wav,hyu,rinry
dataset/rinry/hyu/007.wav,hyu,rinry
dataset/rinry/hyu/008.wav,hyu,rinry
dataset/rinry/hyu/009.wav,hyu,rinry
dataset/rinry/hyu/010.wav,hyu,rinry
dataset/rinry/hyu/011.wav,hyu,rinry
dataset/rinry/hyu/012.wav,hyu,rinry
dataset/rinry/hyu/013.wav,hyu,rinry
dataset/rinry/hyu/014.wav,hyu,rinry
dataset/rinry/hyu/015.wav,hyu,rinry
dataset/rinry/hyu/016.wav,hyu,rinry
dataset/rinry/hyu/017.wav,hyu,rinry
dataset/rinry/hyu/018.wav,hyu,rinry
dataset/rinry/hyu/019.wav,hyu,rinry
dataset/rinry/hyu/020.wav,hyu,rinry
dataset/rinry/hyu/021.wav,hyu,rinry
dataset/rinry/hyu/022.wav,hyu,rinry
dataset/rinry/hyu/023.wav,hyu,rinry
dataset/rinry/hyu/024.wav,hyu,rinry
dataset/rinry/hyu/025.wav,hyu,rinry
dataset/rinry/hyu/026.wav,hyu,rinry
dataset/rinry/hyu/027.wav,hyu,rinry
dataset/rinry/hyu/028.wav,hyu,rinry
dataset/rinry/hyu/029.wav,hyu,rinry
dataset/rinry/hyu/030.wav,hyu,rinry
dataset/rinry/hyu/031.wav,hyu,rinry
dataset/rinry/hyu/032.wav,hyu,rinry
dataset/rinry/hyu/033.wav,hyu,rinry
dataset/rinry/hyu/034.wav,hyu,rinry
dataset/rinry/hyu/035.wav,hyu,rinry
dataset/rinry/i/001.wav,i,rinry
dataset/rinry/i/002.wav,i,rinry
dataset/rinry/i/003.wav,i,rinry
dataset/rinry/i/004.wav,i,rinry
dataset/rinry/i/005.wav,i,rinry
dataset/rinry/i/006.wav,i,rinry
dataset/rinry/i/007.wav,i,rinry
dataset/rinry/i/008.wav,i,rinry
dataset/rinry/i/009.wav,i,rinry
dataset/rinry/i/010.wav,i,rinry
dataset/rinry/i/011.wav,i,rinry
dataset/rinry/i/012.wav,i,rinry
dataset/rinry/i/013.wav,i,rinry
dataset/rinry/i/014.wav,i,rinry
dataset/rinry/i/015.wav,i,rinry
dataset/rinry/i/016.wav,i,rinry
dataset/rinry/i/017.wav,i,rinry
dataset/rinry/i/018.wav,i,rinry
dataset/rinry/i/019.wav,i,rinry
dataset/rinry/i/020.wav,i,rinry
dataset/rinry/i/021.wav,i,rinry
dataset/rinry/i/022.wav,i,rinry
dataset/rinry/i/023.wav,i,rinry
dataset/rinry/i/024.wav,i,rinry
dataset/rinry/i/025.wav,i,rinry
dataset/rinry/i/026.wav,i,rinry
dataset/rinry/i/027.wav,i,rinry
dataset/rinry/i/028.wav,i,rinry
dataset/rinry/i/029.wav,i,rinry
dataset/rinry/i/030.wav,i,rinry
dataset/rinry/i/032.wav,i,rinry
dataset/rinry/i/033.wav,i,rinry
dataset/rinry/i/034.wav,i,rinry
dataset/rinry/i/035.wav,i,rinry
dataset/rinry/ja/001.wav,ja,rinry
dataset/rinry/ja/002.wav,ja,rinry
dataset/rinry/ja/003.wav,ja,rinry
dataset/rinry/ja/004.wav,ja,rinry
dataset/rinry/ja/005.wav,ja,rinry
dataset/rinry/ja/006.wav,ja,rinry
dataset/rinry/ja/007.wav,ja,rinry
dataset/rinry/ja/008.wav,ja,rinry
dataset/rinry/ja/009.wav,ja,rinry
dataset/rinry/ja/010.wav,ja,rinry
dataset/rinry/ja/011.wav,ja,rinry
dataset/rinry/ja/012.wav,ja,rinry
dataset/rinry/ja/013.wav,ja,rinry
dataset/rinry/ja/014.wav,ja,rinry
dataset/rinry/ja/015.wav,ja,rinry
dataset/rinry/ja/016.wav,ja,rinry
dataset/rinry/ja/017.wav,ja,rinry
dataset/rinry/ja/018.wav,ja,rinry
dataset/rinry/ja/019.wav,ja,rinry
dataset/rinry/ja/020.wav,ja,rinry
dataset/rinry/ja/021.wav,ja,rinry
dataset/rinry/ja/022.wav,ja,rinry
dataset/rinry/ja/023.wav,ja,rinry
dataset/rinry/ja/024.wav,ja,rinry
dataset/rinry/ja/025.wav,ja,rinry
dataset/rinry/ja/026.wav,ja,rinry
dataset/rinry/ja/027.wav,ja,rinry
dataset/rinry/ja/028.wav,ja,rinry
dataset/rinry/ja/029.wav,ja,rinry
dataset/rinry/ja/030.wav,ja,rinry
dataset/rinry/ja/031.wav,ja,rinry
dataset/rinry/ja/032.wav,ja,rinry
dataset/rinry/ja/033.wav,ja,rinry
dataset/rinry/ja/034.wav,ja,rinry
dataset/rinry/ja/035.wav,ja,rinry
dataset/rinry/ji/001.wav,ji,rinry
dataset/rinry/ji/002.wav,ji,rinry
dataset/rinry/ji/003.wav,ji,rinry
dataset/rinry/ji/004.wav,ji,rinry
dataset/rinry/ji/005.wav,ji,rinry
dataset/rinry/ji/006.wav,ji,rinry
dataset/rinry/ji/007.wav,ji,rinry
dataset/rinry/ji/008.wav,ji,rinry
dataset/rinry/ji/009.wav,ji,rinry
dataset/rinry/ji/010.wav,ji,rinry
dataset/rinry/ji/011.wav,ji,rinry
dataset/rinry/ji/012.wav,ji,rinry
dataset/rinry/ji/013.wav,ji,rinry
dataset/rinry/ji/014.wav,ji,rinry
dataset/rinry/ji/015.wav,ji,rinry
dataset/rinry/ji/016.wav,ji,rinry
dataset/rinry/ji/017.wav,ji,rinry
dataset/rinry/ji/018.wav,ji,rinry
dataset/rinry/ji/019.wav,ji,rinry
dataset/rinry/ji/020.wav,ji,rinry
dataset/rinry/ji/021.wav,ji,rinry
dataset/rinry/ji/022.wav,ji,rinry
dataset/rinry/ji/023.wav,ji,rinry
dataset/rinry/ji/024.wav,ji,rinry
dataset/rinry/ji/025.wav,ji,rinry
dataset/rinry/ji/026.wav,ji,rinry
dataset/rinry/ji/027.wav,ji,rinry
dataset/rinry/ji/028.wav,ji,rinry
dataset/rinry/ji/029.wav,ji,rinry
dataset/rinry/ji/030.wav,ji,rinry
dataset/rinry/ji/031.wav,ji,rinry
dataset/rinry/ji/032.wav,ji,rinry
dataset/rinry/ji/033.wav,ji,rinry
dataset/rinry/ji/034.wav,ji,rinry
dataset/rinry/ji/035.wav,ji,rinry
dataset/rinry/jo/001.wav,jo,rinry
dataset/rinry/jo/002.wav,jo,rinry
dataset/rinry/jo/003.wav,jo,rinry
dataset/rinry/jo/004.wav,jo,rinry
dataset/rinry/jo/005.wav,jo,rinry
dataset/rinry/jo/006.wav,jo,rinry
dataset/rinry/jo/007.wav,jo,rinry
dataset/rinry/jo/008.wav,jo,rinry
dataset/rinry/jo/009.wav,jo,rinry
dataset/rinry/jo/010.wav,jo,rinry
dataset/rinry/jo/011.wav,jo,rinry
dataset/rinry/jo/012.wav,jo,rinry
dataset/rinry/jo/013.wav,jo,rinry
dataset/rinry/jo/014.wav,jo,rinry
dataset/rinry/jo/015.wav,jo,rinry
dataset/rinry/jo/016.wav,jo,rinry
dataset/rinry/jo/017.wav,jo,rinry
dataset/rinry/jo/018.wav,jo,rinry
dataset/rinry/jo/019.wav,jo,rinry
dataset/rinry/jo/020.wav,jo,rinry
dataset/rinry/jo/021.wav,jo,rinry
dataset/rinry/jo/022.wav,jo,rinry
dataset/rinry/jo/023.wav,jo,rinry
dataset/rinry/jo/024.wav,jo,rinry
dataset/rinry/jo/025.wav,jo,rinry
dataset/rinry/jo/026.wav,jo,rinry
dataset/rinry/jo/027.wav,jo,rinry
dataset/rinry/jo/028.wav,jo,rinry
dataset/rinry/jo/029.wav,jo,rinry
dataset/rinry/jo/030.wav,jo,rinry
dataset/rinry/jo/031.wav,jo,rinry
dataset/rinry/jo/032.wav,jo,rinry
dataset/rinry/jo/033.wav,jo,rinry
dataset/rinry/jo/034.wav,jo,rinry
dataset/rinry/jo/035.wav,jo,rinry
dataset/rinry/ju/001.wav,ju,rinry
dataset/rinry/ju/002.wav,ju,rinry
dataset/rinry/ju/003.wav,ju,rinry
dataset/rinry/ju/004.wav,ju,rinry
dataset/rinry/ju/005.wav,ju,rinry
dataset/rinry/ju/006.wav,ju,rinry
dataset/rinry/ju/007.wav,ju,rinry
dataset/rinry/ju/008.wav,ju,rinry
dataset/rinry/ju/009.wav,ju,rinry
dataset/rinry/ju/010.wav,ju,rinry
dataset/rinry/ju/011.wav,ju,rinry
dataset/rinry/ju/012.wav,ju,rinry
dataset/rinry/ju/013.wav,ju,rinry
dataset/rinry/ju/014.wav,ju,rinry
dataset/rinry/ju/015.wav,ju,rinry
dataset/rinry/ju/016.wav,ju,rinry
dataset/rinry/ju/017.wav,ju,rinry
dataset/rinry/ju/018.wav,ju,rinry
dataset/rinry/ju/019.wav,ju,rinry
dataset/rinry/ju/020.wav,ju,rinry
dataset/rinry/ju/021.wav,ju,rinry
dataset/rinry/ju/022.wav,ju,rinry
dataset/rinry/ju/023.wav,ju,rinry
dataset/rinry/ju/024.wav,ju,rinry
dataset/rinry/ju/025.wav,ju,rinry
dataset/rinry/ju/026.wav,ju,rinry
dataset/rinry/ju/027.wav,ju,rinry
dataset/rinry/ju/028.wav,ju,rinry
dataset/rinry/ju/029.wav,ju,rinry
dataset/rinry/ju/030.wav,ju,rinry
dataset/rinry/ju/031.wav,ju,rinry
dataset/rinry/ju/032.wav,ju,rinry
dataset/rinry/ju/033.wav,ju,rinry
dataset/rinry/ju/034.wav,ju,rinry
dataset/rinry/ju/035.wav,ju,rinry
dataset/rinry/ka/001.wav,ka,rinry
dataset/rinry/ka/002.wav,ka,rinry
dataset/rinry/ka/003.wav,ka,rinry
dataset/rinry/ka/004.wav,ka,rinry
dataset/rinry/ka/005.wav,ka,rinry
dataset/rinry/ka/006.wav,ka,rinry
dataset/rinry/ka/007.wav,ka,rinry
dataset/rinry/ka/008.wav,ka,rinry
dataset/rinry/ka/009.wav,ka,rinry
dataset/rinry/ka/010.wav,ka,rinry
dataset/rinry/ka/011.wav,ka,rinry
dataset/rinry/ka/012.wav,ka,rinry
dataset/rinry/ka/013.wav,ka,rinry
dataset/rinry/ka/014.wav,ka,rinry
dataset/rinry/ka/015.wav,ka,rinry
dataset/rinry/ka/016.wav,ka,rinry
dataset/rinry/ka/017.wav,ka,rinry
dataset/rinry/ka/018.wav,ka,rinry
dataset/rinry/ka/019.wav,ka,rinry
dataset/rinry/ka/020.wav,ka,rinry
dataset/rinry/ka/021.wav,ka,rinry
dataset/rinry/ka/022.wav,ka,rinry
dataset/rinry/ka/023.wav,ka,rinry
dataset/rinry/ka/024.wav,ka,rinry
dataset/rinry/ka/025.wav,ka,rinry
dataset/rinry/ka/026.wav,ka,rinry
dataset/rinry/ka/027.wav,ka,rinry
dataset/rinry/ka/028.wav,ka,rinry
dataset/rinry/ka/029.wav,ka,rinry
dataset/rinry/ka/030.wav,ka,rinry
dataset/rinry/ka/031.wav,ka,rinry
dataset/rinry/ka/032.wav,ka,rinry
dataset/rinry/ka/033.wav,ka,rinry
dataset/rinry/ka/034.wav,ka,rinry
dataset/rinry/ka/035.wav,ka,rinry
dataset/rinry/ke/001.wav,ke,rinry
dataset/rinry/ke/002.wav,ke,rinry
dataset/rinry/ke/003.wav,ke,rinry
dataset/rinry/ke/004.wav,ke,rinry
dataset/rinry/ke/005.wav,ke,rinry
dataset/rinry/ke/006.wav,ke,rinry
dataset/rinry/ke/007.wav,ke,rinry
dataset/rinry/ke/008.wav,ke,rinry
dataset/rinry/ke/009.wav,ke,rinry
dataset/rinry/ke/010.wav,ke,rinry
dataset/rinry/ke/011.wav,ke,rinry
dataset/rinry/ke/012.wav,ke,rinry
dataset/rinry/ke/013.wav,ke,rinry
dataset/rinry/ke/014.wav,ke,rinry
dataset/rinry/ke/015.wav,ke,rinry
dataset/rinry/ke/016.wav,ke,rinry
dataset/rinry/ke/017.wav,ke,rinry
dataset/rinry/ke/018.wav,ke,rinry
dataset/rinry/ke/019.wav,ke,rinry
dataset/rinry/ke/020.wav,ke,rinry
dataset/rinry/ke/021.wav,ke,rinry
dataset/rinry/ke/022.wav,ke,rinry
dataset/rinry/ke/023.wav,ke,rinry
dataset/rinry/ke/024.wav,ke,rinry
dataset/rinry/ke/025.wav,ke,rinry
dataset/rinry/ke/026.wav,ke,rinry
dataset/rinry/ke/027.wav,ke,rinry
dataset/rinry/ke/028.wav,ke,rinry
dataset/rinry/ke/029.wav,ke,rinry
dataset/rinry/ke/030.wav,ke,rinry
dataset/rinry/ke/031.wav,ke,rinry
dataset/rinry/ke/032.wav,ke,rinry
dataset/rinry/ke/033.wav,ke,rinry
dataset/rinry/ke/034.wav,ke,rinry
dataset/rinry/ke/035.wav,ke,rinry
dataset/rinry/ki/002.wav,ki,rinry
dataset/rinry/ki/003.wav,ki,rinry
dataset/rinry/ki/004.wav,ki,rinry
dataset/rinry/ki/005.wav,ki,rinry
dataset/rinry/ki/006.wav,ki,rinry
dataset/rinry/ki/007.wav,ki,rinry
dataset/rinry/ki/008.wav,ki,rinry
dataset/rinry/ki/009.wav,ki,rinry
dataset/rinry/ki/010.wav,ki,rinry
dataset/rinry/ki/011.wav,ki,rinry
dataset/rinry/ki/012.wav,ki,rinry
dataset/rinry/ki/013.wav,ki,rinry
dataset/rinry/ki/014.wav,ki,rinry
dataset/rinry/ki/015.wav,ki,rinry
dataset/rinry/ki/016.wav,ki,rinry
dataset/rinry/ki/017.wav,ki,rinry
dataset/rinry/ki/018.wav,ki,rinry
dataset/rinry/ki/019.wav,ki,rinry
dataset/rinry/ki/020.wav,ki,rinry
dataset/rinry/ki/021.wav,ki,rinry
dataset/rinry/ki/022.wav,ki,rinry
dataset/rinry/ki/023.wav,ki,rinry
dataset/rinry/ki/024.wav,ki,rinry
dataset/rinry/ki/025.wav,ki,rinry
dataset/rinry/ki/026.wav,ki,rinry
dataset/rinry/ki/027.wav,ki,rinry
dataset/rinry/ki/028.wav,ki,rinry
dataset/rinry/ki/029.wav,ki,rinry
dataset/rinry/ki/030.wav,ki,rinry
dataset/rinry/ki/031.wav,ki,rinry
dataset/rinry/ki/032.wav,ki,rinry
dataset/rinry/ki/033.wav,ki,rinry
dataset/rinry/ki/034.wav,ki,rinry
dataset/rinry/ki/035.wav,ki,rinry
dataset/rinry/ko/001.wav,ko,rinry
dataset/rinry/ko/002.wav,ko,rinry
dataset/rinry/ko/003.wav,ko,rinry
dataset/rinry/ko/004.wav,ko,rinry
dataset/rinry/ko/005.wav,ko,rinry
dataset/rinry/ko/006.wav,ko,rinry
dataset/rinry/ko/007.wav,ko,rinry
dataset/rinry/ko/008.wav,ko,rinry
dataset/rinry/ko/009.wav,ko,rinry
dataset/rinry/ko/010.wav,ko,rinry
dataset/rinry/ko/011.wav,ko,rinry
dataset/rinry/ko/012.wav,ko,rinry
dataset/rinry/ko/013.wav,ko,rinry
dataset/rinry/ko/014.wav,ko,rinry
dataset/rinry/ko/015.wav,ko,rinry
dataset/rinry/ko/016.wav,ko,rinry
dataset/rinry/ko/017.wav,ko,rinry
dataset/rinry/ko/018.wav,ko,rinry
dataset/rinry/ko/019.wav,ko,rinry
dataset/rinry/ko/020.wav,ko,rinry
dataset/rinry/ko/021.wav,ko,rinry
dataset/rinry/ko/022.wav,ko,rinry
dataset/rinry/ko/023.wav,ko,rinry
dataset/rinry/ko/024.wav,ko,rinry
dataset/rinry/ko/025.wav,ko,rinry
dataset/rinry/ko/026.wav,ko,rinry
dataset/rinry/ko/027.wav,ko,rinry
dataset/rinry/ko/028.wav,ko,rinry
dataset/rinry/ko/029.wav,ko,rinry
dataset/rinry/ko/030.wav,ko,rinry
dataset/rinry/ko/031.wav,ko,rinry
dataset/rinry/ko/032.wav,ko,rinry
dataset/rinry/ko/033.wav,ko,rinry
dataset/rinry/ko/034.wav,ko,rinry
dataset/rinry/ko/035.wav,ko,rinry
dataset/rinry/ku/001.wav,ku,rinry
dataset/rinry/ku/002.wav,ku,rinry
dataset/rinry/ku/003.wav,ku,rinry
dataset/rinry/ku/004.wav,ku,rinry
dataset/rinry/ku/005.wav,ku,rinry
dataset/rinry/ku/006.wav,ku,rinry
dataset/rinry/ku/007.wav,ku,rinry
dataset/rinry/ku/008.wav,ku,rinry
dataset/rinry/ku/009.wav,ku,rinry
dataset/rinry/ku/010.wav,ku,rinry
dataset/rinry/ku/011.wav,ku,rinry
dataset/rinry/ku/012.wav,ku,rinry
dataset/rinry/ku/013.wav,ku,rinry
dataset/rinry/ku/014.wav,ku,rinry
dataset/rinry/ku/015.wav,ku,rinry
dataset/rinry/ku/016.wav,ku,rinry
dataset/rinry/ku/017.wav,ku,rinry
dataset/rinry/ku/018.wav,ku,rinry
dataset/rinry/ku/019.wav,ku,rinry
dataset/rinry/ku/020.wav,ku,rinry
dataset/rinry/ku/021.wav,ku,rinry
dataset/rinry/ku/022.wav,ku,rinry
dataset/rinry/ku/023.wav,ku,rinry
dataset/rinry/ku/024.wav,ku,rinry
dataset/rinry/ku/025.wav,ku,rinry
dataset/rinry/ku/026.wav,ku,rinry
dataset/rinry/ku/027.wav,ku,rinry
dataset/rinry/ku/028.wav,ku,rinry
dataset/rinry/ku/029.wav,ku,rinry
dataset/rinry/ku/030.wav,ku,rinry
dataset/rinry/ku/031.wav,ku,rinry
dataset/rinry/ku/032.wav,ku,rinry
dataset/rinry/ku/033.wav,ku,rinry
dataset/rinry/ku/034.wav,ku,rinry
dataset/rinry/ku/035.wav,ku,rinry
dataset/rinry/kya/001.wav,kya,rinry
dataset/rinry/kya/002.wav,kya,rinry
dataset/rinry/kya/003.wav,kya,rinry
dataset/rinry/kya/004.wav,kya,rinry
dataset/rinry/kya/005.wav,kya,rinry
dataset/rinry/kya/006.wav,kya,rinry
dataset/rinry/kya/007.wav,kya,rinry
dataset/rinry/kya/008.wav,kya,rinry
dataset/rinry/kya/009.wav,kya,rinry
dataset/rinry/kya/010.wav,kya,rinry
dataset/rinry/kya/011.wav,kya,rinry
dataset/rinry/kya/012.wav,kya,rinry
dataset/rinry/kya/013.wav,kya,rinry
dataset/rinry/kya/014.wav,kya,rinry
dataset/rinry/kya/015.wav,kya,rinry
dataset/rinry/kya/016.wav,kya,rinry
dataset/rinry/kya/017.wav,kya,rinry
dataset/rinry/kya/018.wav,kya,rinry
dataset/rinry/kya/019.wav,kya,rinry
dataset/rinry/kya/020.wav,kya,rinry
dataset/rinry/kya/021.wav,kya,rinry
dataset/rinry/kya/022.wav,kya,rinry
dataset/rinry/kya/023.wav,kya,rinry
dataset/rinry/kya/024.wav,kya,rinry
dataset/rinry/kya/025.wav,kya,rinry
dataset/rinry/kya/026.wav,kya,rinry
dataset/rinry/kya/027.wav,kya,rinry
dataset/rinry/kya/028.wav,kya,rinry
dataset/rinry/kya/029.wav,kya,rinry
dataset/rinry/kya/030.wav,kya,rinry
dataset/rinry/kya/031.wav,kya,rinry
dataset/rinry/kya/032.wav,kya,rinry
dataset/rinry/kya/033.wav,kya,rinry
dataset/rinry/kya/034.wav,kya,rinry
dataset/rinry/kya/035.wav,kya,rinry
dataset/rinry/kyo/001.wav,kyo,rinry
dataset/rinry/kyo/002.wav,kyo,rinry
dataset/rinry/kyo/003.wav,kyo,rinry
dataset/rinry/kyo/004.wav,kyo,rinry
dataset/rinry/kyo/005.wav,kyo,rinry
dataset/rinry/kyo/006.wav,kyo,rinry
dataset/rinry/kyo/007.wav,kyo,rinry
dataset/rinry/kyo/008.wav,kyo,rinry
dataset/rinry/kyo/009.wav,kyo,rinry
dataset/rinry/kyo/010.wav,kyo,rinry
dataset/rinry/kyo/011.wav,kyo,rinry
dataset/rinry/kyo/012.wav,kyo,rinry
dataset/rinry/kyo/013.wav,kyo,rinry
dataset/rinry/kyo/014.wav,kyo,rinry
dataset/rinry/kyo/015.wav,kyo,rinry
dataset/rinry/kyo/016.wav,kyo,rinry
dataset/rinry/kyo/017.wav,kyo,rinry
dataset/rinry/kyo/018.wav,kyo,rinry
dataset/rinry/kyo/019.wav,kyo,rinry
dataset/rinry/kyo/020.wav,kyo,rinry
dataset/rinry/kyo/021.wav,kyo,rinry
dataset/rinry/kyo/022.wav,kyo,rinry
dataset/rinry/kyo/023.wav,kyo,rinry
dataset/rinry/kyo/024.wav,kyo,rinry
dataset/rinry/kyo/025.wav,kyo,rinry
dataset/rinry/kyo/026.wav,kyo,rinry
dataset/rinry/kyo/027.wav,kyo,rinry
dataset/rinry/kyo/028.wav,kyo,rinry
dataset/rinry/kyo/029.wav,kyo,rinry
dataset/rinry/kyo/030.wav,kyo,rinry
dataset/rinry/kyo/031.wav,kyo,rinry
dataset/rinry/kyo/032.wav,kyo,rinry
dataset/rinry/kyo/033.wav,kyo,rinry
dataset/rinry/kyo/034.wav,kyo,rinry
dataset/rinry/kyo/035.wav,kyo,rinry
dataset/rinry/kyu/001.wav,kyu,rinry
dataset/rinry/kyu/002.wav,kyu,rinry
dataset/rinry/kyu/003.wav,kyu,rinry
dataset/rinry/kyu/004.wav,kyu,rinry
dataset/rinry/kyu/005.wav,kyu,rinry
dataset/rinry/kyu/006.wav,kyu,rinry
dataset/rinry/kyu/007.wav,kyu,rinry
dataset/rinry/kyu/008.wav,kyu,rinry
dataset/rinry/kyu/009.wav,kyu,rinry
dataset/rinry/kyu/010.wav,kyu,rinry
dataset/rinry/kyu/011.wav,kyu,rinry
dataset/rinry/kyu/012.wav,kyu,rinry
dataset/rinry/kyu/013.wav,kyu,rinry
dataset/rinry/kyu/014.wav,kyu,rinry
dataset/rinry/kyu/015.wav,kyu,rinry
dataset/rinry/kyu/016.wav,kyu,rinry
dataset/rinry/kyu/017.wav,kyu,rinry
dataset/rinry/kyu/018.wav,kyu,rinry
dataset/rinry/kyu/019.wav,kyu,rinry
dataset/rinry/kyu/020.wav,kyu,rinry
dataset/rinry/kyu/021.wav,kyu,rinry
dataset/rinry/kyu/022.wav,kyu,rinry
dataset/rinry/kyu/023.wav,kyu,rinry
dataset/rinry/kyu/024.wav,kyu,rinry
dataset/rinry/kyu/025.wav,kyu,rinry
dataset/rinry/kyu/026.wav,kyu,rinry
dataset/rinry/kyu/027.wav,kyu,rinry
dataset/rinry/kyu/028.wav,kyu,rinry
dataset/rinry/kyu/029.wav,kyu,rinry
dataset/rinry/kyu/030.wav,kyu,rinry
dataset/rinry/kyu/031.wav,kyu,rinry
dataset/rinry/kyu/032.wav,kyu,rinry
dataset/rinry/kyu/033.wav,kyu,rinry
dataset/rinry/kyu/034.wav,kyu,rinry
dataset/rinry/kyu/035.wav,kyu,rinry
dataset/rinry/ma/001.wav,ma,rinry
dataset/rinry/ma/002.wav,ma,rinry
dataset/rinry/ma/003.wav,ma,rinry
dataset/rinry/ma/004.wav,ma,rinry
dataset/rinry/ma/005.wav,ma,rinry
dataset/rinry/ma/006.wav,ma,rinry
dataset/rinry/ma/007.wav,ma,rinry
dataset/rinry/ma/008.wav,ma,rinry
dataset/rinry/ma/009.wav,ma,rinry
dataset/rinry/ma/010.wav,ma,rinry
dataset/rinry/ma/011.wav,ma,rinry
dataset/rinry/ma/012.wav,ma,rinry
dataset/rinry/ma/013.wav,ma,rinry
dataset/rinry/ma/014.wav,ma,rinry
dataset/rinry/ma/015.wav,ma,rinry
dataset/rinry/ma/016.wav,ma,rinry
dataset/rinry/ma/017.wav,ma,rinry
dataset/rinry/ma/018.wav,ma,rinry
dataset/rinry/ma/019.wav,ma,rinry
dataset/rinry/ma/020.wav,ma,rinry
dataset/rinry/ma/021.wav,ma,rinry
dataset/rinry/ma/022.wav,ma,rinry
dataset/rinry/ma/023.wav,ma,rinry
dataset/rinry/ma/024.wav,ma,rinry
dataset/rinry/ma/025.wav,ma,rinry
dataset/rinry/ma/026.wav,ma,rinry
dataset/rinry/ma/027.wav,ma,rinry
dataset/rinry/ma/028.wav,ma,rinry
dataset/rinry/ma/029.wav,ma,rinry
dataset/rinry/ma/030.wav,ma,rinry
dataset/rinry/ma/031.wav,ma,rinry
dataset/rinry/ma/032.wav,ma,rinry
dataset/rinry/ma/033.wav,ma,rinry
dataset/rinry/ma/034.wav,ma,rinry
dataset/rinry/ma/035.wav,ma,rinry
dataset/rinry/me/001.wav,me,rinry
dataset/rinry/me/002.wav,me,rinry
dataset/rinry/me/003.wav,me,rinry
dataset/rinry/me/004.wav,me,rinry
dataset/rinry/me/005.wav,me,rinry
dataset/rinry/me/006.wav,me,rinry
dataset/rinry/me/007.wav,me,rinry
dataset/rinry/me/008.wav,me,rinry
dataset/rinry/me/009.wav,me,rinry
dataset/rinry/me/010.wav,me,rinry
dataset/rinry/me/011.wav,me,rinry
dataset/rinry/me/012.wav,me,rinry
dataset/rinry/me/013.wav,me,rinry
dataset/rinry/me/014.wav,me,rinry
dataset/rinry/me/015.wav,me,rinry
dataset/rinry/me/016.wav,me,rinry
dataset/rinry/me/017.wav,me,rinry
dataset/rinry/me/018.wav,me,rinry
dataset/rinry/me/019.wav,me,rinry
dataset/rinry/me/020.wav,me,rinry
dataset/rinry/me/021.wav,me,rinry
dataset/rinry/me/022.wav,me,rinry
dataset/rinry/me/023.wav,me,rinry
dataset/rinry/me/024.wav,me,rinry
dataset/rinry/me/025.wav,me,rinry
dataset/rinry/me/026.wav,me,rinry
dataset/rinry/me/027.wav,me,rinry
dataset/rinry/me/028.wav,me,rinry
dataset/rinry/me/029.wav,me,rinry
dataset/rinry/me/030.wav,me,rinry
dataset/rinry/me/031.wav,me,rinry
dataset/rinry/me/032.wav,me,rinry
dataset/rinry/me/033.wav,me,rinry
dataset/rinry/me/035.wav,me,rinry
dataset/rinry/mi/001.wav,mi,rinry
dataset/rinry/mi/002.wav,mi,rinry
dataset/rinry/mi/003.wav,mi,rinry
dataset/rinry/mi/004.wav,mi,rinry
dataset/rinry/mi/005.wav,mi,rinry
dataset/rinry/mi/006.wav,mi,rinry
dataset/rinry/mi/007.wav,mi,rinry
dataset/rinry/mi/008.wav,mi,rinry
dataset/rinry/mi/009.wav,mi,rinry
dataset/rinry/mi/010.wav,mi,rinry
dataset/rinry/mi/011.wav,mi,rinry
dataset/rinry/mi/012.wav,mi,rinry
dataset/rinry/mi/013.wav,mi,rinry
dataset/rinry/mi/014.wav,mi,rinry
dataset/rinry/mi/015.wav,mi,rinry
dataset/rinry/mi/016.wav,mi,rinry
dataset/rinry/mi/017.wav,mi,rinry
dataset/rinry/mi/018.wav,mi,rinry
dataset/rinry/mi/019.wav,mi,rinry
dataset/rinry/mi/020.wav,mi,rinry
dataset/rinry/mi/021.wav,mi,rinry
dataset/rinry/mi/022.wav,mi,rinry
dataset/rinry/mi/023.wav,mi,rinry
dataset/rinry/mi/024.wav,mi,rinry
dataset/rinry/mi/025.wav,mi,rinry
dataset/rinry/mi/026.wav,mi,rinry
dataset/rinry/mi/027.wav,mi,rinry
dataset/rinry/mi/028.wav,mi,rinry
dataset/rinry/mi/029.wav,mi,rinry
dataset/rinry/mi/030.wav,mi,rinry
dataset/rinry/mi/031.wav,mi,rinry
dataset/rinry/mi/032.wav,mi,rinry
dataset/rinry/mi/033.wav,mi,rinry
dataset/rinry/mi/034.wav,mi,rinry
dataset/rinry/mi/035.wav,mi,rinry
dataset/rinry/mo/001.wav,mo,rinry
dataset/rinry/mo/002.wav,mo,rinry
dataset/rinry/mo/003.wav,mo,rinry
dataset/rinry/mo/004.wav,mo,rinry
dataset/rinry/mo/005.wav,mo,rinry
dataset/rinry/mo/006.wav,mo,rinry
dataset/rinry/mo/007.wav,mo,rinry
dataset/rinry/mo/008.wav,mo,rinry
dataset/rinry/mo/009.wav,mo,rinry
dataset/rinry/mo/010.wav,mo,rinry
dataset/rinry/mo/011.wav,mo,rinry
dataset/rinry/mo/012.wav,mo,rinry
dataset/rinry/mo/013.wav,mo,rinry
dataset/rinry/mo/014.wav,mo,rinry
dataset/rinry/mo/015.wav,mo,rinry
dataset/rinry/mo/016.wav,mo,rinry
dataset/rinry/mo/017.wav,mo,rinry
dataset/rinry/mo/018.wav,mo,rinry
dataset/rinry/mo/019.wav,mo,rinry
dataset/rinry/mo/020.wav,mo,rinry
dataset/rinry/mo/021.wav,mo,rinry
dataset/rinry/mo/022.wav,mo,rinry
dataset/rinry/mo/023.wav,mo,rinry
dataset/rinry/mo/024.wav,mo,rinry
dataset/rinry/mo/025.wav,mo,rinry
dataset/rinry/mo/026.wav,mo,rinry
dataset/rinry/mo/027.wav,mo,rinry
dataset/rinry/mo/028.wav,mo,rinry
dataset/rinry/mo/029.wav,mo,rinry
dataset/rinry/mo/030.wav,mo,rinry
dataset/rinry/mo/031.wav,mo,rinry
dataset/rinry/mo/032.wav,mo,rinry
dataset/rinry/mo/033.wav,mo,rinry
dataset/rinry/mo/034.wav,mo,rinry
dataset/rinry/mo/035.wav,mo,rinry
dataset/rinry/mu/001.wav,mu,rinry
dataset/rinry/mu/002.wav,mu,rinry
dataset/rinry/mu/003.wav,mu,rinry
dataset/rinry/mu/004.wav,mu,rinry
dataset/rinry/mu/005.wav,mu,rinry
dataset/rinry/mu/006.wav,mu,rinry
dataset/rinry/mu/007.wav,mu,rinry
dataset/rinry/mu/008.wav,mu,rinry
dataset/rinry/mu/009.wav,mu,rinry
dataset/rinry/mu/010.wav,mu,rinry
dataset/rinry/mu/011.wav,mu,rinry
dataset/rinry/mu/012.wav,mu,rinry
dataset/rinry/mu/013.wav,mu,rinry
dataset/rinry/mu/014.wav,mu,rinry
dataset/rinry/mu/015.wav,mu,rinry
dataset/rinry/mu/016.wav,mu,rinry
dataset/rinry/mu/017.wav,mu,rinry
dataset/rinry/mu/018.wav,mu,rinry
dataset/rinry/mu/019.wav,mu,rinry
dataset/rinry/mu/020.wav,mu,rinry
dataset/rinry/mu/021.wav,mu,rinry
dataset/rinry/mu/022.wav,mu,rinry
dataset/rinry/mu/023.wav,mu,rinry
dataset/rinry/mu/024.wav,mu,rinry
dataset/rinry/mu/025.wav,mu,rinry
dataset/rinry/mu/026.wav,mu,rinry
dataset/rinry/mu/027.wav,mu,rinry
dataset/rinry/mu/028.wav,mu,rinry
dataset/rinry/mu/029.wav,mu,rinry
dataset/rinry/mu/030.wav,mu,rinry
dataset/rinry/mu/031.wav,mu,rinry
dataset/rinry/mu/032.wav,mu,rinry
dataset/rinry/mu/033.wav,mu,rinry
dataset/rinry/mu/034.wav,mu,rinry
dataset/rinry/mu/035.wav,mu,rinry
dataset/rinry/mya/001.wav,mya,rinry
dataset/rinry/mya/002.wav,mya,rinry
dataset/rinry/mya/003.wav,mya,rinry
dataset/rinry/mya/004.wav,mya,rinry
dataset/rinry/mya/005.wav,mya,rinry
dataset/rinry/mya/006.wav,mya,rinry
dataset/rinry/mya/007.wav,mya,rinry
dataset/rinry/mya/008.wav,mya,rinry
dataset/rinry/mya/009.wav,mya,rinry
dataset/rinry/mya/010.wav,mya,rinry
dataset/rinry/mya/011.wav,mya,rinry
dataset/rinry/mya/012.wav,mya,rinry
dataset/rinry/mya/013.wav,mya,rinry
dataset/rinry/mya/014.wav,mya,rinry
dataset/rinry/mya/015.wav,mya,rinry
dataset/rinry/mya/016.wav,mya,rinry
dataset/rinry/mya/017.wav,mya,rinry
dataset/rinry/mya/018.wav,mya,rinry
dataset/rinry/mya/019.wav,mya,rinry
dataset/rinry/mya/020.wav,mya,rinry
dataset/rinry/mya/021.wav,mya,rinry
dataset/rinry/mya/022.wav,mya,rinry
dataset/rinry/mya/023.wav,mya,rinry
dataset/rinry/mya/024.wav,mya,rinry
dataset/rinry/mya/025.wav,mya,rinry
dataset/rinry/mya/026.wav,mya,rinry
dataset/rinry/mya/027.wav,mya,rinry
dataset/rinry/mya/028.wav,mya,rinry
dataset/rinry/mya/029.wav,mya,rinry
dataset/rinry/mya/030.wav,mya,rinry
dataset/rinry/mya/031.wav,mya,rinry
dataset/rinry/mya/032.wav,mya,rinry
dataset/rinry/mya/033.wav,mya,rinry
dataset/rinry/mya/034.wav,mya,rinry
dataset/rinry/mya/035.wav,mya,rinry
dataset/rinry/myo/001.wav,myo,rinry
dataset/rinry/myo/002.wav,myo,rinry
dataset/rinry/myo/003.wav,myo,rinry
dataset/rinry/myo/004.wav,myo,rinry
dataset/rinry/myo/005.wav,myo,rinry
dataset/rinry/myo/006.wav,myo,rinry
dataset/rinry/myo/007.wav,myo,rinry
dataset/rinry/myo/008.wav,myo,rinry
dataset/rinry/myo/009.wav,myo,rinry
dataset/rinry/myo/010.wav,myo,rinry
dataset/rinry/myo/011.wav,myo,rinry
dataset/rinry/myo/012.wav,myo,rinry
dataset/rinry/myo/013.wav,myo,rinry
dataset/rinry/myo/014.wav,myo,rinry
dataset/rinry/myo/015.wav,myo,rinry
dataset/rinry/myo/016.wav,myo,rinry
dataset/rinry/myo/017.wav,myo,rinry
dataset/rinry/myo/018.wav,myo,rinry
dataset/rinry/myo/019.wav,myo,rinry
dataset/rinry/myo/020.wav,myo,rinry
dataset/rinry/myo/021.wav,myo,rinry
dataset/rinry/myo/022.wav,myo,rinry
dataset/rinry/myo/023.wav,myo,rinry
dataset/rinry/myo/024.wav,myo,rinry
dataset/rinry/myo/025.wav,myo,rinry
dataset/rinry/myo/026.wav,myo,rinry
dataset/rinry/myo/027.wav,myo,rinry
dataset/rinry/myo/028.wav,myo,rinry
dataset/rinry/myo/029.wav,myo,rinry
dataset/rinry/myo/030.wav,myo,rinry
dataset/rinry/myo/031.wav,myo,rinry
dataset/rinry/myo/032.wav,myo,rinry
dataset/rinry/myo/033.wav,myo,rinry
dataset/rinry/myo/034.wav,myo,rinry
dataset/rinry/myo/035.wav,myo,rinry
dataset/rinry/myu/001.wav,myu,rinry
dataset/rinry/myu/002.wav,myu,rinry
dataset/rinry/myu/003.wav,myu,rinry
dataset/rinry/myu/004.wav,myu,rinry
dataset/rinry/myu/005.wav,myu,rinry
dataset/rinry/myu/006.wav,myu,rinry
dataset/rinry/myu/007.wav,myu,rinry
dataset/rinry/myu/008.wav,myu,rinry
dataset/rinry/myu/009.wav,myu,rinry
dataset/rinry/myu/010.wav,myu,rinry
dataset/rinry/myu/011.wav,myu,rinry
dataset/rinry/myu/012.wav,myu,rinry
dataset/rinry/myu/013.wav,myu,rinry
dataset/rinry/myu/014.wav,myu,rinry
dataset/rinry/myu/015.wav,myu,rinry
dataset/rinry/myu/016.wav,myu,rinry
dataset/rinry/myu/017.wav,myu,rinry
dataset/rinry/myu/018.wav,myu,rinry
dataset/rinry/myu/019.wav,myu,rinry
dataset/rinry/myu/020.wav,myu,rinry
dataset/rinry/myu/021.wav,myu,rinry
dataset/rinry/myu/022.wav,myu,rinry
dataset/rinry/myu/023.wav,myu,rinry
dataset/rinry/myu/024.wav,myu,rinry
dataset/rinry/myu/025.wav,myu,rinry
dataset/rinry/myu/026.wav,myu,rinry
dataset/rinry/myu/027.wav,myu,rinry
dataset/rinry/myu/028.wav,myu,rinry
dataset/rinry/myu/029.wav,myu,rinry
dataset/rinry/myu/030.wav,myu,rinry
dataset/rinry/myu/031.wav,myu,rinry
dataset/rinry/myu/032.wav,myu,rinry
dataset/rinry/myu/033.wav,myu,rinry
dataset/rinry/myu/034.wav,myu,rinry
dataset/rinry/myu/035.wav,myu,rinry
dataset/rinry/n/001.wav,n,rinry
dataset/rinry/n/002.wav,n,rinry
dataset/rinry/n/003.wav,n,rinry
dataset/rinry/n/004.wav,n,rinry
dataset/rinry/n/005.wav,n,rinry
dataset/rinry/n/006.wav,n,rinry
dataset/rinry/n/007.wav,n,rinry
dataset/rinry/n/008.wav,n,rinry
dataset/rinry/n/009.wav,n,rinry
dataset/rinry/n/010.wav,n,rinry
dataset/rinry/n/011.wav,n,rinry
dataset/rinry/n/012.wav,n,rinry
dataset/rinry/n/013.wav,n,rinry
dataset/rinry/n/014.wav,n,rinry
dataset/rinry/n/015.wav,n,rinry
dataset/rinry/n/016.wav,n,rinry
dataset/rinry/n/017.wav,n,rinry
dataset/rinry/n/018.wav,n,rinry
dataset/rinry/n/019.wav,n,rinry
dataset/rinry/n/020.wav,n,rinry
dataset/rinry/n/021.wav,n,rinry
dataset/rinry/n/022.wav,n,rinry
dataset/rinry/n/023.wav,n,rinry
dataset/rinry/n/024.wav,n,rinry
dataset/rinry/n/025.wav,n,rinry
dataset/rinry/n/026.wav,n,rinry
dataset/rinry/n/027.wav,n,rinry
dataset/rinry/n/028.wav,n,rinry
dataset/rinry/n/029.wav,n,rinry
dataset/rinry/n/030.wav,n,rinry
dataset/rinry/n/031.wav,n,rinry
dataset/rinry/n/032.wav,n,rinry
dataset/rinry/n/033.wav,n,rinry
dataset/rinry/n/034.wav,n,rinry
dataset/rinry/n/035.wav,n,rinry
dataset/rinry/na/001.wav,na,rinry
dataset/rinry/na/002.wav,na,rinry
dataset/rinry/na/003.wav,na,rinry
dataset/rinry/na/004.wav,na,rinry
dataset/rinry/na/005.wav,na,rinry
dataset/rinry/na/006.wav,na,rinry
dataset/rinry/na/007.wav,na,rinry
dataset/rinry/na/008.wav,na,rinry
dataset/rinry/na/009.wav,na,rinry
dataset/rinry/na/010.wav,na,rinry
dataset/rinry/na/011.wav,na,rinry
dataset/rinry/na/012.wav,na,rinry
dataset/rinry/na/013.wav,na,rinry
dataset/rinry/na/014.wav,na,rinry
dataset/rinry/na/015.wav,na,rinry
dataset/rinry/na/016.wav,na,rinry
dataset/rinry/na/017.wav,na,rinry
dataset/rinry/na/018.wav,na,rinry
dataset/rinry/na/019.wav,na,rinry
dataset/rinry/na/020.wav,na,rinry
dataset/rinry/na/021.wav,na,rinry
dataset/rinry/na/022.wav,na,rinry
dataset/rinry/na/023.wav,na,rinry
dataset/rinry/na/024.wav,na,rinry
dataset/rinry/na/025.wav,na,rinry
dataset/rinry/na/026.wav,na,rinry
dataset/rinry/na/027.wav,na,rinry
dataset/rinry/na/028.wav,na,rinry
dataset/rinry/na/029.wav,na,rinry
dataset/rinry/na/030.wav,na,rinry
dataset/rinry/na/031.wav,na,rinry
dataset/rinry/na/032.wav,na,rinry
dataset/rinry/na/033.wav,na,rinry
dataset/rinry/na/034.wav,na,rinry
dataset/rinry/na/035.wav,na,rinry
dataset/rinry/ne/001.wav,ne,rinry
dataset/rinry/ne/002.wav,ne,rinry
dataset/rinry/ne/003.wav,ne,rinry
dataset/rinry/ne/004.wav,ne,rinry
dataset/rinry/ne/005.wav,ne,rinry
dataset/rinry/ne/006.wav,ne,rinry
dataset/rinry/ne/007.wav,ne,rinry
dataset/rinry/ne/008.wav,ne,rinry
dataset/rinry/ne/009.wav,ne,rinry
dataset/rinry/ne/010.wav,ne,rinry
dataset/rinry/ne/011.wav,ne,rinry
dataset/rinry/ne/012.wav,ne,rinry
dataset/rinry/ne/013.wav,ne,rinry
dataset/rinry/ne/014.wav,ne,rinry
dataset/rinry/ne/015.wav,ne,rinry
dataset/rinry/ne/016.wav,ne,rinry
dataset/rinry/ne/017.wav,ne,rinry
dataset/rinry/ne/018.wav,ne,rinry
dataset/rinry/ne/019.wav,ne,rinry
dataset/rinry/ne/020.wav,ne,rinry
dataset/rinry/ne/021.wav,ne,rinry
dataset/rinry/ne/022.wav,ne,rinry
dataset/rinry/ne/023.wav,ne,rinry
dataset/rinry/ne/024.wav,ne,rinry
dataset/rinry/ne/025.wav,ne,rinry
dataset/rinry/ne/026.wav,ne,rinry
dataset/rinry/ne/027.wav,ne,rinry
dataset/rinry/ne/028.wav,ne,rinry
dataset/rinry/ne/029.wav,ne,rinry
dataset/rinry/ne/030.wav,ne,rinry
dataset/rinry/ne/031.wav,ne,rinry
dataset/rinry/ne/032.wav,ne,rinry
dataset/rinry/ne/033.wav,ne,rinry
dataset/rinry/ne/034.wav,ne,rinry
dataset/rinry/ne/035.wav,ne,rinry
dataset/rinry/ni/001.wav,ni,rinry
dataset/rinry/ni/002.wav,ni,rinry
dataset/rinry/ni/003.wav,ni,rinry
dataset/rinry/ni/004.wav,ni,rinry
dataset/rinry/ni/005.wav,ni,rinry
dataset/rinry/ni/006.wav,ni,rinry
dataset/rinry/ni/007.wav,ni,rinry
dataset/rinry/ni/008.wav,ni,rinry
dataset/rinry/ni/009.wav,ni,rinry
dataset/rinry/ni/010.wav,ni,rinry
dataset/rinry/ni/011.wav,ni,rinry
dataset/rinry/ni/012.wav,ni,rinry
dataset/rinry/ni/013.wav,ni,rinry
dataset/rinry/ni/014.wav,ni,rinry
dataset/rinry/ni/015.wav,ni,rinry
dataset/rinry/ni/016.wav,ni,rinry
dataset/rinry/ni/017.wav,ni,rinry
dataset/rinry/ni/018.wav,ni,rinry
dataset/rinry/ni/019.wav,ni,rinry
dataset/rinry/ni/020.wav,ni,rinry
dataset/rinry/ni/021.wav,ni,rinry
dataset/rinry/ni/022.wav,ni,rinry
dataset/rinry/ni/023.wav,ni,rinry
dataset/rinry/ni/024.wav,ni,rinry
dataset/rinry/ni/025.wav,ni,rinry
dataset/rinry/ni/026.wav,ni,rinry
dataset/rinry/ni/027.wav,ni,rinry
dataset/rinry/ni/028.wav,ni,rinry
dataset/rinry/ni/029.wav,ni,rinry
dataset/rinry/ni/030.wav,ni,rinry
dataset/rinry/ni/031.wav,ni,rinry
dataset/rinry/ni/032.wav,ni,rinry
dataset/rinry/ni/033.wav,ni,rinry
dataset/rinry/ni/034.wav,ni,rinry
dataset/rinry/ni/035.wav,ni,rinry
dataset/rinry/no/001.wav,no,rinry
dataset/rinry/no/002.wav,no,rinry
dataset/rinry/no/003.wav,no,rinry
dataset/rinry/no/004.wav,no,rinry
dataset/rinry/no/005.wav,no,rinry
dataset/rinry/no/006.wav,no,rinry
dataset/rinry/no/007.wav,no,rinry
dataset/rinry/no/008.wav,no,rinry
dataset/rinry/no/009.wav,no,rinry
dataset/rinry/no/010.wav,no,rinry
dataset/rinry/no/011.wav,no,rinry
dataset/rinry/no/012.wav,no,rinry
dataset/rinry/no/013.wav,no,rinry
dataset/rinry/no/014.wav,no,rinry
dataset/rinry/no/015.wav,no,rinry
dataset/rinry/no/016.wav,no,rinry
dataset/rinry/no/017.wav,no,rinry
dataset/rinry/no/018.wav,no,rinry
dataset/rinry/no/019.wav,no,rinry
dataset/rinry/no/020.wav,no,rinry
dataset/rinry/no/021.wav,no,rinry
dataset/rinry/no/022.wav,no,rinry
dataset/rinry/no/023.wav,no,rinry
dataset/rinry/no/024.wav,no,rinry
dataset/rinry/no/025.wav,no,rinry
dataset/rinry/no/026.wav,no,rinry
dataset/rinry/no/027.wav,no,rinry
dataset/rinry/no/028.wav,no,rinry
dataset/rinry/no/029.wav,no,rinry
dataset/rinry/no/030.wav,no,rinry
dataset/rinry/no/031.wav,no,rinry
dataset/rinry/no/032.wav,no,rinry
dataset/rinry/no/033.wav,no,rinry
dataset/rinry/no/034.wav,no,rinry
dataset/rinry/no/035.wav,no,rinry
dataset/rinry/nu/001.wav,nu,rinry
dataset/rinry/nu/002.wav,nu,rinry
dataset/rinry/nu/003.wav,nu,rinry
dataset/rinry/nu/004.wav,nu,rinry
dataset/rinry/nu/005.wav,nu,rinry
dataset/rinry/nu/006.wav,nu,rinry
dataset/rinry/nu/007.wav,nu,rinry
dataset/rinry/nu/008.wav,nu,rinry
dataset/rinry/nu/009.wav,nu,rinry
dataset/rinry/nu/010.wav,nu,rinry
dataset/rinry/nu/011.wav,nu,rinry
dataset/rinry/nu/012.wav,nu,rinry
dataset/rinry/nu/013.wav,nu,rinry
dataset/rinry/nu/014.wav,nu,rinry
dataset/rinry/nu/015.wav,nu,rinry
dataset/rinry/nu/016.wav,nu,rinry
dataset/rinry/nu/017.wav,nu,rinry
dataset/rinry/nu/018.wav,nu,rinry
dataset/rinry/nu/019.wav,nu,rinry
dataset/rinry/nu/020.wav,nu,rinry
dataset/rinry/nu/021.wav,nu,rinry
dataset/rinry/nu/022.wav,nu,rinry
dataset/rinry/nu/023.wav,nu,rinry
dataset/rinry/nu/024.wav,nu,rinry
dataset/rinry/nu/025.wav,nu,rinry
dataset/rinry/nu/026.wav,nu,rinry
dataset/rinry/nu/027.wav,nu,rinry
dataset/rinry/nu/028.wav,nu,rinry
dataset/rinry/nu/029.wav,nu,rinry
dataset/rinry/nu/030.wav,nu,rinry
dataset/rinry/nu/031.wav,nu,rinry
dataset/rinry/nu/032.wav,nu,rinry
dataset/rinry/nu/033.wav,nu,rinry
dataset/rinry/nu/034.wav,nu,rinry
dataset/rinry/nu/035.wav,nu,rinry
dataset/rinry/nya/001.wav,nya,rinry
dataset/rinry/nya/002.wav,nya,rinry
dataset/rinry/nya/003.wav,nya,rinry
dataset/rinry/nya/004.wav,nya,rinry
dataset/rinry/nya/005.wav,nya,rinry
dataset/rinry/nya/006.wav,nya,rinry
dataset/rinry/nya/007.wav,nya,rinry
dataset/rinry/nya/008.wav,nya,rinry
dataset/rinry/nya/009.wav,nya,rinry
dataset/rinry/nya/010.wav,nya,rinry
dataset/rinry/nya/011.wav,nya,rinry
dataset/rinry/nya/012.wav,nya,rinry
dataset/rinry/nya/013.wav,nya,rinry
dataset/rinry/nya/014.wav,nya,rinry
dataset/rinry/nya/015.wav,nya,rinry
dataset/rinry/nya/016.wav,nya,rinry
dataset/rinry/nya/017.wav,nya,rinry
dataset/rinry/nya/018.wav,nya,rinry
dataset/rinry/nya/019.wav,nya,rinry
dataset/rinry/nya/020.wav,nya,rinry
dataset/rinry/nya/021.wav,nya,rinry
dataset/rinry/nya/022.wav,nya,rinry
dataset/rinry/nya/023.wav,nya,rinry
dataset/rinry/nya/024.wav,nya,rinry
dataset/rinry/nya/025.wav,nya,rinry
dataset/rinry/nya/026.wav,nya,rinry
dataset/rinry/nya/027.wav,nya,rinry
dataset/rinry/nya/028.wav,nya,rinry
dataset/rinry/nya/029.wav,nya,rinry
dataset/rinry/nya/030.wav,nya,rinry
dataset/rinry/nya/031.wav,nya,rinry
dataset/rinry/nya/032.wav,nya,rinry
dataset/rinry/nya/033.wav,nya,rinry
dataset/rinry/nya/034.wav,nya,rinry
dataset/rinry/nya/035.wav,nya,rinry
dataset/rinry/nyo/001.wav,nyo,rinry
dataset/rinry/nyo/002.wav,nyo,rinry
dataset/rinry/nyo/003.wav,nyo,rinry
dataset/rinry/nyo/004.wav,nyo,rinry
dataset/rinry/nyo/005.wav,nyo,rinry
dataset/rinry/nyo/006.wav,nyo,rinry
dataset/rinry/nyo/007.wav,nyo,rinry
dataset/rinry/nyo/008.wav,nyo,rinry
dataset/rinry/nyo/009.wav,nyo,rinry
dataset/rinry/nyo/010.wav,nyo,rinry
dataset/rinry/nyo/011.wav,nyo,rinry
dataset/rinry/nyo/012.wav,nyo,rinry
dataset/rinry/nyo/013.wav,nyo,rinry
dataset/rinry/nyo/014.wav,nyo,rinry
dataset/rinry/nyo/015.wav,nyo,rinry
dataset/rinry/nyo/016.wav,nyo,rinry
dataset/rinry/nyo/017.wav,nyo,rinry
dataset/rinry/nyo/018.wav,nyo,rinry
dataset/rinry/nyo/019.wav,nyo,rinry
dataset/rinry/nyo/020.wav,nyo,rinry
dataset/rinry/nyo/021.wav,nyo,rinry
dataset/rinry/nyo/022.wav,nyo,rinry
dataset/rinry/nyo/023.wav,nyo,rinry
dataset/rinry/nyo/024.wav,nyo,rinry
dataset/rinry/nyo/025.wav,nyo,rinry
dataset/rinry/nyo/026.wav,nyo,rinry
dataset/rinry/nyo/027.wav,nyo,rinry
dataset/rinry/nyo/028.wav,nyo,rinry
dataset/rinry/nyo/029.wav,nyo,rinry
dataset/rinry/nyo/030.wav,nyo,rinry
dataset/rinry/nyo/031.wav,nyo,rinry
dataset/rinry/nyo/032.wav,nyo,rinry
dataset/rinry/nyo/033.wav,nyo,rinry
dataset/rinry/nyo/034.wav,nyo,rinry
dataset/rinry/nyo/035.wav,nyo,rinry
dataset/rinry/nyu/001.wav,nyu,rinry
dataset/rinry/nyu/002.wav,nyu,rinry
dataset/rinry/nyu/003.wav,nyu,rinry
dataset/rinry/nyu/004.wav,nyu,rinry
dataset/rinry/nyu/005.wav,nyu,rinry
dataset/rinry/nyu/006.wav,nyu,rinry
dataset/rinry/nyu/007.wav,nyu,rinry
dataset/rinry/nyu/008.wav,nyu,rinry
dataset/rinry/nyu/009.wav,nyu,rinry
dataset/rinry/nyu/010.wav,nyu,rinry
dataset/rinry/nyu/011.wav,nyu,rinry
dataset/rinry/nyu/012.wav,nyu,rinry
dataset/rinry/nyu/013.wav,nyu,rinry
dataset/rinry/nyu/014.wav,nyu,rinry
dataset/rinry/nyu/015.wav,nyu,rinry
dataset/rinry/nyu/016.wav,nyu,rinry
dataset/rinry/nyu/017.wav,nyu,rinry
dataset/rinry/nyu/018.wav,nyu,rinry
dataset/rinry/nyu/019.wav,nyu,rinry
dataset/rinry/nyu/020.wav,nyu,rinry
dataset/rinry/nyu/021.wav,nyu,rinry
dataset/rinry/nyu/022.wav,nyu,rinry
dataset/rinry/nyu/023.wav,nyu,rinry
dataset/rinry/nyu/024.wav,nyu,rinry
dataset/rinry/nyu/025.wav,nyu,rinry
dataset/rinry/nyu/026.wav,nyu,rinry
dataset/rinry/nyu/027.wav,nyu,rinry
dataset/rinry/nyu/028.wav,nyu,rinry
dataset/rinry/nyu/029.wav,nyu,rinry
dataset/rinry/nyu/030.wav,nyu,rinry
dataset/rinry/nyu/031.wav,nyu,rinry
dataset/rinry/nyu/032.wav,nyu,rinry
dataset/rinry/nyu/033.wav,nyu,rinry
dataset/rinry/nyu/034.wav,nyu,rinry
dataset/rinry/nyu/035.wav,nyu,rinry
dataset/rinry/o/001.wav,o,rinry
dataset/rinry/o/002.wav,o,rinry
dataset/rinry/o/003.wav,o,rinry
dataset/rinry/o/004.wav,o,rinry
dataset/rinry/o/005.wav,o,rinry
dataset/rinry/o/006.wav,o,rinry
dataset/rinry/o/007.wav,o,rinry
dataset/rinry/o/008.wav,o,rinry
dataset/rinry/o/009.wav,o,rinry
dataset/rinry/o/010.wav,o,rinry
dataset/rinry/o/011.wav,o,rinry
dataset/rinry/o/012.wav,o,rinry
dataset/rinry/o/013.wav,o,rinry
dataset/rinry/o/014.wav,o,rinry
dataset/rinry/o/015.wav,o,rinry
dataset/rinry/o/016.wav,o,rinry
dataset/rinry/o/017.wav,o,rinry
dataset/rinry/o/018.wav,o,rinry
dataset/rinry/o/019.wav,o,rinry
dataset/rinry/o/020.wav,o,rinry
dataset/rinry/o/021.wav,o,rinry
dataset/rinry/o/022.wav,o,rinry
dataset/rinry/o/023.wav,o,rinry
dataset/rinry/o/024.wav,o,rinry
dataset/rinry/o/025.wav,o,rinry
dataset/rinry/o/026.wav,o,rinry
dataset/rinry/o/027.wav,o,rinry
dataset/rinry/o/028.wav,o,rinry
dataset/rinry/o/029.wav,o,rinry
dataset/rinry/o/030.wav,o,rinry
dataset/rinry/o/032.wav,o,rinry
dataset/rinry/o/033.wav,o,rinry
dataset/rinry/o/035.wav,o,rinry
dataset/rinry/pa/001.wav,pa,rinry
dataset/rinry/pa/002.wav,pa,rinry
dataset/rinry/pa/003.wav,pa,rinry
dataset/rinry/pa/004.wav,pa,rinry
dataset/rinry/pa/005.wav,pa,rinry
dataset/rinry/pa/006.wav,pa,rinry
dataset/rinry/pa/007.wav,pa,rinry
dataset/rinry/pa/008.wav,pa,rinry
dataset/rinry/pa/009.wav,pa,rinry
dataset/rinry/pa/010.wav,pa,rinry
dataset/rinry/pa/011.wav,pa,rinry
dataset/rinry/pa/012.wav,pa,rinry
dataset/rinry/pa/013.wav,pa,rinry
dataset/rinry/pa/014.wav,pa,rinry
dataset/rinry/pa/015.wav,pa,rinry
dataset/rinry/pa/016.wav,pa,rinry
dataset/rinry/pa/017.wav,pa,rinry
dataset/rinry/pa/018.wav,pa,rinry
dataset/rinry/pa/019.wav,pa,rinry
dataset/rinry/pa/020.wav,pa,rinry
dataset/rinry/pa/024.wav,pa,rinry
dataset/rinry/pa/025.wav,pa,rinry
dataset/rinry/pa/026.wav,pa,rinry
dataset/rinry/pa/027.wav,pa,rinry
dataset/rinry/pa/028.wav,pa,rinry
dataset/rinry/pa/029.wav,pa,rinry
dataset/rinry/pa/030.wav,pa,rinry
dataset/rinry/pa/031.wav,pa,rinry
dataset/rinry/pa/032.wav,pa,rinry
dataset/rinry/pa/033.wav,pa,rinry
dataset/rinry/pa/034.wav,pa,rinry
dataset/rinry/pa/035.wav,pa,rinry
dataset/rinry/pe/001.wav,pe,rinry
dataset/rinry/pe/002.wav,pe,rinry
dataset/rinry/pe/003.wav,pe,rinry
dataset/rinry/pe/004.wav,pe,rinry
dataset/rinry/pe/005.wav,pe,rinry
dataset/rinry/pe/006.wav,pe,rinry
dataset/rinry/pe/007.wav,pe,rinry
dataset/rinry/pe/008.wav,pe,rinry
dataset/rinry/pe/009.wav,pe,rinry
dataset/rinry/pe/010.wav,pe,rinry
dataset/rinry/pe/011.wav,pe,rinry
dataset/rinry/pe/012.wav,pe,rinry
dataset/rinry/pe/013.wav,pe,rinry
dataset/rinry/pe/014.wav,pe,rinry
dataset/rinry/pe/015.wav,pe,rinry
dataset/rinry/pe/016.wav,pe,rinry
dataset/rinry/pe/017.wav,pe,rinry
dataset/rinry/pe/018.wav,pe,rinry
dataset/rinry/pe/019.wav,pe,rinry
dataset/rinry/pe/020.wav,pe,rinry
dataset/rinry/pe/021.wav,pe,rinry
dataset/rinry/pe/022.wav,pe,rinry
dataset/rinry/pe/023.wav,pe,rinry
dataset/rinry/pe/024.wav,pe,rinry
dataset/rinry/pe/025.wav,pe,rinry
dataset/rinry/pe/026.wav,pe,rinry
dataset/rinry/pe/027.wav,pe,rinry
dataset/rinry/pe/028.wav,pe,rinry
dataset/rinry/pe/029.wav,pe,rinry
dataset/rinry/pe/030.wav,pe,rinry
dataset/rinry/pe/032.wav,pe,rinry
dataset/rinry/pe/033.wav,pe,rinry
dataset/rinry/pe/034.wav,pe,rinry
dataset/rinry/pe/035.wav,pe,rinry
dataset/rinry/pi/001.wav,pi,rinry
dataset/rinry/pi/002.wav,pi,rinry
dataset/rinry/pi/003.wav,pi,rinry
dataset/rinry/pi/004.wav,pi,rinry
dataset/rinry/pi/005.wav,pi,rinry
dataset/rinry/pi/006.wav,pi,rinry
dataset/rinry/pi/007.wav,pi,rinry
dataset/rinry/pi/008.wav,pi,rinry
dataset/rinry/pi/009.wav,pi,rinry
dataset/rinry/pi/010.wav,pi,rinry
dataset/rinry/pi/011.wav,pi,rinry
dataset/rinry/pi/012.wav,pi,rinry
dataset/rinry/pi/013.wav,pi,rinry
dataset/rinry/pi/014.wav,pi,rinry
dataset/rinry/pi/015.wav,pi,rinry
dataset/rinry/pi/016.wav,pi,rinry
dataset/rinry/pi/017.wav,pi,rinry
dataset/rinry/pi/018.wav,pi,rinry
dataset/rinry/pi/019.wav,pi,rinry
dataset/rinry/pi/020.wav,pi,rinry
dataset/rinry/pi/021.wav,pi,rinry
dataset/rinry/pi/022.wav,pi,rinry
dataset/rinry/pi/023.wav,pi,rinry
dataset/rinry/pi/024.wav,pi,rinry
dataset/rinry/pi/025.wav,pi,rinry
dataset/rinry/pi/026.wav,pi,rinry
dataset/rinry/pi/027.wav,pi,rinry
dataset/rinry/pi/028.wav,pi,rinry
dataset/rinry/pi/029.wav,pi,rinry
dataset/rinry/pi/030.wav,pi,rinry
dataset/rinry/pi/031.wav,pi,rinry
dataset/rinry/pi/032.wav,pi,rinry
dataset/rinry/pi/033.wav,pi,rinry
dataset/rinry/pi/035.wav,pi,rinry
dataset/rinry/po/001.wav,po,rinry
dataset/rinry/po/002.wav,po,rinry
dataset/rinry/po/003.wav,po,rinry
dataset/rinry/po/004.wav,po,rinry
dataset/rinry/po/005.wav,po,rinry
dataset/rinry/po/006.wav,po,rinry
dataset/rinry/po/007.wav,po,rinry
dataset/rinry/po/008.wav,po,rinry
dataset/rinry/po/009.wav,po,rinry
dataset/rinry/po/010.wav,po,rinry
dataset/rinry/po/011.wav,po,rinry
dataset/rinry/po/012.wav,po,rinry
dataset/rinry/po/013.wav,po,rinry
dataset/rinry/po/014.wav,po,rinry
dataset/rinry/po/015.wav,po,rinry
dataset/rinry/po/016.wav,po,rinry
dataset/rinry/po/017.wav,po,rinry
dataset/rinry/po/018.wav,po,rinry
dataset/rinry/po/019.wav,po,rinry
dataset/rinry/po/020.wav,po,rinry
dataset/rinry/po/021.wav,po,rinry
dataset/rinry/po/022.wav,po,rinry
dataset/rinry/po/023.wav,po,rinry
dataset/rinry/po/024.wav,po,rinry
dataset/rinry/po/025.wav,po,rinry
dataset/rinry/po/026.wav,po,rinry
dataset/rinry/po/027.wav,po,rinry
dataset/rinry/po/028.wav,po,rinry
dataset/rinry/po/029.wav,po,rinry
dataset/rinry/po/030.wav,po,rinry
dataset/rinry/po/031.wav,po,rinry
dataset/rinry/po/032.wav,po,rinry
dataset/rinry/po/033.wav,po,rinry
dataset/rinry/po/034.wav,po,rinry
dataset/rinry/po/035.wav,po,rinry
dataset/rinry/pu/001.wav,pu,rinry
dataset/rinry/pu/002.wav,pu,rinry
dataset/rinry/pu/003.wav,pu,rinry
dataset/rinry/pu/004.wav,pu,rinry
dataset/rinry/pu/005.wav,pu,rinry
dataset/rinry/pu/006.wav,pu,rinry
dataset/rinry/pu/007.wav,pu,rinry
dataset/rinry/pu/008.wav,pu,rinry
dataset/rinry/pu/009.wav,pu,rinry
dataset/rinry/pu/010.wav,pu,rinry
dataset/rinry/pu/011.wav,pu,rinry
dataset/rinry/pu/012.wav,pu,rinry
dataset/rinry/pu/013.wav,pu,rinry
dataset/rinry/pu/014.wav,pu,rinry
dataset/rinry/pu/015.wav,pu,rinry
dataset/rinry/pu/016.wav,pu,rinry
dataset/rinry/pu/017.wav,pu,rinry
dataset/rinry/pu/018.wav,pu,rinry
dataset/rinry/pu/019.wav,pu,rinry
dataset/rinry/pu/020.wav,pu,rinry
dataset/rinry/pu/021.wav,pu,rinry
dataset/rinry/pu/022.wav,pu,rinry
dataset/rinry/pu/023.wav,pu,rinry
dataset/rinry/pu/024.wav,pu,rinry
dataset/rinry/pu/025.wav,pu,rinry
dataset/rinry/pu/026.wav,pu,rinry
dataset/rinry/pu/027.wav,pu,rinry
dataset/rinry/pu/028.wav,pu,rinry
dataset/rinry/pu/029.wav,pu,rinry
dataset/rinry/pu/030.wav,pu,rinry
dataset/rinry/pu/031.wav,pu,rinry
dataset/rinry/pu/032.wav,pu,rinry
dataset/rinry/pu/033.wav,pu,rinry
dataset/rinry/pu/034.wav,pu,rinry
dataset/rinry/pu/035.wav,pu,rinry
dataset/rinry/pya/001.wav,pya,rinry
dataset/rinry/pya/002.wav,pya,rinry
dataset/rinry/pya/003.wav,pya,rinry
dataset/rinry/pya/004.wav,pya,rinry
dataset/rinry/pya/005.wav,pya,rinry
dataset/rinry/pya/006.wav,pya,rinry
dataset/rinry/pya/007.wav,pya,rinry
dataset/rinry/pya/008.wav,pya,rinry
dataset/rinry/pya/009.wav,pya,rinry
dataset/rinry/pya/010.wav,pya,rinry
dataset/rinry/pya/011.wav,pya,rinry
dataset/rinry/pya/012.wav,pya,rinry
dataset/rinry/pya/013.wav,pya,rinry
dataset/rinry/pya/014.wav,pya,rinry
dataset/rinry/pya/015.wav,pya,rinry
dataset/rinry/pya/016.wav,pya,rinry
dataset/rinry/pya/017.wav,pya,rinry
dataset/rinry/pya/018.wav,pya,rinry
dataset/rinry/pya/019.wav,pya,rinry
dataset/rinry/pya/020.wav,pya,rinry
dataset/rinry/pya/021.wav,pya,rinry
dataset/rinry/pya/022.wav,pya,rinry
dataset/rinry/pya/023.wav,pya,rinry
dataset/rinry/pya/024.wav,pya,rinry
dataset/rinry/pya/025.wav,pya,rinry
dataset/rinry/pya/026.wav,pya,rinry
dataset/rinry/pya/027.wav,pya,rinry
dataset/rinry/pya/028.wav,pya,rinry
dataset/rinry/pya/029.wav,pya,rinry
dataset/rinry/pya/030.wav,pya,rinry
dataset/rinry/pya/031.wav,pya,rinry
dataset/rinry/pya/032.wav,pya,rinry
dataset/rinry/pya/033.wav,pya,rinry
dataset/rinry/pya/034.wav,pya,rinry
dataset/rinry/pya/035.wav,pya,rinry
dataset/rinry/pyo/001.wav,pyo,rinry
dataset/rinry/pyo/002.wav,pyo,rinry
dataset/rinry/pyo/003.wav,pyo,rinry
dataset/rinry/pyo/004.wav,pyo,rinry
dataset/rinry/pyo/005.wav,pyo,rinry
dataset/rinry/pyo/006.wav,pyo,rinry
dataset/rinry/pyo/007.wav,pyo,rinry
dataset/rinry/pyo/008.wav,pyo,rinry
dataset/rinry/pyo/009.wav,pyo,rinry
dataset/rinry/pyo/010.wav,pyo,rinry
dataset/rinry/pyo/011.wav,pyo,rinry
dataset/rinry/pyo/012.wav,pyo,rinry
dataset/rinry/pyo/013.wav,pyo,rinry
dataset/rinry/pyo/014.wav,pyo,rinry
dataset/rinry/pyo/015.wav,pyo,rinry
dataset/rinry/pyo/016.wav,pyo,rinry
dataset/rinry/pyo/017.wav,pyo,rinry
dataset/rinry/pyo/018.wav,pyo,rinry
dataset/rinry/pyo/019.wav,pyo,rinry
dataset/rinry/pyo/020.wav,pyo,rinry
dataset/rinry/pyo/021.wav,pyo,rinry
dataset/rinry/pyo/022.wav,pyo,rinry
dataset/rinry/pyo/023.wav,pyo,rinry
dataset/rinry/pyo/024.wav,pyo,rinry
dataset/rinry/pyo/025.wav,pyo,rinry
dataset/rinry/pyo/026.wav,pyo,rinry
dataset/rinry/pyo/027.wav,pyo,rinry
dataset/rinry/pyo/028.wav,pyo,rinry
dataset/rinry/pyo/029.wav,pyo,rinry
dataset/rinry/pyo/030.wav,pyo,rinry
dataset/rinry/pyo/031.wav,pyo,rinry
dataset/rinry/pyo/032.wav,pyo,rinry
dataset/rinry/pyo/033.wav,pyo,rinry
dataset/rinry/pyo/034.wav,pyo,rinry
dataset/rinry/pyo/035.wav,pyo,rinry
dataset/rinry/pyu/001.wav,pyu,rinry
dataset/rinry/pyu/002.wav,pyu,rinry
dataset/rinry/pyu/003.wav,pyu,rinry
dataset/rinry/pyu/004.wav,pyu,rinry
dataset/rinry/pyu/005.wav,pyu,rinry
dataset/rinry/pyu/006.wav,pyu,rinry
dataset/rinry/pyu/007.wav,pyu,rinry
dataset/rinry/pyu/008.wav,pyu,rinry
dataset/rinry/pyu/009.wav,pyu,rinry
dataset/rinry/pyu/010.wav,pyu,rinry
dataset/rinry/pyu/011.wav,pyu,rinry
dataset/rinry/pyu/012.wav,pyu,rinry
dataset/rinry/pyu/013.wav,pyu,rinry
dataset/rinry/pyu/014.wav,pyu,rinry
dataset/rinry/pyu/015.wav,pyu,rinry
dataset/rinry/pyu/016.wav,pyu,rinry
dataset/rinry/pyu/017.wav,pyu,rinry
dataset/rinry/pyu/018.wav,pyu,rinry
dataset/rinry/pyu/019.wav,pyu,rinry
dataset/rinry/pyu/020.wav,pyu,rinry
dataset/rinry/pyu/021.wav,pyu,rinry
dataset/rinry/pyu/022.wav,pyu,rinry
dataset/rinry/pyu/023.wav,pyu,rinry
dataset/rinry/pyu/024.wav,pyu,rinry
dataset/rinry/pyu/025.wav,pyu,rinry
dataset/rinry/pyu/026.wav,pyu,rinry
dataset/rinry/pyu/027.wav,pyu,rinry
dataset/rinry/pyu/028.wav,pyu,rinry
dataset/rinry/pyu/029.wav,pyu,rinry
dataset/rinry/pyu/030.wav,pyu,rinry
dataset/rinry/pyu/031.wav,pyu,rinry
dataset/rinry/pyu/032.wav,pyu,rinry
dataset/rinry/pyu/033.wav,pyu,rinry
dataset/rinry/pyu/034.wav,pyu,rinry
dataset/rinry/pyu/035.wav,pyu,rinry
dataset/rinry/ra/002.wav,ra,rinry
dataset/rinry/ra/003.wav,ra,rinry
dataset/rinry/ra/004.wav,ra,rinry
dataset/rinry/ra/005.wav,ra,rinry
dataset/rinry/ra/006.wav,ra,rinry
dataset/rinry/ra/007.wav,ra,rinry
dataset/rinry/ra/008.wav,ra,rinry
dataset/rinry/ra/009.wav,ra,rinry
dataset/rinry/ra/010.wav,ra,rinry
dataset/rinry/ra/011.wav,ra,rinry
dataset/rinry/ra/012.wav,ra,rinry
dataset/rinry/ra/013.wav,ra,rinry
dataset/rinry/ra/014.wav,ra,rinry
dataset/rinry/ra/015.wav,ra,rinry
dataset/rinry/ra/016.wav,ra,rinry
dataset/rinry/ra/017.wav,ra,rinry
dataset/rinry/ra/018.wav,ra,rinry
dataset/rinry/ra/019.wav,ra,rinry
dataset/rinry/ra/020.wav,ra,rinry
dataset/rinry/ra/021.wav,ra,rinry
dataset/rinry/ra/022.wav,ra,rinry
dataset/rinry/ra/023.wav,ra,rinry
dataset/rinry/ra/024.wav,ra,rinry
dataset/rinry/ra/025.wav,ra,rinry
dataset/rinry/ra/026.wav,ra,rinry
dataset/rinry/ra/027.wav,ra,rinry
dataset/rinry/ra/028.wav,ra,rinry
dataset/rinry/ra/029.wav,ra,rinry
dataset/rinry/ra/030.wav,ra,rinry
dataset/rinry/ra/031.wav,ra,rinry
dataset/rinry/ra/032.wav,ra,rinry
dataset/rinry/ra/033.wav,ra,rinry
dataset/rinry/ra/034.wav,ra,rinry
dataset/rinry/ra/035.wav,ra,rinry
dataset/rinry/re/001.wav,re,rinry
dataset/rinry/re/002.wav,re,rinry
dataset/rinry/re/003.wav,re,rinry
dataset/rinry/re/004.wav,re,rinry
dataset/rinry/re/005.wav,re,rinry
dataset/rinry/re/006.wav,re,rinry
dataset/rinry/re/007.wav,re,rinry
dataset/rinry/re/008.wav,re,rinry
dataset/rinry/re/009.wav,re,rinry
dataset/rinry/re/010.wav,re,rinry
dataset/rinry/re/011.wav,re,rinry
dataset/rinry/re/012.wav,re,rinry
dataset/rinry/re/013.wav,re,rinry
dataset/rinry/re/014.wav,re,rinry
dataset/rinry/re/015.wav,re,rinry
dataset/rinry/re/016.wav,re,rinry
dataset/rinry/re/017.wav,re,rinry
dataset/rinry/re/018.wav,re,rinry
dataset/rinry/re/019.wav,re,rinry
dataset/rinry/re/020.wav,re,rinry
dataset/rinry/re/021.wav,re,rinry
dataset/rinry/re/022.wav,re,rinry
dataset/rinry/re/023.wav,re,rinry
dataset/rinry/re/024.wav,re,rinry
dataset/rinry/re/025.wav,re,rinry
dataset/rinry/re/026.wav,re,rinry
dataset/rinry/re/027.wav,re,rinry
dataset/rinry/re/028.wav,re,rinry
dataset/rinry/re/029.wav,re,rinry
dataset/rinry/re/030.wav,re,rinry
dataset/rinry/re/031.wav,re,rinry
dataset/rinry/re/032.wav,re,rinry
dataset/rinry/re/033.wav,re,rinry
dataset/rinry/re/035.wav,re,rinry
dataset/rinry/ri/001.wav,ri,rinry
dataset/rinry/ri/002.wav,ri,rinry
dataset/rinry/ri/003.wav,ri,rinry
dataset/rinry/ri/004.wav,ri,rinry
dataset/rinry/ri/005.wav,ri,rinry
dataset/rinry/ri/006.wav,ri,rinry
dataset/rinry/ri/007.wav,ri,rinry
dataset/rinry/ri/008.wav,ri,rinry
dataset/rinry/ri/009.wav,ri,rinry
dataset/rinry/ri/010.wav,ri,rinry
dataset/rinry/ri/011.wav,ri,rinry
dataset/rinry/ri/012.wav,ri,rinry
dataset/rinry/ri/013.wav,ri,rinry
dataset/rinry/ri/014.wav,ri,rinry
dataset/rinry/ri/015.wav,ri,rinry
dataset/rinry/ri/016.wav,ri,rinry
dataset/rinry/ri/017.wav,ri,rinry
dataset/rinry/ri/018.wav,ri,rinry
dataset/rinry/ri/019.wav,ri,rinry
dataset/rinry/ri/020.wav,ri,rinry
dataset/rinry/ri/021.wav,ri,rinry
dataset/rinry/ri/022.wav,ri,rinry
dataset/rinry/ri/023.wav,ri,rinry
dataset/rinry/ri/024.wav,ri,rinry
dataset/rinry/ri/025.wav,ri,rinry
dataset/rinry/ri/026.wav,ri,rinry
dataset/rinry/ri/027.wav,ri,rinry
dataset/rinry/ri/028.wav,ri,rinry
dataset/rinry/ri/029.wav,ri,rinry
dataset/rinry/ri/030.wav,ri,rinry
dataset/rinry/ri/031.wav,ri,rinry
dataset/rinry/ri/032.wav,ri,rinry
dataset/rinry/ri/033.wav,ri,rinry
dataset/rinry/ri/034.wav,ri,rinry
dataset/rinry/ri/035.wav,ri,rinry
dataset/rinry/ro/001.wav,ro,rinry
dataset/rinry/ro/002.wav,ro,rinry
dataset/rinry/ro/003.wav,ro,rinry
dataset/rinry/ro/004.wav,ro,rinry
dataset/rinry/ro/005.wav,ro,rinry
dataset/rinry/ro/006.wav,ro,rinry
dataset/rinry/ro/007.wav,ro,rinry
dataset/rinry/ro/008.wav,ro,rinry
dataset/rinry/ro/009.wav,ro,rinry
dataset/rinry/ro/010.wav,ro,rinry
dataset/rinry/ro/011.wav,ro,rinry
dataset/rinry/ro/012.wav,ro,rinry
dataset/rinry/ro/013.wav,ro,rinry
dataset/rinry/ro/014.wav,ro,rinry
dataset/rinry/ro/015.wav,ro,rinry
dataset/rinry/ro/016.wav,ro,rinry
dataset/rinry/ro/017.wav,ro,rinry
dataset/rinry/ro/018.wav,ro,rinry
dataset/rinry/ro/019.wav,ro,rinry
dataset/rinry/ro/020.wav,ro,rinry
dataset/rinry/ro/021.wav,ro,rinry
dataset/rinry/ro/022.wav,ro,rinry
dataset/rinry/ro/023.wav,ro,rinry
dataset/rinry/ro/024.wav,ro,rinry
dataset/rinry/ro/025.wav,ro,rinry
dataset/rinry/ro/026.wav,ro,rinry
dataset/rinry/ro/027.wav,ro,rinry
dataset/rinry/ro/028.wav,ro,rinry
dataset/rinry/ro/029.wav,ro,rinry
dataset/rinry/ro/030.wav,ro,rinry
dataset/rinry/ro/031.wav,ro,rinry
dataset/rinry/ro/032.wav,ro,rinry
dataset/rinry/ro/033.wav,ro,rinry
dataset/rinry/ro/034.wav,ro,rinry
dataset/rinry/ro/035.wav,ro,rinry
dataset/rinry/ru/001.wav,ru,rinry
dataset/rinry/ru/002.wav,ru,rinry
dataset/rinry/ru/003.wav,ru,rinry
dataset/rinry/ru/004.wav,ru,rinry
dataset/rinry/ru/005.wav,ru,rinry
dataset/rinry/ru/006.wav,ru,rinry
dataset/rinry/ru/007.wav,ru,rinry
dataset/rinry/ru/008.wav,ru,rinry
dataset/rinry/ru/009.wav,ru,rinry
dataset/rinry/ru/010.wav,ru,rinry
dataset/rinry/ru/011.wav,ru,rinry
dataset/rinry/ru/012.wav,ru,rinry
dataset/rinry/ru/013.wav,ru,rinry
dataset/rinry/ru/014.wav,ru,rinry
dataset/rinry/ru/015.wav,ru,rinry
dataset/rinry/ru/016.wav,ru,rinry
dataset/rinry/ru/017.wav,ru,rinry
dataset/rinry/ru/018.wav,ru,rinry
dataset/rinry/ru/019.wav,ru,rinry
dataset/rinry/ru/020.wav,ru,rinry
dataset/rinry/ru/021.wav,ru,rinry
dataset/rinry/ru/022.wav,ru,rinry
dataset/rinry/ru/023.wav,ru,rinry
dataset/rinry/ru/024.wav,ru,rinry
dataset/rinry/ru/025.wav,ru,rinry
dataset/rinry/ru/026.wav,ru,rinry
dataset/rinry/ru/027.wav,ru,rinry
dataset/rinry/ru/028.wav,ru,rinry
dataset/rinry/ru/029.wav,ru,rinry
dataset/rinry/ru/030.wav,ru,rinry
dataset/rinry/ru/031.wav,ru,rinry
dataset/rinry/ru/032.wav,ru,rinry
dataset/rinry/ru/033.wav,ru,rinry
dataset/rinry/ru/034.wav,ru,rinry
dataset/rinry/ru/035.wav,ru,rinry
dataset/rinry/rya/001.wav,rya,rinry
dataset/rinry/rya/002.wav,rya,rinry
dataset/rinry/rya/003.wav,rya,rinry
dataset/rinry/rya/004.wav,rya,rinry
dataset/rinry/rya/005.wav,rya,rinry
dataset/rinry/rya/006.wav,rya,rinry
dataset/rinry/rya/007.wav,rya,rinry
dataset/rinry/rya/008.wav,rya,rinry
dataset/rinry/rya/009.wav,rya,rinry
dataset/rinry/rya/010.wav,rya,rinry
dataset/rinry/rya/011.wav,rya,rinry
dataset/rinry/rya/012.wav,rya,rinry
dataset/rinry/rya/013.wav,rya,rinry
dataset/rinry/rya/014.wav,rya,rinry
dataset/rinry/rya/015.wav,rya,rinry
dataset/rinry/rya/016.wav,rya,rinry
dataset/rinry/rya/017.wav,rya,rinry
dataset/rinry/rya/018.wav,rya,rinry
dataset/rinry/rya/019.wav,rya,rinry
dataset/rinry/rya/020.wav,rya,rinry
dataset/rinry/rya/021.wav,rya,rinry
dataset/rinry/rya/022.wav,rya,rinry
dataset/rinry/rya/023.wav,rya,rinry
dataset/rinry/rya/024.wav,rya,rinry
dataset/rinry/rya/025.wav,rya,rinry
dataset/rinry/rya/026.wav,rya,rinry
dataset/rinry/rya/027.wav,rya,rinry
dataset/rinry/rya/028.wav,rya,rinry
dataset/rinry/rya/029.wav,rya,rinry
dataset/rinry/rya/030.wav,rya,rinry
dataset/rinry/rya/031.wav,rya,rinry
dataset/rinry/rya/032.wav,rya,rinry
dataset/rinry/rya/033.wav,rya,rinry
dataset/rinry/rya/034.wav,rya,rinry
dataset/rinry/rya/035.wav,rya,rinry
dataset/rinry/ryo/001.wav,ryo,rinry
dataset/rinry/ryo/002.wav,ryo,rinry
dataset/rinry/ryo/003.wav,ryo,rinry
dataset/rinry/ryo/004.wav,ryo,rinry
dataset/rinry/ryo/005.wav,ryo,rinry
dataset/rinry/ryo/006.wav,ryo,rinry
dataset/rinry/ryo/007.wav,ryo,rinry
dataset/rinry/ryo/008.wav,ryo,rinry
dataset/rinry/ryo/009.wav,ryo,rinry
dataset/rinry/ryo/010.wav,ryo,rinry
dataset/rinry/ryo/011.wav,ryo,rinry
dataset/rinry/ryo/012.wav,ryo,rinry
dataset/rinry/ryo/013.wav,ryo,rinry
dataset/rinry/ryo/014.wav,ryo,rinry
dataset/rinry/ryo/015.wav,ryo,rinry
dataset/rinry/ryo/016.wav,ryo,rinry
dataset/rinry/ryo/017.wav,ryo,rinry
dataset/rinry/ryo/018.wav,ryo,rinry
dataset/rinry/ryo/019.wav,ryo,rinry
dataset/rinry/ryo/020.wav,ryo,rinry
dataset/rinry/ryo/021.wav,ryo,rinry
dataset/rinry/ryo/022.wav,ryo,rinry
dataset/rinry/ryo/023.wav,ryo,rinry
dataset/rinry/ryo/024.wav,ryo,rinry
dataset/rinry/ryo/025.wav,ryo,rinry
dataset/rinry/ryo/026.wav,ryo,rinry
dataset/rinry/ryo/027.wav,ryo,rinry
dataset/rinry/ryo/028.wav,ryo,rinry
dataset/rinry/ryo/029.wav,ryo,rinry
dataset/rinry/ryo/030.wav,ryo,rinry
dataset/rinry/ryo/031.wav,ryo,rinry
dataset/rinry/ryo/032.wav,ryo,rinry
dataset/rinry/ryo/033.wav,ryo,rinry
dataset/rinry/ryo/034.wav,ryo,rinry
dataset/rinry/ryo/035.wav,ryo,rinry
dataset/rinry/ryu/001.wav,ryu,rinry
dataset/rinry/ryu/002.wav,ryu,rinry
dataset/rinry/ryu/003.wav,ryu,rinry
dataset/rinry/ryu/004.wav,ryu,rinry
dataset/rinry/ryu/005.wav,ryu,rinry
dataset/rinry/ryu/006.wav,ryu,rinry
dataset/rinry/ryu/007.wav,ryu,rinry
dataset/rinry/ryu/008.wav,ryu,rinry
dataset/rinry/ryu/009.wav,ryu,rinry
dataset/rinry/ryu/010.wav,ryu,rinry
dataset/rinry/ryu/011.wav,ryu,rinry
dataset/rinry/ryu/012.wav,ryu,rinry
dataset/rinry/ryu/013.wav,ryu,rinry
dataset/rinry/ryu/014.wav,ryu,rinry
dataset/rinry/ryu/015.wav,ryu,rinry
dataset/rinry/ryu/016.wav,ryu,rinry
dataset/rinry/ryu/017.wav,ryu,rinry
dataset/rinry/ryu/018.wav,ryu,rinry
dataset/rinry/ryu/019.wav,ryu,rinry
dataset/rinry/ryu/020.wav,ryu,rinry
dataset/rinry/ryu/021.wav,ryu,rinry
dataset/rinry/ryu/022.wav,ryu,rinry
dataset/rinry/ryu/023.wav,ryu,rinry
dataset/rinry/ryu/024.wav,ryu,rinry
dataset/rinry/ryu/025.wav,ryu,rinry
dataset/rinry/ryu/026.wav,ryu,rinry
dataset/rinry/ryu/027.wav,ryu,rinry
dataset/rinry/ryu/028.wav,ryu,rinry
dataset/rinry/ryu/029.wav,ryu,rinry
dataset/rinry/ryu/030.wav,ryu,rinry
dataset/rinry/ryu/031.wav,ryu,rinry
dataset/rinry/ryu/032.wav,ryu,rinry
dataset/rinry/ryu/033.wav,ryu,rinry
dataset/rinry/ryu/034.wav,ryu,rinry
dataset/rinry/ryu/035.wav,ryu,rinry
dataset/rinry/sa/001.wav,sa,rinry
dataset/rinry/sa/002.wav,sa,rinry
dataset/rinry/sa/003.wav,sa,rinry
dataset/rinry/sa/004.wav,sa,rinry
dataset/rinry/sa/005.wav,sa,rinry
dataset/rinry/sa/006.wav,sa,rinry
dataset/rinry/sa/007.wav,sa,rinry
dataset/rinry/sa/008.wav,sa,rinry
dataset/rinry/sa/009.wav,sa,rinry
dataset/rinry/sa/010.wav,sa,rinry
dataset/rinry/sa/011.wav,sa,rinry
dataset/rinry/sa/012.wav,sa,rinry
dataset/rinry/sa/013.wav,sa,rinry
dataset/rinry/sa/014.wav,sa,rinry
dataset/rinry/sa/015.wav,sa,rinry
dataset/rinry/sa/016.wav,sa,rinry
dataset/rinry/sa/017.wav,sa,rinry
dataset/rinry/sa/018.wav,sa,rinry
dataset/rinry/sa/019.wav,sa,rinry
dataset/rinry/sa/020.wav,sa,rinry
dataset/rinry/sa/021.wav,sa,rinry
dataset/rinry/sa/022.wav,sa,rinry
dataset/rinry/sa/023.wav,sa,rinry
dataset/rinry/sa/024.wav,sa,rinry
dataset/rinry/sa/025.wav,sa,rinry
dataset/rinry/sa/026.wav,sa,rinry
dataset/rinry/sa/027.wav,sa,rinry
dataset/rinry/sa/028.wav,sa,rinry
dataset/rinry/sa/029.wav,sa,rinry
dataset/rinry/sa/030.wav,sa,rinry
dataset/rinry/sa/031.wav,sa,rinry
dataset/rinry/sa/032.wav,sa,rinry
dataset/rinry/sa/033.wav,sa,rinry
dataset/rinry/sa/034.wav,sa,rinry
dataset/rinry/sa/035.wav,sa,rinry
dataset/rinry/se/001.wav,se,rinry
dataset/rinry/se/002.wav,se,rinry
dataset/rinry/se/003.wav,se,rinry
dataset/rinry/se/004.wav,se,rinry
dataset/rinry/se/005.wav,se,rinry
dataset/rinry/se/006.wav,se,rinry
dataset/rinry/se/007.wav,se,rinry
dataset/rinry/se/008.wav,se,rinry
dataset/rinry/se/009.wav,se,rinry
dataset/rinry/se/010.wav,se,rinry
dataset/rinry/se/011.wav,se,rinry
dataset/rinry/se/012.wav,se,rinry
dataset/rinry/se/013.wav,se,rinry
dataset/rinry/se/014.wav,se,rinry
dataset/rinry/se/015.wav,se,rinry
dataset/rinry/se/016.wav,se,rinry
dataset/rinry/se/017.wav,se,rinry
dataset/rinry/se/018.wav,se,rinry
dataset/rinry/se/019.wav,se,rinry
dataset/rinry/se/020.wav,se,rinry
dataset/rinry/se/021.wav,se,rinry
dataset/rinry/se/022.wav,se,rinry
dataset/rinry/se/023.wav,se,rinry
dataset/rinry/se/024.wav,se,rinry
dataset/rinry/se/025.wav,se,rinry
dataset/rinry/se/026.wav,se,rinry
dataset/rinry/se/027.wav,se,rinry
dataset/rinry/se/028.wav,se,rinry
dataset/rinry/se/029.wav,se,rinry
dataset/rinry/se/030.wav,se,rinry
dataset/rinry/se/031.wav,se,rinry
dataset/rinry/se/032.wav,se,rinry
dataset/rinry/se/033.wav,se,rinry
dataset/rinry/se/034.wav,se,rinry
dataset/rinry/se/035.wav,se,rinry
dataset/rinry/sha/001.wav,sha,rinry
dataset/rinry/sha/002.wav,sha,rinry
dataset/rinry/sha/003.wav,sha,rinry
dataset/rinry/sha/004.wav,sha,rinry
dataset/rinry/sha/005.wav,sha,rinry
dataset/rinry/sha/006.wav,sha,rinry
dataset/rinry/sha/007.wav,sha,rinry
dataset/rinry/sha/008.wav,sha,rinry
dataset/rinry/sha/009.wav,sha,rinry
dataset/rinry/sha/010.wav,sha,rinry
dataset/rinry/sha/011.wav,sha,rinry
dataset/rinry/sha/012.wav,sha,rinry
dataset/rinry/sha/013.wav,sha,rinry
dataset/rinry/sha/014.wav,sha,rinry
dataset/rinry/sha/015.wav,sha,rinry
dataset/rinry/sha/016.wav,sha,rinry
dataset/rinry/sha/017.wav,sha,rinry
dataset/rinry/sha/018.wav,sha,rinry
dataset/rinry/sha/019.wav,sha,rinry
dataset/rinry/sha/020.wav,sha,rinry
dataset/rinry/sha/021.wav,sha,rinry
dataset/rinry/sha/022.wav,sha,rinry
dataset/rinry/sha/023.wav,sha,rinry
dataset/rinry/sha/024.wav,sha,rinry
dataset/rinry/sha/025.wav,sha,rinry
dataset/rinry/sha/026.wav,sha,rinry
dataset/rinry/sha/027.wav,sha,rinry
dataset/rinry/sha/028.wav,sha,rinry
dataset/rinry/sha/029.wav,sha,rinry
dataset/rinry/sha/030.wav,sha,rinry
dataset/rinry/sha/031.wav,sha,rinry
dataset/rinry/sha/032.wav,sha,rinry
dataset/rinry/sha/033.wav,sha,rinry
dataset/rinry/sha/034.wav,sha,rinry
dataset/rinry/sha/035.wav,sha,rinry
dataset/rinry/shi/001.wav,shi,rinry
dataset/rinry/shi/002.wav,shi,rinry
dataset/rinry/shi/003.wav,shi,rinry
dataset/rinry/shi/004.wav,shi,rinry
dataset/rinry/shi/005.wav,shi,rinry
dataset/rinry/shi/006.wav,shi,rinry
dataset/rinry/shi/007.wav,shi,rinry
dataset/rinry/shi/008.wav,shi,rinry
dataset/rinry/shi/009.wav,shi,rinry
dataset/rinry/shi/010.wav,shi,rinry
dataset/rinry/shi/011.wav,shi,rinry
dataset/rinry/shi/012.wav,shi,rinry
dataset/rinry/shi/013.wav,shi,rinry
dataset/rinry/shi/014.wav,shi,rinry
dataset/rinry/shi/015.wav,shi,rinry
dataset/rinry/shi/016.wav,shi,rinry
dataset/rinry/shi/017.wav,shi,rinry
dataset/rinry/shi/018.wav,shi,rinry
dataset/rinry/shi/019.wav,shi,rinry
dataset/rinry/shi/020.wav,shi,rinry
dataset/rinry/shi/021.wav,shi,rinry
dataset/rinry/shi/022.wav,shi,rinry
dataset/rinry/shi/023.wav,shi,rinry
dataset/rinry/shi/024.wav,shi,rinry
dataset/rinry/shi/025.wav,shi,rinry
dataset/rinry/shi/026.wav,shi,rinry
dataset/rinry/shi/027.wav,shi,rinry
dataset/rinry/shi/028.wav,shi,rinry
dataset/rinry/shi/029.wav,shi,rinry
dataset/rinry/shi/030.wav,shi,rinry
dataset/rinry/shi/031.wav,shi,rinry
dataset/rinry/shi/032.wav,shi,rinry
dataset/rinry/shi/033.wav,shi,rinry
dataset/rinry/shi/034.wav,shi,rinry
dataset/rinry/shi/035.wav,shi,rinry
dataset/rinry/sho/001.wav,sho,rinry
dataset/rinry/sho/002.wav,sho,rinry
dataset/rinry/sho/003.wav,sho,rinry
dataset/rinry/sho/004.wav,sho,rinry
dataset/rinry/sho/005.wav,sho,rinry
dataset/rinry/sho/006.wav,sho,rinry
dataset/rinry/sho/007.wav,sho,rinry
dataset/rinry/sho/008.wav,sho,rinry
dataset/rinry/sho/009.wav,sho,rinry
dataset/rinry/sho/010.wav,sho,rinry
dataset/rinry/sho/011.wav,sho,rinry
dataset/rinry/sho/012.wav,sho,rinry
dataset/rinry/sho/013.wav,sho,rinry
dataset/rinry/sho/014.wav,sho,rinry
dataset/rinry/sho/015.wav,sho,rinry
dataset/rinry/sho/016.wav,sho,rinry
dataset/rinry/sho/017.wav,sho,rinry
dataset/rinry/sho/018.wav,sho,rinry
dataset/rinry/sho/019.wav,sho,rinry
dataset/rinry/sho/020.wav,sho,rinry
dataset/rinry/sho/021.wav,sho,rinry
dataset/rinry/sho/022.wav,sho,rinry
dataset/rinry/sho/023.wav,sho,rinry
dataset/rinry/sho/024.wav,sho,rinry
dataset/rinry/sho/025.wav,sho,rinry
dataset/rinry/sho/026.wav,sho,rinry
dataset/rinry/sho/027.wav,sho,rinry
dataset/rinry/sho/028.wav,sho,rinry
dataset/rinry/sho/029.wav,sho,rinry
dataset/rinry/sho/030.wav,sho,rinry
dataset/rinry/sho/031.wav,sho,rinry
dataset/rinry/sho/032.wav,sho,rinry
dataset/rinry/sho/033.wav,sho,rinry
dataset/rinry/sho/034.wav,sho,rinry
dataset/rinry/sho/035.wav,sho,rinry
dataset/rinry/shu/001.wav,shu,rinry
dataset/rinry/shu/002.wav,shu,rinry
dataset/rinry/shu/003.wav,shu,rinry
dataset/rinry/shu/004.wav,shu,rinry
dataset/rinry/shu/005.wav,shu,rinry
dataset/rinry/shu/006.wav,shu,rinry
dataset/rinry/shu/007.wav,shu,rinry
dataset/rinry/shu/008.wav,shu,rinry
dataset/rinry/shu/009.wav,shu,rinry
dataset/rinry/shu/010.wav,shu,rinry
dataset/rinry/shu/011.wav,shu,rinry
dataset/rinry/shu/012.wav,shu,rinry
dataset/rinry/shu/013.wav,shu,rinry
dataset/rinry/shu/014.wav,shu,rinry
dataset/rinry/shu/015.wav,shu,rinry
dataset/rinry/shu/016.wav,shu,rinry
dataset/rinry/shu/017.wav,shu,rinry
dataset/rinry/shu/018.wav,shu,rinry
dataset/rinry/shu/019.wav,shu,rinry
dataset/rinry/shu/020.wav,shu,rinry
dataset/rinry/shu/021.wav,shu,rinry
dataset/rinry/shu/022.wav,shu,rinry
dataset/rinry/shu/023.wav,shu,rinry
dataset/rinry/shu/024.wav,shu,rinry
dataset/rinry/shu/025.wav,shu,rinry
dataset/rinry/shu/026.wav,shu,rinry
dataset/rinry/shu/027.wav,shu,rinry
dataset/rinry/shu/028.wav,shu,rinry
dataset/rinry/shu/029.wav,shu,rinry
dataset/rinry/shu/030.wav,shu,rinry
dataset/rinry/shu/031.wav,shu,rinry
dataset/rinry/shu/032.wav,shu,rinry
dataset/rinry/shu/033.wav,shu,rinry
dataset/rinry/shu/034.wav,shu,rinry
dataset/rinry/shu/035.wav,shu,rinry
dataset/rinry/so/001.wav,so,rinry
dataset/rinry/so/002.wav,so,rinry
dataset/rinry/so/003.wav,so,rinry
dataset/rinry/so/004.wav,so,rinry
dataset/rinry/so/005.wav,so,rinry
dataset/rinry/so/006.wav,so,rinry
dataset/rinry/so/007.wav,so,rinry
dataset/rinry/so/008.wav,so,rinry
dataset/rinry/so/009.wav,so,rinry
dataset/rinry/so/010.wav,so,rinry
dataset/rinry/so/011.wav,so,rinry
dataset/rinry/so/012.wav,so,rinry
dataset/rinry/so/013.wav,so,rinry
dataset/rinry/so/014.wav,so,rinry
dataset/rinry/so/015.wav,so,rinry
dataset/rinry/so/016.wav,so,rinry
dataset/rinry/so/017.wav,so,rinry
dataset/rinry/so/018.wav,so,rinry
dataset/rinry/so/019.wav,so,rinry
dataset/rinry/so/020.wav,so,rinry
dataset/rinry/so/021.wav,so,rinry
dataset/rinry/so/022.wav,so,rinry
dataset/rinry/so/023.wav,so,rinry
dataset/rinry/so/024.wav,so,rinry
dataset/rinry/so/025.wav,so,rinry
dataset/rinry/so/026.wav,so,rinry
dataset/rinry/so/027.wav,so,rinry
dataset/rinry/so/028.wav,so,rinry
dataset/rinry/so/029.wav,so,rinry
dataset/rinry/so/030.wav,so,rinry
dataset/rinry/so/031.wav,so,rinry
dataset/rinry/so/032.wav,so,rinry
dataset/rinry/so/033.wav,so,rinry
dataset/rinry/so/034.wav,so,rinry
dataset/rinry/so/035.wav,so,rinry
dataset/rinry/su/001.wav,su,rinry
dataset/rinry/su/002.wav,su,rinry
dataset/rinry/su/003.wav,su,rinry
dataset/rinry/su/004.wav,su,rinry
dataset/rinry/su/005.wav,su,rinry
dataset/rinry/su/006.wav,su,rinry
dataset/rinry/su/007.wav,su,rinry
dataset/rinry/su/008.wav,su,rinry
dataset/rinry/su/009.wav,su,rinry
dataset/rinry/su/010.wav,su,rinry
dataset/rinry/su/011.wav,su,rinry
dataset/rinry/su/012.wav,su,rinry
dataset/rinry/su/013.wav,su,rinry
dataset/rinry/su/014.wav,su,rinry
dataset/rinry/su/015.wav,su,rinry
dataset/rinry/su/016.wav,su,rinry
dataset/rinry/su/017.wav,su,rinry
dataset/rinry/su/018.wav,su,rinry
dataset/rinry/su/019.wav,su,rinry
dataset/rinry/su/020.wav,su,rinry
dataset/rinry/su/021.wav,su,rinry
dataset/rinry/su/022.wav,su,rinry
dataset/rinry/su/023.wav,su,rinry
dataset/rinry/su/024.wav,su,rinry
dataset/rinry/su/025.wav,su,rinry
dataset/rinry/su/026.wav,su,rinry
dataset/rinry/su/027.wav,su,rinry
dataset/rinry/su/028.wav,su,rinry
dataset/rinry/su/029.wav,su,rinry
dataset/rinry/su/030.wav,su,rinry
dataset/rinry/su/031.wav,su,rinry
dataset/rinry/su/032.wav,su,rinry
dataset/rinry/su/033.wav,su,rinry
dataset/rinry/su/034.wav,su,rinry
dataset/rinry/su/035.wav,su,rinry
dataset/rinry/ta/001.wav,ta,rinry
dataset/rinry/ta/002.wav,ta,rinry
dataset/rinry/ta/003.wav,ta,rinry
dataset/rinry/ta/004.wav,ta,rinry
dataset/rinry/ta/005.wav,ta,rinry
dataset/rinry/ta/006.wav,ta,rinry
dataset/rinry/ta/007.wav,ta,rinry
dataset/rinry/ta/008.wav,ta,rinry
dataset/rinry/ta/009.wav,ta,rinry
dataset/rinry/ta/010.wav,ta,rinry
dataset/rinry/ta/011.wav,ta,rinry
dataset/rinry/ta/012.wav,ta,rinry
dataset/rinry/ta/013.wav,ta,rinry
dataset/rinry/ta/014.wav,ta,rinry
dataset/rinry/ta/015.wav,ta,rinry
dataset/rinry/ta/016.wav,ta,rinry
dataset/rinry/ta/017.wav,ta,rinry
dataset/rinry/ta/018.wav,ta,rinry
dataset/rinry/ta/019.wav,ta,rinry
dataset/rinry/ta/020.wav,ta,rinry
dataset/rinry/ta/021.wav,ta,rinry
dataset/rinry/ta/022.wav,ta,rinry
dataset/rinry/ta/023.wav,ta,rinry
dataset/rinry/ta/024.wav,ta,rinry
dataset/rinry/ta/025.wav,ta,rinry
dataset/rinry/ta/026.wav,ta,rinry
dataset/rinry/ta/027.wav,ta,rinry
dataset/rinry/ta/028.wav,ta,rinry
dataset/rinry/ta/029.wav,ta,rinry
dataset/rinry/ta/030.wav,ta,rinry
dataset/rinry/ta/031.wav,ta,rinry
dataset/rinry/ta/032.wav,ta,rinry
dataset/rinry/ta/033.wav,ta,rinry
dataset/rinry/ta/034.wav,ta,rinry
dataset/rinry/ta/035.wav,ta,rinry
dataset/rinry/te/001.wav,te,rinry
dataset/rinry/te/002.wav,te,rinry
dataset/rinry/te/003.wav,te,rinry
dataset/rinry/te/004.wav,te,rinry
dataset/rinry/te/005.wav,te,rinry
dataset/rinry/te/006.wav,te,rinry
dataset/rinry/te/007.wav,te,rinry
dataset/rinry/te/008.wav,te,rinry
dataset/rinry/te/009.wav,te,rinry
dataset/rinry/te/010.wav,te,rinry
dataset/rinry/te/011.wav,te,rinry
dataset/rinry/te/012.wav,te,rinry
dataset/rinry/te/013.wav,te,rinry
dataset/rinry/te/014.wav,te,rinry
dataset/rinry/te/015.wav,te,rinry
dataset/rinry/te/016.wav,te,rinry
dataset/rinry/te/017.wav,te,rinry
dataset/rinry/te/018.wav,te,rinry
dataset/rinry/te/019.wav,te,rinry
dataset/rinry/te/020.wav,te,rinry
dataset/rinry/te/021.wav,te,rinry
dataset/rinry/te/022.wav,te,rinry
dataset/rinry/te/023.wav,te,rinry
dataset/rinry/te/024.wav,te,rinry
dataset/rinry/te/025.wav,te,rinry
dataset/rinry/te/026.wav,te,rinry
dataset/rinry/te/027.wav,te,rinry
dataset/rinry/te/028.wav,te,rinry
dataset/rinry/te/029.wav,te,rinry
dataset/rinry/te/030.wav,te,rinry
dataset/rinry/te/031.wav,te,rinry
dataset/rinry/te/032.wav,te,rinry
dataset/rinry/te/033.wav,te,rinry
dataset/rinry/te/034.wav,te,rinry
dataset/rinry/te/035.wav,te,rinry
dataset/rinry/to/001.wav,to,rinry
dataset/rinry/to/002.wav,to,rinry
dataset/rinry/to/003.wav,to,rinry
dataset/rinry/to/004.wav,to,rinry
dataset/rinry/to/005.wav,to,rinry
dataset/rinry/to/006.wav,to,rinry
dataset/rinry/to/007.wav,to,rinry
dataset/rinry/to/008.wav,to,rinry
dataset/rinry/to/009.wav,to,rinry
dataset/rinry/to/010.wav,to,rinry
dataset/rinry/to/011.wav,to,rinry
dataset/rinry/to/012.wav,to,rinry
dataset/rinry/to/013.wav,to,rinry
dataset/rinry/to/014.wav,to,rinry
dataset/rinry/to/015.wav,to,rinry
dataset/rinry/to/016.wav,to,rinry
dataset/rinry/to/017.wav,to,rinry
dataset/rinry/to/018.wav,to,rinry
dataset/rinry/to/019.wav,to,rinry
dataset/rinry/to/020.wav,to,rinry
dataset/rinry/to/021.wav,to,rinry
dataset/rinry/to/022.wav,to,rinry
dataset/rinry/to/023.wav,to,rinry
dataset/rinry/to/024.wav,to,rinry
dataset/rinry/to/025.wav,to,rinry
dataset/rinry/to/026.wav,to,rinry
dataset/rinry/to/027.wav,to,rinry
dataset/rinry/to/028.wav,to,rinry
dataset/rinry/to/029.wav,to,rinry
dataset/rinry/to/030.wav,to,rinry
dataset/rinry/to/031.wav,to,rinry
dataset/rinry/to/032.wav,to,rinry
dataset/rinry/to/033.wav,to,rinry
dataset/rinry/to/034.wav,to,rinry
dataset/rinry/to/035.wav,to,rinry
dataset/rinry/tsu/001.wav,tsu,rinry
dataset/rinry/tsu/002.wav,tsu,rinry
dataset/rinry/tsu/003.wav,tsu,rinry
dataset/rinry/tsu/004.wav,tsu,rinry
dataset/rinry/tsu/005.wav,tsu,rinry
dataset/rinry/tsu/006.wav,tsu,rinry
dataset/rinry/tsu/007.wav,tsu,rinry
dataset/rinry/tsu/008.wav,tsu,rinry
dataset/rinry/tsu/009.wav,tsu,rinry
dataset/rinry/tsu/010.wav,tsu,rinry
dataset/rinry/tsu/011.wav,tsu,rinry
dataset/rinry/tsu/012.wav,tsu,rinry
dataset/rinry/tsu/013.wav,tsu,rinry
dataset/rinry/tsu/014.wav,tsu,rinry
dataset/rinry/tsu/015.wav,tsu,rinry
dataset/rinry/tsu/016.wav,tsu,rinry
dataset/rinry/tsu/017.wav,tsu,rinry
dataset/rinry/tsu/018.wav,tsu,rinry
dataset/rinry/tsu/019.wav,tsu,rinry
dataset/rinry/tsu/020.wav,tsu,rinry
dataset/rinry/tsu/021.wav,tsu,rinry
dataset/rinry/tsu/022.wav,tsu,rinry
dataset/rinry/tsu/023.wav,tsu,rinry
dataset/rinry/tsu/024.wav,tsu,rinry
dataset/rinry/tsu/025.wav,tsu,rinry
dataset/rinry/tsu/026.wav,tsu,rinry
dataset/rinry/tsu/027.wav,tsu,rinry
dataset/rinry/tsu/028.wav,tsu,rinry
dataset/rinry/tsu/029.wav,tsu,rinry
dataset/rinry/tsu/030.wav,tsu,rinry
dataset/rinry/tsu/031.wav,tsu,rinry
dataset/rinry/tsu/032.wav,tsu,rinry
dataset/rinry/tsu/033.wav,tsu,rinry
dataset/rinry/tsu/034.wav,tsu,rinry
dataset/rinry/tsu/035.wav,tsu,rinry
dataset/rinry/u/001.wav,u,rinry
dataset/rinry/u/002.wav,u,rinry
dataset/rinry/u/003.wav,u,rinry
dataset/rinry/u/004.wav,u,rinry
dataset/rinry/u/005.wav,u,rinry
dataset/rinry/u/006.wav,u,rinry
dataset/rinry/u/007.wav,u,rinry
dataset/rinry/u/008.wav,u,rinry
dataset/rinry/u/009.wav,u,rinry
dataset/rinry/u/010.wav,u,rinry
dataset/rinry/u/011.wav,u,rinry
dataset/rinry/u/012.wav,u,rinry
dataset/rinry/u/013.wav,u,rinry
dataset/rinry/u/014.wav,u,rinry
dataset/rinry/u/015.wav,u,rinry
dataset/rinry/u/016.wav,u,rinry
dataset/rinry/u/017.wav,u,rinry
dataset/rinry/u/018.wav,u,rinry
dataset/rinry/u/019.wav,u,rinry
dataset/rinry/u/020.wav,u,rinry
dataset/rinry/u/021.wav,u,rinry
dataset/rinry/u/022.wav,u,rinry
dataset/rinry/u/023.wav,u,rinry
dataset/rinry/u/024.wav,u,rinry
dataset/rinry/u/025.wav,u,rinry
dataset/rinry/u/026.wav,u,rinry
dataset/rinry/u/027.wav,u,rinry
dataset/rinry/u/028.wav,u,rinry
dataset/rinry/u/029.wav,u,rinry
dataset/rinry/u/030.wav,u,rinry
dataset/rinry/u/031.wav,u,rinry
dataset/rinry/u/032.wav,u,rinry
dataset/rinry/u/033.wav,u,rinry
dataset/rinry/u/034.wav,u,rinry
dataset/rinry/u/035.wav,u,rinry
dataset/rinry/wa/001.wav,wa,rinry
dataset/rinry/wa/002.wav,wa,rinry
dataset/rinry/wa/003.wav,wa,rinry
dataset/rinry/wa/004.wav,wa,rinry
dataset/rinry/wa/005.wav,wa,rinry
dataset/rinry/wa/006.wav,wa,rinry
dataset/rinry/wa/007.wav,wa,rinry
dataset/rinry/wa/008.wav,wa,rinry
dataset/rinry/wa/009.wav,wa,rinry
dataset/rinry/wa/010.wav,wa,rinry
dataset/rinry/wa/011.wav,wa,rinry
dataset/rinry/wa/012.wav,wa,rinry
dataset/rinry/wa/013.wav,wa,rinry
dataset/rinry/wa/014.wav,wa,rinry
dataset/rinry/wa/015.wav,wa,rinry
dataset/rinry/wa/016.wav,wa,rinry
dataset/rinry/wa/017.wav,wa,rinry
dataset/rinry/wa/018.wav,wa,rinry
dataset/rinry/wa/019.wav,wa,rinry
dataset/rinry/wa/020.wav,wa,rinry
dataset/rinry/wa/021.wav,wa,rinry
dataset/rinry/wa/022.wav,wa,rinry
dataset/rinry/wa/023.wav,wa,rinry
dataset/rinry/wa/024.wav,wa,rinry
dataset/rinry/wa/025.wav,wa,rinry
dataset/rinry/wa/026.wav,wa,rinry
dataset/rinry/wa/027.wav,wa,rinry
dataset/rinry/wa/028.wav,wa,rinry
dataset/rinry/wa/029.wav,wa,rinry
dataset/rinry/wa/030.wav,wa,rinry
dataset/rinry/wa/031.wav,wa,rinry
dataset/rinry/wa/032.wav,wa,rinry
dataset/rinry/wa/033.wav,wa,rinry
dataset/rinry/wa/034.wav,wa,rinry
dataset/rinry/wa/035.wav,wa,rinry
dataset/rinry/wo/001.wav,wo,rinry
dataset/rinry/wo/002.wav,wo,rinry
dataset/rinry/wo/003.wav,wo,rinry
dataset/rinry/wo/004.wav,wo,rinry
dataset/rinry/wo/005.wav,wo,rinry
dataset/rinry/wo/006.wav,wo,rinry
dataset/rinry/wo/007.wav,wo,rinry
dataset/rinry/wo/008.wav,wo,rinry
dataset/rinry/wo/009.wav,wo,rinry
dataset/rinry/wo/010.wav,wo,rinry
dataset/rinry/wo/011.wav,wo,rinry
dataset/rinry/wo/012.wav,wo,rinry
dataset/rinry/wo/013.wav,wo,rinry
dataset/rinry/wo/014.wav,wo,rinry
dataset/rinry/wo/015.wav,wo,rinry
dataset/rinry/wo/016.wav,wo,rinry
dataset/rinry/wo/017.wav,wo,rinry
dataset/rinry/wo/018.wav,wo,rinry
dataset/rinry/wo/019.wav,wo,rinry
dataset/rinry/wo/020.wav,wo,rinry
dataset/rinry/wo/021.wav,wo,rinry
dataset/rinry/wo/022.wav,wo,rinry
dataset/rinry/wo/023.wav,wo,rinry
dataset/rinry/wo/024.wav,wo,rinry
dataset/rinry/wo/025.wav,wo,rinry
dataset/rinry/wo/026.wav,wo,rinry
dataset/rinry/wo/027.wav,wo,rinry
dataset/rinry/wo/028.wav,wo,rinry
dataset/rinry/wo/029.wav,wo,rinry
dataset/rinry/wo/030.wav,wo,rinry
dataset/rinry/wo/031.wav,wo,rinry
dataset/rinry/wo/032.wav,wo,rinry
dataset/rinry/wo/033.wav,wo,rinry
dataset/rinry/wo/034.wav,wo,rinry
dataset/rinry/wo/035.wav,wo,rinry
dataset/rinry/ya/001.wav,ya,rinry
dataset/rinry/ya/002.wav,ya,rinry
dataset/rinry/ya/003.wav,ya,rinry
dataset/rinry/ya/004.wav,ya,rinry
dataset/rinry/ya/005.wav,ya,rinry
dataset/rinry/ya/006.wav,ya,rinry
dataset/rinry/ya/007.wav,ya,rinry
dataset/rinry/ya/008.wav,ya,rinry
dataset/rinry/ya/009.wav,ya,rinry
dataset/rinry/ya/010.wav,ya,rinry
dataset/rinry/ya/011.wav,ya,rinry
dataset/rinry/ya/012.wav,ya,rinry
dataset/rinry/ya/013.wav,ya,rinry
dataset/rinry/ya/014.wav,ya,rinry
dataset/rinry/ya/015.wav,ya,rinry
dataset/rinry/ya/016.wav,ya,rinry
dataset/rinry/ya/017.wav,ya,rinry
dataset/rinry/ya/018.wav,ya,rinry
dataset/rinry/ya/019.wav,ya,rinry
dataset/rinry/ya/020.wav,ya,rinry
dataset/rinry/ya/021.wav,ya,rinry
dataset/rinry/ya/022.wav,ya,rinry
dataset/rinry/ya/023.wav,ya,rinry
dataset/rinry/ya/024.wav,ya,rinry
dataset/rinry/ya/025.wav,ya,rinry
dataset/rinry/ya/026.wav,ya,rinry
dataset/rinry/ya/027.wav,ya,rinry
dataset/rinry/ya/028.wav,ya,rinry
dataset/rinry/ya/029.wav,ya,rinry
dataset/rinry/ya/030.wav,ya,rinry
dataset/rinry/ya/031.wav,ya,rinry
dataset/rinry/ya/032.wav,ya,rinry
dataset/rinry/ya/033.wav,ya,rinry
dataset/rinry/ya/034.wav,ya,rinry
dataset/rinry/ya/035.wav,ya,rinry
dataset/rinry/yo/001.wav,yo,rinry
dataset/rinry/yo/002.wav,yo,rinry
dataset/rinry/yo/003.wav,yo,rinry
dataset/rinry/yo/004.wav,yo,rinry
dataset/rinry/yo/005.wav,yo,rinry
dataset/rinry/yo/006.wav,yo,rinry
dataset/rinry/yo/007.wav,yo,rinry
dataset/rinry/yo/008.wav,yo,rinry
dataset/rinry/yo/009.wav,yo,rinry
dataset/rinry/yo/010.wav,yo,rinry
dataset/rinry/yo/011.wav,yo,rinry
dataset/rinry/yo/012.wav,yo,rinry
dataset/rinry/yo/013.wav,yo,rinry
dataset/rinry/yo/014.wav,yo,rinry
dataset/rinry/yo/015.wav,yo,rinry
dataset/rinry/yo/016.wav,yo,rinry
dataset/rinry/yo/017.wav,yo,rinry
dataset/rinry/yo/018.wav,yo,rinry
dataset/rinry/yo/019.wav,yo,rinry
dataset/rinry/yo/020.wav,yo,rinry
dataset/rinry/yo/021.wav,yo,rinry
dataset/rinry/yo/022.wav,yo,rinry
dataset/rinry/yo/023.wav,yo,rinry
dataset/rinry/yo/024.wav,yo,rinry
dataset/rinry/yo/025.wav,yo,rinry
dataset/rinry/yo/026.wav,yo,rinry
dataset/rinry/yo/027.wav,yo,rinry
dataset/rinry/yo/028.wav,yo,rinry
dataset/rinry/yo/029.wav,yo,rinry
dataset/rinry/yo/030.wav,yo,rinry
dataset/rinry/yo/031.wav,yo,rinry
dataset/rinry/yo/032.wav,yo,rinry
dataset/rinry/yo/033.wav,yo,rinry
dataset/rinry/yo/034.wav,yo,rinry
dataset/rinry/yo/035.wav,yo,rinry
dataset/rinry/yu/001.wav,yu,rinry
dataset/rinry/yu/002.wav,yu,rinry
dataset/rinry/yu/003.wav,yu,rinry
dataset/rinry/yu/004.wav,yu,rinry
dataset/rinry/yu/005.wav,yu,rinry
dataset/rinry/yu/006.wav,yu,rinry
dataset/rinry/yu/007.wav,yu,rinry
dataset/rinry/yu/008.wav,yu,rinry
dataset/rinry/yu/009.wav,yu,rinry
dataset/rinry/yu/010.wav,yu,rinry
dataset/rinry/yu/011.wav,yu,rinry
dataset/rinry/yu/012.wav,yu,rinry
dataset/rinry/yu/013.wav,yu,rinry
dataset/rinry/yu/014.wav,yu,rinry
dataset/rinry/yu/015.wav,yu,rinry
dataset/rinry/yu/016.wav,yu,rinry
dataset/rinry/yu/017.wav,yu,rinry
dataset/rinry/yu/018.wav,yu,rinry
dataset/rinry/yu/019.wav,yu,rinry
dataset/rinry/yu/020.wav,yu,rinry
dataset/rinry/yu/021.wav,yu,rinry
dataset/rinry/yu/022.wav,yu,rinry
dataset/rinry/yu/023.wav,yu,rinry
dataset/rinry/yu/024.wav,yu,rinry
dataset/rinry/yu/025.wav,yu,rinry
dataset/rinry/yu/026.wav,yu,rinry
dataset/rinry/yu/027.wav,yu,rinry
dataset/rinry/yu/028.wav,yu,rinry
dataset/rinry/yu/029.wav,yu,rinry
dataset/rinry/yu/030.wav,yu,rinry
dataset/rinry/yu/031.wav,yu,rinry
dataset/rinry/yu/032.wav,yu,rinry
dataset/rinry/yu/033.wav,yu,rinry
dataset/rinry/yu/034.wav,yu,rinry
dataset/rinry/yu/035.wav,yu,rinry
dataset/rinry/za/001.wav,za,rinry
dataset/rinry/za/002.wav,za,rinry
dataset/rinry/za/003.wav,za,rinry
dataset/rinry/za/004.wav,za,rinry
dataset/rinry/za/005.wav,za,rinry
dataset/rinry/za/006.wav,za,rinry
dataset/rinry/za/007.wav,za,rinry
dataset/rinry/za/008.wav,za,rinry
dataset/rinry/za/009.wav,za,rinry
dataset/rinry/za/010.wav,za,rinry
dataset/rinry/za/011.wav,za,rinry
dataset/rinry/za/012.wav,za,rinry
dataset/rinry/za/013.wav,za,rinry
dataset/rinry/za/014.wav,za,rinry
dataset/rinry/za/015.wav,za,rinry
dataset/rinry/za/016.wav,za,rinry
dataset/rinry/za/017.wav,za,rinry
dataset/rinry/za/018.wav,za,rinry
dataset/rinry/za/019.wav,za,rinry
dataset/rinry/za/020.wav,za,rinry
dataset/rinry/za/021.wav,za,rinry
dataset/rinry/za/022.wav,za,rinry
dataset/rinry/za/023.wav,za,rinry
dataset/rinry/za/024.wav,za,rinry
dataset/rinry/za/025.wav,za,rinry
dataset/rinry/za/026.wav,za,rinry
dataset/rinry/za/027.wav,za,rinry
dataset/rinry/za/028.wav,za,rinry
dataset/rinry/za/029.wav,za,rinry
dataset/rinry/za/030.wav,za,rinry
dataset/rinry/za/031.wav,za,rinry
dataset/rinry/za/032.wav,za,rinry
dataset/rinry/za/034.wav,za,rinry
dataset/rinry/za/035.wav,za,rinry
dataset/rinry/ze/001.wav,ze,rinry
dataset/rinry/ze/002.wav,ze,rinry
dataset/rinry/ze/003.wav,ze,rinry
dataset/rinry/ze/004.wav,ze,rinry
dataset/rinry/ze/005.wav,ze,rinry
dataset/rinry/ze/006.wav,ze,rinry
dataset/rinry/ze/007.wav,ze,rinry
dataset/rinry/ze/008.wav,ze,rinry
dataset/rinry/ze/009.wav,ze,rinry
dataset/rinry/ze/010.wav,ze,rinry
dataset/rinry/ze/011.wav,ze,rinry
dataset/rinry/ze/012.wav,ze,rinry
dataset/rinry/ze/013.wav,ze,rinry
dataset/rinry/ze/014.wav,ze,rinry
dataset/rinry/ze/015.wav,ze,rinry
dataset/rinry/ze/016.wav,ze,rinry
dataset/rinry/ze/017.wav,ze,rinry
dataset/rinry/ze/018.wav,ze,rinry
dataset/rinry/ze/019.wav,ze,rinry
dataset/rinry/ze/020.wav,ze,rinry
dataset/rinry/ze/021.wav,ze,rinry
dataset/rinry/ze/022.wav,ze,rinry
dataset/rinry/ze/023.wav,ze,rinry
dataset/rinry/ze/024.wav,ze,rinry
dataset/rinry/ze/025.wav,ze,rinry
dataset/rinry/ze/026.wav,ze,rinry
dataset/rinry/ze/027.wav,ze,rinry
dataset/rinry/ze/028.wav,ze,rinry
dataset/rinry/ze/029.wav,ze,rinry
dataset/rinry/ze/030.wav,ze,rinry
dataset/rinry/ze/031.wav,ze,rinry
dataset/rinry/ze/032.wav,ze,rinry
dataset/rinry/ze/033.wav,ze,rinry
dataset/rinry/ze/034.wav,ze,rinry
dataset/rinry/ze/035.wav,ze,rinry
dataset/rinry/zo/001.wav,zo,rinry
dataset/rinry/zo/002.wav,zo,rinry
dataset/rinry/zo/003.wav,zo,rinry
dataset/rinry/zo/004.wav,zo,rinry
dataset/rinry/zo/005.wav,zo,rinry
dataset/rinry/zo/006.wav,zo,rinry
dataset/rinry/zo/007.wav,zo,rinry
dataset/rinry/zo/008.wav,zo,rinry
dataset/rinry/zo/009.wav,zo,rinry
dataset/rinry/zo/010.wav,zo,rinry
dataset/rinry/zo/011.wav,zo,rinry
dataset/rinry/zo/012.wav,zo,rinry
dataset/rinry/zo/013.wav,zo,rinry
dataset/rinry/zo/014.wav,zo,rinry
dataset/rinry/zo/015.wav,zo,rinry
dataset/rinry/zo/016.wav,zo,rinry
dataset/rinry/zo/017.wav,zo,rinry
dataset/rinry/zo/018.wav,zo,rinry
dataset/rinry/zo/019.wav,zo,rinry
dataset/rinry/zo/020.wav,zo,rinry
dataset/rinry/zo/021.wav,zo,rinry
dataset/rinry/zo/022.wav,zo,rinry
dataset/rinry/zo/023.wav,zo,rinry
dataset/rinry/zo/024.wav,zo,rinry
dataset/rinry/zo/025.wav,zo,rinry
dataset/rinry/zo/026.wav,zo,rinry
dataset/rinry/zo/027.wav,zo,rinry
dataset/rinry/zo/028.wav,zo,rinry
dataset/rinry/zo/029.wav,zo,rinry
dataset/rinry/zo/030.wav,zo,rinry
dataset/rinry/zo/031.wav,zo,rinry
dataset/rinry/zo/032.wav,zo,rinry
dataset/rinry/zo/033.wav,zo,rinry
dataset/rinry/zo/034.wav,zo,rinry
dataset/rinry/zo/035.wav,zo,rinry
dataset/rinry/zu/001.wav,zu,rinry
dataset/rinry/zu/002.wav,zu,rinry
dataset/rinry/zu/003.wav,zu,rinry
dataset/rinry/zu/004.wav,zu,rinry
dataset/rinry/zu/005.wav,zu,rinry
dataset/rinry/zu/006.wav,zu,rinry
dataset/rinry/zu/007.wav,zu,rinry
dataset/rinry/zu/008.wav,zu,rinry
dataset/rinry/zu/009.wav,zu,rinry
dataset/rinry/zu/010.wav,zu,rinry
dataset/rinry/zu/011.wav,zu,rinry
dataset/rinry/zu/012.wav,zu,rinry
dataset/rinry/zu/013.wav,zu,rinry
dataset/rinry/zu/014.wav,zu,rinry
dataset/rinry/zu/015.wav,zu,rinry
dataset/rinry/zu/016.wav,zu,rinry
dataset/rinry/zu/017.wav,zu,rinry
dataset/rinry/zu/018.wav,zu,rinry
dataset/rinry/zu/019.wav,zu,rinry
dataset/rinry/zu/020.wav,zu,rinry
dataset/rinry/zu/021.wav,zu,rinry
dataset/rinry/zu/022.wav,zu,rinry
dataset/rinry/zu/023.wav,zu,rinry
dataset/rinry/zu/024.wav,zu,rinry
dataset/rinry/zu/025.wav,zu,rinry
dataset/rinry/zu/026.wav,zu,rinry
dataset/rinry/zu/027.wav,zu,rinry
dataset/rinry/zu/028.wav,zu,rinry
dataset/rinry/zu/029.wav,zu,rinry
dataset/rinry/zu/030.wav,zu,rinry
dataset/rinry/zu/031.wav,zu,rinry
dataset/rinry/zu/032.wav,zu,rinry
dataset/rinry/zu/033.wav,zu,rinry
dataset/rinry/zu/034.wav,zu,rinry
dataset/rinry/zu/035.wav,zu,rinry
dataset/ryu/a/001.wav,a,ryu
dataset/ryu/a/002.wav,a,ryu
dataset/ryu/a/003.wav,a,ryu
dataset/ryu/a/004.wav,a,ryu
dataset/ryu/a/005.wav,a,ryu
dataset/ryu/a/006.wav,a,ryu
dataset/ryu/a/007.wav,a,ryu
dataset/ryu/a/008.wav,a,ryu
dataset/ryu/a/009.wav,a,ryu
dataset/ryu/a/010.wav,a,ryu
dataset/ryu/e/001.wav,e,ryu
dataset/ryu/e/002.wav,e,ryu
dataset/ryu/e/003.wav,e,ryu
dataset/ryu/e/004.wav,e,ryu
dataset/ryu/e/005.wav,e,ryu
dataset/ryu/e/006.wav,e,ryu
dataset/ryu/e/007.wav,e,ryu
dataset/ryu/e/008.wav,e,ryu
dataset/ryu/e/009.wav,e,ryu
dataset/ryu/e/010.wav,e,ryu
dataset/ryu/i/001.wav,i,ryu
dataset/ryu/i/002.wav,i,ryu
dataset/ryu/i/003.wav,i,ryu
dataset/ryu/i/004.wav,i,ryu
dataset/ryu/i/005.wav,i,ryu
dataset/ryu/i/006.wav,i,ryu
dataset/ryu/i/007.wav,i,ryu
dataset/ryu/i/008.wav,i,ryu
dataset/ryu/i/009.wav,i,ryu
dataset/ryu/i/010.wav,i,ryu
dataset/ryu/o/001.wav,o,ryu
dataset/ryu/o/002.wav,o,ryu
dataset/ryu/o/003.wav,o,ryu
dataset/ryu/o/004.wav,o,ryu
dataset/ryu/o/005.wav,o,ryu
dataset/ryu/o/006.wav,o,ryu
dataset/ryu/o/007.wav,o,ryu
dataset/ryu/o/008.wav,o,ryu
dataset/ryu/o/009.wav,o,ryu
dataset/ryu/o/010.wav,o,ryu
dataset/ryu/u/001.wav,u,ryu
dataset/ryu/u/002.wav,u,ryu
dataset/ryu/u/003.wav,u,ryu
dataset/ryu/u/004.wav,u,ryu
dataset/ryu/u/005.wav,u,ryu
dataset/ryu/u/007.wav,u,ryu
dataset/ryu/u/008.wav,u,ryu
dataset/ryu/u/009.wav,u,ryu
dataset/ryu/u/010.wav,u,ryu
